token,symbol,name,exch,instrument_type,lot_size,tick_size,updated_at
543151,08ABB,08ABB,BSE,,1,0.01,2026-07-05 08:48:17.051738+00
543170,08ADD,08ADD,BSE,,1,0.01,2026-07-05 08:48:17.051738+00
543145,08ADR,08ADR,BSE,,1,0.01,2026-07-05 08:48:17.051738+00
543153,08AGG,08AGG,BSE,,1,0.01,2026-07-05 08:48:17.051738+00
543147,08AMD,08AMD,BSE,,1,0.01,2026-07-05 08:48:17.051738+00
543148,08AMR,08AMR,BSE,,1,0.01,2026-07-05 08:48:17.051738+00
543155,08AQD,08AQD,BSE,,1,0.01,2026-07-05 08:48:17.051738+00
543168,08AQR,08AQR,BSE,,1,0.01,2026-07-05 08:48:17.051738+00
543149,08BPB,08BPB,BSE,,1,0.01,2026-07-05 08:48:17.051738+00
543156,08DPD,08DPD,BSE,,1,0.01,2026-07-05 08:48:17.051738+00
543169,08DPR,08DPR,BSE,,1,0.01,2026-07-05 08:48:17.051738+00
543150,08GPG,08GPG,BSE,,1,0.01,2026-07-05 08:48:17.051738+00
543144,08MPD,08MPD,BSE,,1,0.01,2026-07-05 08:48:17.051738+00
543146,08MPR,08MPR,BSE,,1,0.01,2026-07-05 08:48:17.051738+00
543152,08QPD,08QPD,BSE,,1,0.01,2026-07-05 08:48:17.051738+00
543154,08QPR,08QPR,BSE,,1,0.05,2026-07-05 08:48:17.051738+00
543179,11ADD,11ADD,BSE,,1,0.01,2026-07-05 08:48:17.051738+00
543180,11ADR,11ADR,BSE,,1,0.01,2026-07-05 08:48:17.051738+00
543181,11AGG,11AGG,BSE,,1,0.01,2026-07-05 08:48:17.051738+00
543182,11AMD,11AMD,BSE,,1,0.01,2026-07-05 08:48:17.051738+00
543183,11AMR,11AMR,BSE,,1,0.01,2026-07-05 08:48:17.051738+00
543184,11AQD,11AQD,BSE,,1,0.01,2026-07-05 08:48:17.051738+00
543185,11AQR,11AQR,BSE,,1,0.01,2026-07-05 08:48:17.051738+00
543186,11DPD,11DPD,BSE,,1,0.01,2026-07-05 08:48:17.051738+00
543173,11DPR,11DPR,BSE,,1,0.01,2026-07-05 08:48:17.051738+00
543174,11GPG,11GPG,BSE,,1,0.01,2026-07-05 08:48:17.051738+00
543175,11MPD,11MPD,BSE,,1,0.01,2026-07-05 08:48:17.051738+00
543176,11MPR,11MPR,BSE,,1,0.01,2026-07-05 08:48:17.051738+00
543177,11QPD,11QPD,BSE,,1,0.01,2026-07-05 08:48:17.051738+00
543178,11QPR,11QPR,BSE,,1,0.01,2026-07-05 08:48:17.051738+00
511122,1STCUS,1STCUS,BSE,,1,0.01,2026-07-05 08:48:17.051738+00
533022,20MICRONS,20MICRONS,BSE,,1,0.05,2026-07-05 08:48:17.051738+00
526921,21STCENMGM,21STCENMGM,BSE,,1,0.01,2026-07-05 08:48:17.051738+00
542772,360ONE,360ONE,BSE,,1,0.05,2026-07-05 08:48:17.051738+00
532067,3BBLACKBIO,3BBLACKBIO,BSE,,1,0.05,2026-07-05 08:48:17.051738+00
544412,3BFILMS,3BFILMS,BSE,,3000,0.01,2026-07-05 08:48:17.051738+00
544190,3CIT,3CIT,BSE,,2000,0.01,2026-07-05 08:48:17.051738+00
532628,3IINFOLTD,3IINFOLTD,BSE,,1,0.01,2026-07-05 08:48:17.051738+00
523395,3MINDIA,3MINDIA,BSE,,1,0.05,2026-07-05 08:48:17.051738+00
516092,3PLAND,3PLAND,BSE,,1,0.01,2026-07-05 08:48:17.051738+00
540776,5PAISA,5PAISA,BSE,,1,0.05,2026-07-05 08:48:17.051738+00
526881,63MOONS,63MOONS,BSE,,1,0.05,2026-07-05 08:48:17.051738+00
540615,7NR,7NR,BSE,,1,0.01,2026-07-05 08:48:17.051738+00
540874,7SEASL,7SEASL,BSE,,1,0.01,2026-07-05 08:48:17.051738+00
532404,7TEC,7TEC,BSE,,1,0.01,2026-07-05 08:48:17.051738+00
542012,A1L,A1L,BSE,,1,0.01,2026-07-05 08:48:17.051738+00
533292,A2ZINFRA,A2ZINFRA,BSE,,1,0.01,2026-07-05 08:48:17.051738+00
543671,AAATECH,AAATECH,BSE,,1,0.01,2026-07-05 08:48:17.051738+00
544176,AADHARHFC,AADHARHFC,BSE,,1,0.05,2026-07-05 08:48:17.051738+00
530027,AADIIND,AADIIND,BSE,,1,0.01,2026-07-05 08:48:17.051738+00
530621,AAIL,AAIL,BSE,,1,0.01,2026-07-05 08:48:17.051738+00
538812,AANCHALISP,AANCHALISP,BSE,,1,0.05,2026-07-05 08:48:17.051738+00
543319,AAPLUSTRAD,AAPLUSTRAD,BSE,,80000,0.01,2026-07-05 08:48:17.051738+00
532024,AARCON,AARCON,BSE,,100,0.01,2026-07-05 08:48:17.051738+00
524412,AAREYDRUGS,AAREYDRUGS,BSE,,1,0.01,2026-07-05 08:48:17.051738+00
539562,AARNAV,AARNAV,BSE,,1,0.01,2026-07-05 08:48:17.051738+00
542377,AARSHYAM,AARSHYAM,BSE,,1,0.01,2026-07-05 08:48:17.051738+00
542580,AARTECH,AARTECH,BSE,,1,0.01,2026-07-05 08:48:17.051738+00
524348,AARTIDRUGS,AARTIDRUGS,BSE,,1,0.05,2026-07-05 08:48:17.051738+00
524208,AARTIIND,AARTIIND,BSE,,1,0.05,2026-07-05 08:48:17.051738+00
543748,AARTIPHARM,AARTIPHARM,BSE,,1,0.05,2026-07-05 08:48:17.051738+00
543210,AARTISURF,AARTISURF,BSE,,1,0.05,2026-07-05 08:48:17.051738+00
543346,AASHKA,AASHKA,BSE,,1000,0.01,2026-07-05 08:48:17.051738+00
511764,AASTAFIN,AASTAFIN,BSE,,1,0.01,2026-07-05 08:48:17.051738+00
541988,AAVAS,AAVAS,BSE,,1,0.05,2026-07-05 08:48:17.051738+00
539528,AAYUSH,AAYUSH,BSE,,1,0.01,2026-07-05 08:48:17.051738+00
540718,AAYUSHBULL,AAYUSHBULL,BSE,,125,0.05,2026-07-05 08:48:17.051738+00
523204,ABAN,ABAN,BSE,,1,0.01,2026-07-05 08:48:17.051738+00
512165,ABANSENT,ABANSENT,BSE,,1,0.01,2026-07-05 08:48:17.051738+00
531658,ABATEAS,ABATEAS,BSE,,1,0.01,2026-07-05 08:48:17.051738+00
500002,ABB,ABB,BSE,,1,0.05,2026-07-05 08:48:17.051738+00
500488,ABBOTINDIA,ABBOTINDIA,BSE,,1,0.05,2026-07-05 08:48:17.051738+00
540691,ABCAPITAL,ABCAPITAL,BSE,,1,0.05,2026-07-05 08:48:17.051738+00
520123,ABCINDQ,ABCINDQ,BSE,,1,0.01,2026-07-05 08:48:17.051738+00
544522,ABCOTS,ABCOTS,BSE,,1,0.05,2026-07-05 08:48:17.051738+00
544203,ABDL,ABDL,BSE,,1,0.05,2026-07-05 08:48:17.051738+00
535755,ABFRL,ABFRL,BSE,,1,0.01,2026-07-05 08:48:17.051738+00
532057,ABHICAP,ABHICAP,BSE,,1,0.05,2026-07-05 08:48:17.051738+00
538935,ABHIFIN,ABHIFIN,BSE,,1,0.01,2026-07-05 08:48:17.051738+00
539544,ABHIINFRA,ABHIINFRA,BSE,,1,0.01,2026-07-05 08:48:17.051738+00
544281,ABINFRA,ABINFRA,BSE,,1,0.01,2026-07-05 08:48:17.051738+00
511756,ABIRAFN,ABIRAFN,BSE,,1,0.01,2026-07-05 08:48:17.051738+00
544403,ABLBL,ABLBL,BSE,,1,0.01,2026-07-05 08:48:17.051738+00
531161,ABMKNO,ABMKNO,BSE,,1,0.05,2026-07-05 08:48:17.051738+00
500040,ABREL,ABREL,BSE,,1,0.05,2026-07-05 08:48:17.051738+00
544422,ABRFL,ABRFL,BSE,,1200,0.01,2026-07-05 08:48:17.051738+00
544500,ABRIL,ABRIL,BSE,,2000,0.01,2026-07-05 08:48:17.051738+00
544719,ABSL10BANK,ABSL10BANK,BSE,,1,0.01,2026-07-05 08:48:17.051738+00
543374,ABSLAMC,ABSLAMC,BSE,,1,0.05,2026-07-05 08:48:17.051738+00
542863,ABSLBANETF,ABSLBANETF,BSE,,1,0.01,2026-07-05 08:48:17.051738+00
544706,ABSLMSCIN,ABSLMSCIN,BSE,,1,0.01,2026-07-05 08:48:17.051738+00
542230,ABSLNN50ET,ABSLNN50ET,BSE,,1,0.01,2026-07-05 08:48:17.051738+00
544218,ABSLPSE,ABSLPSE,BSE,,1,0.01,2026-07-05 08:48:17.051738+00
530881,ABVL,ABVL,BSE,,1,0.01,2026-07-05 08:48:17.051738+00
500410,ACC,ACC,BSE,,1,0.05,2026-07-05 08:48:17.051738+00
531533,ACCEDERE,ACCEDERE,BSE,,1,0.01,2026-07-05 08:48:17.051738+00
517494,ACCEL,ACCEL,BSE,,1,0.01,2026-07-05 08:48:17.051738+00
543938,ACCELERATE,ACCELERATE,BSE,,640,0.01,2026-07-05 08:48:17.051738+00
532268,ACCELYA,ACCELYA,BSE,,1,0.05,2026-07-05 08:48:17.051738+00
544710,ACCORDTS,ACCORDTS,BSE,,3000,0.01,2026-07-05 08:48:17.051738+00
544598,ACCURACY,ACCURACY,BSE,,1,0.01,2026-07-05 08:48:17.051738+00
532762,ACE,ACE,BSE,,1,0.05,2026-07-05 08:48:17.051738+00
544431,ACEALPHA,ACEALPHA,BSE,,1000,0.05,2026-07-05 08:48:17.051738+00
530093,ACEEDU,ACEEDU,BSE,,1,0.01,2026-07-05 08:48:17.051738+00
539661,ACEMEN,ACEMEN,BSE,,1,0.01,2026-07-05 08:48:17.051738+00
890230,ACESEPP,ACESEPP,BSE,,1,0.01,2026-07-05 08:48:17.051738+00
531525,ACESOFT,ACESOFT,BSE,,1,0.05,2026-07-05 08:48:17.051738+00
541133,ACFL,ACFL,BSE,,1,0.01,2026-07-05 08:48:17.051738+00
536737,ACFSL,ACFSL,BSE,,1200,0.01,2026-07-05 08:48:17.051738+00
505036,ACGL,ACGL,BSE,,1,0.05,2026-07-05 08:48:17.051738+00
543499,ACHYUT,ACHYUT,BSE,,1,0.01,2026-07-05 08:48:17.051738+00
543657,ACI,ACI,BSE,,1,0.05,2026-07-05 08:48:17.051738+00
517356,ACIIN,ACIIN,BSE,,1,0.01,2026-07-05 08:48:17.051738+00
530043,ACKNIT,ACKNIT,BSE,,1,0.05,2026-07-05 08:48:17.051738+00
532141,ACL,ACL,BSE,,1,0.01,2026-07-05 08:48:17.051738+00
544213,ACLD,ACLD,BSE,,600,0.05,2026-07-05 08:48:17.051738+00
539391,ACME,ACME,BSE,,1,0.01,2026-07-05 08:48:17.051738+00
544283,ACMESOLAR,ACMESOLAR,BSE,,1,0.05,2026-07-05 08:48:17.051738+00
540146,ACML,ACML,BSE,,1000,0.01,2026-07-05 08:48:17.051738+00
513149,ACROW,ACROW,BSE,,1,0.05,2026-07-05 08:48:17.051738+00
530745,ACSTECH,ACSTECH,BSE,,1,0.01,2026-07-05 08:48:17.051738+00
541144,ACTIVE,ACTIVE,BSE,,1,0.05,2026-07-05 08:48:17.051738+00
543349,ACUTAAS,ACUTAAS,BSE,,1,0.05,2026-07-05 08:48:17.051738+00
539254,ADANIENSOL,ADANIENSOL,BSE,,1,0.05,2026-07-05 08:48:17.051738+00
512599,ADANIENT,ADANIENT,BSE,,1,0.05,2026-07-05 08:48:17.051738+00
541450,ADANIGREEN,ADANIGREEN,BSE,,1,0.05,2026-07-05 08:48:17.051738+00
532921,ADANIPORTS,ADANIPORTS,BSE,,1,0.05,2026-07-05 08:48:17.051738+00
533096,ADANIPOWER,ADANIPOWER,BSE,,1,0.05,2026-07-05 08:48:17.051738+00
526711,ADARSHPL,ADARSHPL,BSE,,1,0.01,2026-07-05 08:48:17.051738+00
523411,ADCINDIA,ADCINDIA,BSE,,1,0.05,2026-07-05 08:48:17.051738+00
539506,ADCON,ADCON,BSE,,1,0.01,2026-07-05 08:48:17.051738+00
544435,ADCOUNTY,ADCOUNTY,BSE,,800,0.01,2026-07-05 08:48:17.051738+00
507852,ADDIND,ADDIND,BSE,,1,0.01,2026-07-05 08:48:17.051738+00
543309,ADESHWAR,ADESHWAR,BSE,,6000,0.01,2026-07-05 08:48:17.051738+00
519183,ADFFOODS,ADFFOODS,BSE,,1,0.05,2026-07-05 08:48:17.051738+00
539189,ADHBHUTIN,ADHBHUTIN,BSE,,1,0.01,2026-07-05 08:48:17.051738+00
531286,ADHHATA,ADHHATA,BSE,,1,0.01,2026-07-05 08:48:17.051738+00
514113,ADINATH,ADINATH,BSE,,1,0.01,2026-07-05 08:48:17.051738+00
543377,ADISHAKTI,ADISHAKTI,BSE,,10000,0.01,2026-07-05 08:48:17.051738+00
513513,ADITYA,ADITYA,BSE,,1,0.01,2026-07-05 08:48:17.051738+00
521141,ADITYASP,ADITYASP,BSE,,1,0.01,2026-07-05 08:48:17.051738+00
543231,ADL,ADL,BSE,,1,0.01,2026-07-05 08:48:17.051738+00
524604,ADLINE,ADLINE,BSE,,100,0.01,2026-07-05 08:48:17.051738+00
544669,ADMACH,ADMACH,BSE,,600,0.05,2026-07-05 08:48:17.051738+00
511359,ADMANUM,ADMANUM,BSE,,1,0.01,2026-07-05 08:48:17.051738+00
517041,ADOR,ADOR,BSE,,1,0.05,2026-07-05 08:48:17.051738+00
532172,ADROITINFO,ADROITINFO,BSE,,1,0.01,2026-07-05 08:48:17.051738+00
523031,ADSDIAG,ADSDIAG,BSE,,100,0.01,2026-07-05 08:48:17.051738+00
532875,ADSL,ADSL,BSE,,1,0.05,2026-07-05 08:48:17.051738+00
544185,ADTECH,ADTECH,BSE,,1,0.01,2026-07-05 08:48:17.051738+00
543230,ADVAIT,ADVAIT,BSE,,1,0.05,2026-07-05 08:48:17.051738+00
544562,ADVANCE,ADVANCE,BSE,,1,0.05,2026-07-05 08:48:17.051738+00
523269,ADVANIHOTR,ADVANIHOTR,BSE,,1,0.01,2026-07-05 08:48:17.051738+00
544446,ADVENTHTL,ADVENTHTL,BSE,,1,0.05,2026-07-05 08:48:17.051738+00
540025,ADVENZYMES,ADVENZYMES,BSE,,1,0.05,2026-07-05 08:48:17.051738+00
539773,ADVIKCA,ADVIKCA,BSE,,1,0.01,2026-07-05 08:48:17.051738+00
521048,ADVLIFE,ADVLIFE,BSE,,1,0.01,2026-07-05 08:48:17.051738+00
526331,ADVMULT,ADVMULT,BSE,,1,0.01,2026-07-05 08:48:17.051738+00
506947,ADVPETR-B,ADVPETR-B,BSE,,1,0.05,2026-07-05 08:48:17.051738+00
500003,AEGISLOG,AEGISLOG,BSE,,1,0.05,2026-07-05 08:48:17.051738+00
544407,AEGISVOPAK,AEGISVOPAK,BSE,,1,0.05,2026-07-05 08:48:17.051738+00
526443,AEIM,AEIM,BSE,,1,0.05,2026-07-05 08:48:17.051738+00
539196,AEL,AEL,BSE,,1,0.05,2026-07-05 08:48:17.051738+00
524594,AEONXDIGI,AEONXDIGI,BSE,,1,0.05,2026-07-05 08:48:17.051738+00
542670,AEPL,AEPL,BSE,,1,0.01,2026-07-05 08:48:17.051738+00
544634,AEQUS,AEQUS,BSE,,1,0.05,2026-07-05 08:48:17.051738+00
511076,AEROENTER,AEROENTER,BSE,,1,0.05,2026-07-05 08:48:17.051738+00
543972,AEROFLEX,AEROFLEX,BSE,,1,0.05,2026-07-05 08:48:17.051738+00
543743,AERONEU,AERONEU,BSE,,1,0.05,2026-07-05 08:48:17.051738+00
534733,AERPACE,AERPACE,BSE,,1,0.01,2026-07-05 08:48:17.051738+00
543534,AETHER,AETHER,BSE,,1,0.05,2026-07-05 08:48:17.051738+00
544224,AFCOM,AFCOM,BSE,,120,0.05,2026-07-05 08:48:17.051738+00
544280,AFCONS,AFCONS,BSE,,1,0.05,2026-07-05 08:48:17.051738+00
538351,AFEL,AFEL,BSE,,1,0.01,2026-07-05 08:48:17.051738+00
542752,AFFLE,AFFLE,BSE,,1,0.05,2026-07-05 08:48:17.051738+00
541402,AFFORDABLE,AFFORDABLE,BSE,,1,0.05,2026-07-05 08:48:17.051738+00
544200,AFIL,AFIL,BSE,,1,0.01,2026-07-05 08:48:17.051738+00
544767,AFLTD,AFLTD,BSE,,3000,0.01,2026-07-05 08:48:17.051738+00
543712,AFSL,AFSL,BSE,,1,0.05,2026-07-05 08:48:17.051738+00
531921,AGARIND,AGARIND,BSE,,1,0.05,2026-07-05 08:48:17.051738+00
530765,AGARWAL,AGARWAL,BSE,,1,0.01,2026-07-05 08:48:17.051738+00
544350,AGARWALEYE,AGARWALEYE,BSE,,1,0.05,2026-07-05 08:48:17.051738+00
500187,AGI,AGI,BSE,,1,0.05,2026-07-05 08:48:17.051738+00
539042,AGIIL,AGIIL,BSE,,1,0.05,2026-07-05 08:48:17.051738+00
516020,AGIOPAPER,AGIOPAPER,BSE,,1,0.01,2026-07-05 08:48:17.051738+00
544602,AGL,AGL,BSE,,1,0.01,2026-07-05 08:48:17.051738+00
542579,AGOL,AGOL,BSE,,1,0.01,2026-07-05 08:48:17.051738+00
539546,AGRIBIO,AGRIBIO,BSE,,1,0.05,2026-07-05 08:48:17.051738+00
537292,AGRITECH,AGRITECH,BSE,,1,0.05,2026-07-05 08:48:17.051738+00
506579,AGVENTURES,AGVENTURES,BSE,,1,0.05,2026-07-05 08:48:17.051738+00
543941,AHASOLAR,AHASOLAR,BSE,,400,0.01,2026-07-05 08:48:17.051738+00
544497,AHCL,AHCL,BSE,,1,0.01,2026-07-05 08:48:17.051738+00
533227,AHLEAST,AHLEAST,BSE,,1,0.05,2026-07-05 08:48:17.051738+00
532811,AHLUCONT,AHLUCONT,BSE,,1,0.05,2026-07-05 08:48:17.051738+00
533221,AHLWEST,AHLWEST,BSE,,1,0.05,2026-07-05 08:48:17.051738+00
522273,AHMDSTE,AHMDSTE,BSE,,1,0.05,2026-07-05 08:48:17.051738+00
532683,AIAENG,AIAENG,BSE,,1,0.05,2026-07-05 08:48:17.051738+00
532806,AICHAMP,AICHAMP,BSE,,1,0.01,2026-07-05 08:48:17.051738+00
542524,AIHL,AIHL,BSE,,1,0.01,2026-07-05 08:48:17.051738+00
539177,AIIL,AIIL,BSE,,1,0.05,2026-07-05 08:48:17.051738+00
544072,AIKPIPES,AIKPIPES,BSE,,800,0.01,2026-07-05 08:48:17.051738+00
524288,AIMCOPEST,AIMCOPEST,BSE,,1,0.01,2026-07-05 08:48:17.051738+00
534064,AIML,AIML,BSE,,1,0.01,2026-07-05 08:48:17.051738+00
543811,AIRAN,AIRAN,BSE,,1,0.01,2026-07-05 08:48:17.051738+00
544516,AIRFLOA,AIRFLOA,BSE,,500,0.05,2026-07-05 08:48:17.051738+00
532331,AJANTPHARM,AJANTPHARM,BSE,,1,0.05,2026-07-05 08:48:17.051738+00
519216,AJANTSOY,AJANTSOY,BSE,,1,0.01,2026-07-05 08:48:17.051738+00
544356,AJAXENGG,AJAXENGG,BSE,,1,0.05,2026-07-05 08:48:17.051738+00
544425,AJCJEWEL,AJCJEWEL,BSE,,1200,0.01,2026-07-05 08:48:17.051738+00
511692,AJCON,AJCON,BSE,,1,0.01,2026-07-05 08:48:17.051738+00
513349,AJMERA,AJMERA,BSE,,1,0.05,2026-07-05 08:48:17.051738+00
526628,AJWAFUN,AJWAFUN,BSE,,100,0.01,2026-07-05 08:48:17.051738+00
530499,AKCAPIT,AKCAPIT,BSE,,1,0.05,2026-07-05 08:48:17.051738+00
542020,AKI,AKI,BSE,,1,0.01,2026-07-05 08:48:17.051738+00
541303,AKSHAR,AKSHAR,BSE,,1,0.01,2026-07-05 08:48:17.051738+00
524598,AKSHARCHEM,AKSHARCHEM,BSE,,1,0.05,2026-07-05 08:48:17.051738+00
532351,AKSHOPTFBR,AKSHOPTFBR,BSE,,1,0.01,2026-07-05 08:48:17.051738+00
544222,AKUMS,AKUMS,BSE,,1,0.05,2026-07-05 08:48:17.051738+00
531082,ALANKIT,ALANKIT,BSE,,1,0.01,2026-07-05 08:48:17.051738+00
539115,ALANSCOTT,ALANSCOTT,BSE,,1,0.05,2026-07-05 08:48:17.051738+00
524075,ALBERTDAVD,ALBERTDAVD,BSE,,1,0.05,2026-07-05 08:48:17.051738+00
506235,ALEMBICLTD,ALEMBICLTD,BSE,,1,0.01,2026-07-05 08:48:17.051738+00
511463,ALEXANDER,ALEXANDER,BSE,,1,0.01,2026-07-05 08:48:17.051738+00
530973,ALFAICA,ALFAICA,BSE,,1,0.01,2026-07-05 08:48:17.051738+00
517546,ALFATRAN,ALFATRAN,BSE,,1,0.01,2026-07-05 08:48:17.051738+00
531156,ALFAVIO,ALFAVIO,BSE,,1,0.01,2026-07-05 08:48:17.051738+00
538952,ALFL,ALFL,BSE,,1,0.01,2026-07-05 08:48:17.051738+00
505216,ALFREDHE,ALFREDHE,BSE,,1,0.05,2026-07-05 08:48:17.051738+00
505725,ALGOQUANT,ALGOQUANT,BSE,,1,0.01,2026-07-05 08:48:17.051738+00
531147,ALICON,ALICON,BSE,,1,0.05,2026-07-05 08:48:17.051738+00
543322,ALIVUS,ALIVUS,BSE,,1,0.05,2026-07-05 08:48:17.051738+00
533029,ALKALI,ALKALI,BSE,,1,0.01,2026-07-05 08:48:17.051738+00
539523,ALKEM,ALKEM,BSE,,1,0.05,2026-07-05 08:48:17.051738+00
543453,ALKOSIGN,ALKOSIGN,BSE,,1125,0.01,2026-07-05 08:48:17.051738+00
506767,ALKYLAMINE,ALKYLAMINE,BSE,,1,0.05,2026-07-05 08:48:17.051738+00
532749,ALLCARGO,ALLCARGO,BSE,,1,0.01,2026-07-05 08:48:17.051738+00
532633,ALLDIGI,ALLDIGI,BSE,,1,0.05,2026-07-05 08:48:17.051738+00
544479,ALLTIME,ALLTIME,BSE,,1,0.05,2026-07-05 08:48:17.051738+00
531400,ALMONDZ,ALMONDZ,BSE,,1,0.01,2026-07-05 08:48:17.051738+00
506120,ALNATRD,ALNATRD,BSE,,50,0.01,2026-07-05 08:48:17.051738+00
521070,ALOKINDS,ALOKINDS,BSE,,1,0.01,2026-07-05 08:48:17.051738+00
532878,ALPA,ALPA,BSE,,1,0.01,2026-07-05 08:48:17.051738+00
590154,ALPHA,ALPHA,BSE,,1,0.01,2026-07-05 08:48:17.051738+00
544007,ALPHAETF,ALPHAETF,BSE,,1,0.01,2026-07-05 08:48:17.051738+00
526397,ALPHAGEO,ALPHAGEO,BSE,,1,0.05,2026-07-05 08:48:17.051738+00
543937,ALPHAIND,ALPHAIND,BSE,,600,0.05,2026-07-05 08:48:17.051738+00
542770,ALPHALOGIC,ALPHALOGIC,BSE,,1,0.01,2026-07-05 08:48:17.051738+00
526519,ALPINEHOU,ALPINEHOU,BSE,,1,0.01,2026-07-05 08:48:17.051738+00
543219,ALPL30IETF,ALPL30IETF,BSE,,1,0.01,2026-07-05 08:48:17.051738+00
535916,ALSL,ALSL,BSE,,1,0.01,2026-07-05 08:48:17.051738+00
524634,ALUFLUOR,ALUFLUOR,BSE,,1,0.05,2026-07-05 08:48:17.051738+00
544679,AMAGI,AMAGI,BSE,,1,0.05,2026-07-05 08:48:17.051738+00
506597,AMAL,AMAL,BSE,,1,0.05,2026-07-05 08:48:17.051738+00
501622,AMALGAM,AMALGAM,BSE,,1,0.01,2026-07-05 08:48:17.051738+00
543804,AMANAYA,AMANAYA,BSE,,6000,0.01,2026-07-05 08:48:17.051738+00
544502,AMANTA,AMANTA,BSE,,1,0.05,2026-07-05 08:48:17.051738+00
521097,AMARJOTHI,AMARJOTHI,BSE,,1,0.05,2026-07-05 08:48:17.051738+00
538863,AMARNATH,AMARNATH,BSE,,1,0.01,2026-07-05 08:48:17.051738+00
538465,AMARSEC,AMARSEC,BSE,,1,0.01,2026-07-05 08:48:17.051738+00
500009,AMBALALSA,AMBALALSA,BSE,,1,0.01,2026-07-05 08:48:17.051738+00
519471,AMBARPIL,AMBARPIL,BSE,,1,0.05,2026-07-05 08:48:17.051738+00
540902,AMBER,AMBER,BSE,,1,0.05,2026-07-05 08:48:17.051738+00
532335,AMBICAAGAR,AMBICAAGAR,BSE,,1,0.01,2026-07-05 08:48:17.051738+00
531978,AMBIKCO,AMBIKCO,BSE,,1,0.05,2026-07-05 08:48:17.051738+00
526439,AMBIT,AMBIT,BSE,,1,0.01,2026-07-05 08:48:17.051738+00
543678,AMBOAGRI,AMBOAGRI,BSE,,1000,0.01,2026-07-05 08:48:17.051738+00
500425,AMBUJACEM,AMBUJACEM,BSE,,1,0.05,2026-07-05 08:48:17.051738+00
530133,AMCOIND,AMCOIND,BSE,,1,0.01,2026-07-05 08:48:17.051738+00
532828,AMDIND,AMDIND,BSE,,1,0.01,2026-07-05 08:48:17.051738+00
544555,AMEENJI,AMEENJI,BSE,,1200,0.05,2026-07-05 08:48:17.051738+00
531681,AMERISE,AMERISE,BSE,,1,0.01,2026-07-05 08:48:17.051738+00
513117,AMFORG,AMFORG,BSE,,1,0.01,2026-07-05 08:48:17.051738+00
544037,AMIC,AMIC,BSE,,100,0.05,2026-07-05 08:48:17.051738+00
541771,AMINTAN,AMINTAN,BSE,,1,0.01,2026-07-05 08:48:17.051738+00
544743,AMIRCHAND,AMIRCHAND,BSE,,1,0.05,2026-07-05 08:48:17.051738+00
531557,AMITSEC,AMITSEC,BSE,,1,0.01,2026-07-05 08:48:17.051738+00
500343,AMJLAND,AMJLAND,BSE,,1,0.01,2026-07-05 08:48:17.051738+00
544169,AMKAY,AMKAY,BSE,,2000,0.01,2026-07-05 08:48:17.051738+00
506248,AMNPLST,AMNPLST,BSE,,1,0.05,2026-07-05 08:48:17.051738+00
535719,AMPVOLTS,AMPVOLTS,BSE,,1,0.01,2026-07-05 08:48:17.051738+00
531991,AMRAAGRI,AMRAAGRI,BSE,,1,0.01,2026-07-05 08:48:17.051738+00
539265,AMRAFIN,AMRAFIN,BSE,,1200,0.01,2026-07-05 08:48:17.051738+00
526241,AMRAPLIN,AMRAPLIN,BSE,,1,0.01,2026-07-05 08:48:17.051738+00
590006,AMRUTANJAN,AMRUTANJAN,BSE,,1,0.05,2026-07-05 08:48:17.051738+00
540066,AMS,AMS,BSE,,1,0.01,2026-07-05 08:48:17.051738+00
534612,AMTL,AMTL,BSE,,1,0.01,2026-07-05 08:48:17.051738+00
544353,AMWILL,AMWILL,BSE,,1200,0.01,2026-07-05 08:48:17.051738+00
501630,ANANDPROJ,ANANDPROJ,BSE,,1,0.01,2026-07-05 08:48:17.051738+00
543415,ANANDRATHI,ANANDRATHI,BSE,,1,0.05,2026-07-05 08:48:17.051738+00
515055,ANANTRAJ,ANANTRAJ,BSE,,1,0.05,2026-07-05 08:48:17.051738+00
502330,ANDHRAPAP,ANDHRAPAP,BSE,,1,0.01,2026-07-05 08:48:17.051738+00
500012,ANDHRAPET,ANDHRAPET,BSE,,1,0.01,2026-07-05 08:48:17.051738+00
590062,ANDHRSUGAR,ANDHRSUGAR,BSE,,1,0.01,2026-07-05 08:48:17.051738+00
526173,ANDREWYU,ANDREWYU,BSE,,1,0.01,2026-07-05 08:48:17.051738+00
540694,ANG,ANG,BSE,,1,0.01,2026-07-05 08:48:17.051738+00
541006,ANGEL,ANGEL,BSE,,4000,0.01,2026-07-05 08:48:17.051738+00
543235,ANGELONE,ANGELONE,BSE,,1,0.05,2026-07-05 08:48:17.051738+00
519383,ANIKINDS,ANIKINDS,BSE,,1,0.01,2026-07-05 08:48:17.051738+00
530705,ANIRIT,ANIRIT,BSE,,1,0.01,2026-07-05 08:48:17.051738+00
890231,ANIRITPP,ANIRITPP,BSE,,1,0.01,2026-07-05 08:48:17.051738+00
531223,ANJANI,ANJANI,BSE,,1,0.01,2026-07-05 08:48:17.051738+00
531878,ANJANIFIN,ANJANIFIN,BSE,,1,0.01,2026-07-05 08:48:17.051738+00
511153,ANJANIFOODS,ANJANIFOODS,BSE,,1,0.01,2026-07-05 08:48:17.051738+00
531673,ANKIN,ANKIN,BSE,,1,0.01,2026-07-05 08:48:17.051738+00
532870,ANKITMETAL,ANKITMETAL,BSE,,1,0.01,2026-07-05 08:48:17.051738+00
544694,ANL,ANL,BSE,,1000,0.05,2026-07-05 08:48:17.051738+00
542437,ANMOL,ANMOL,BSE,,1,0.01,2026-07-05 08:48:17.051738+00
530799,ANNAINFRA,ANNAINFRA,BSE,,1,0.01,2026-07-05 08:48:17.051738+00
890229,ANNVRPP,ANNVRPP,BSE,,1,0.01,2026-07-05 08:48:17.051738+00
500013,ANSALAPI,ANSALAPI,BSE,,1,0.01,2026-07-05 08:48:17.051738+00
523007,ANSALBU,ANSALBU,BSE,,1,0.01,2026-07-05 08:48:17.051738+00
507828,ANSALHSG,ANSALHSG,BSE,,1,0.01,2026-07-05 08:48:17.051738+00
531406,ANSINDUS,ANSINDUS,BSE,,1,0.01,2026-07-05 08:48:17.051738+00
501270,ANTARIKSH,ANTARIKSH,BSE,,1,0.01,2026-07-05 08:48:17.051738+00
530075,ANTELOPUS,ANTELOPUS,BSE,,1,0.05,2026-07-05 08:48:17.051738+00
544449,ANTHEM,ANTHEM,BSE,,1,0.05,2026-07-05 08:48:17.051738+00
544800,ANUBHAV,ANUBHAV,BSE,,1600,0.01,2026-07-05 08:48:17.051738+00
506260,ANUHPHR,ANUHPHR,BSE,,1,0.01,2026-07-05 08:48:17.051738+00
542460,ANUP,ANUP,BSE,,1,0.05,2026-07-05 08:48:17.051738+00
530109,ANUPAM,ANUPAM,BSE,,1,0.01,2026-07-05 08:48:17.051738+00
543275,ANURAS,ANURAS,BSE,,1,0.05,2026-07-05 08:48:17.051738+00
542865,ANUROOP,ANUROOP,BSE,,1,0.01,2026-07-05 08:48:17.051738+00
538539,ANVRDHI,ANVRDHI,BSE,,1,0.01,2026-07-05 08:48:17.051738+00
532259,APARINDS,APARINDS,BSE,,1,0.05,2026-07-05 08:48:17.051738+00
518091,APCL,APCL,BSE,,1,0.05,2026-07-05 08:48:17.051738+00
523694,APCOTEXIND,APCOTEXIND,BSE,,1,0.05,2026-07-05 08:48:17.051738+00
540692,APEX,APEX,BSE,,1,0.05,2026-07-05 08:48:17.051738+00
506166,APIS,APIS,BSE,,1,0.01,2026-07-05 08:48:17.051738+00
544445,APL,APL,BSE,,1000,0.01,2026-07-05 08:48:17.051738+00
517096,APLAB,APLAB,BSE,,1,0.01,2026-07-05 08:48:17.051738+00
890217,APLABPP,APLABPP,BSE,,1,0.01,2026-07-05 08:48:17.051738+00
533758,APLAPOLLO,APLAPOLLO,BSE,,1,0.05,2026-07-05 08:48:17.051738+00
533573,APLLTD,APLLTD,BSE,,1,0.05,2026-07-05 08:48:17.051738+00
523537,APMIN,APMIN,BSE,,1,0.01,2026-07-05 08:48:17.051738+00
540879,APOLLO,APOLLO,BSE,,1,0.05,2026-07-05 08:48:17.051738+00
512437,APOLLOFI,APOLLOFI,BSE,,1,0.05,2026-07-05 08:48:17.051738+00
508869,APOLLOHOSP,APOLLOHOSP,BSE,,1,0.05,2026-07-05 08:48:17.051738+00
503639,APOLLOIN,APOLLOIN,BSE,,1,0.01,2026-07-05 08:48:17.051738+00
531761,APOLLOPIPE,APOLLOPIPE,BSE,,1,0.05,2026-07-05 08:48:17.051738+00
500877,APOLLOTYRE,APOLLOTYRE,BSE,,1,0.05,2026-07-05 08:48:17.051738+00
539545,APOORVA,APOORVA,BSE,,1,0.01,2026-07-05 08:48:17.051738+00
544529,APPL,APPL,BSE,,400,0.05,2026-07-05 08:48:17.051738+00
532475,APTECHT,APTECHT,BSE,,1,0.05,2026-07-05 08:48:17.051738+00
506979,APTPACK,APTPACK,BSE,,1,0.01,2026-07-05 08:48:17.051738+00
543335,APTUS,APTUS,BSE,,1,0.05,2026-07-05 08:48:17.051738+00
530943,AQYLON,AQYLON,BSE,,1,0.01,2026-07-05 08:48:17.051738+00
512344,ARAVALIS,ARAVALIS,BSE,,1,0.01,2026-07-05 08:48:17.051738+00
540135,ARCFIN,ARCFIN,BSE,,1,0.01,2026-07-05 08:48:17.051738+00
532994,ARCHIDPLY,ARCHIDPLY,BSE,,1,0.01,2026-07-05 08:48:17.051738+00
532212,ARCHIES,ARCHIES,BSE,,1,0.01,2026-07-05 08:48:17.051738+00
524640,ARCHITORG,ARCHITORG,BSE,,1,0.01,2026-07-05 08:48:17.051738+00
543993,ARCL,ARCL,BSE,,1,0.05,2026-07-05 08:48:17.051738+00
504370,ARDIALL,ARDIALL,BSE,,1,0.01,2026-07-05 08:48:17.051738+00
500008,ARE&M,ARE&M,BSE,,1,0.05,2026-07-05 08:48:17.051738+00
526662,ARENTERP,ARENTERP,BSE,,1,0.01,2026-07-05 08:48:17.051738+00
526851,AREXMIS,AREXMIS,BSE,,1,0.05,2026-07-05 08:48:17.051738+00
539151,ARFIN,ARFIN,BSE,,1,0.01,2026-07-05 08:48:17.051738+00
532935,ARIES,ARIES,BSE,,1,0.05,2026-07-05 08:48:17.051738+00
530267,ARIGATO,ARIGATO,BSE,,1,0.01,2026-07-05 08:48:17.051738+00
531381,ARIHANT,ARIHANT,BSE,,1,0.05,2026-07-05 08:48:17.051738+00
511605,ARIHANTCAP,ARIHANTCAP,BSE,,1,0.01,2026-07-05 08:48:17.051738+00
506194,ARIHANTSUP,ARIHANTSUP,BSE,,1,0.05,2026-07-05 08:48:17.051738+00
544419,ARIS,ARIS,BSE,,1,0.05,2026-07-05 08:48:17.051738+00
531017,ARISE,ARISE,BSE,,1,0.01,2026-07-05 08:48:17.051738+00
544683,ARITAS,ARITAS,BSE,,3000,0.01,2026-07-05 08:48:17.051738+00
544261,ARKADE,ARKADE,BSE,,1,0.05,2026-07-05 08:48:17.051738+00
542721,ARL,ARL,BSE,,1,0.01,2026-07-05 08:48:17.051738+00
538556,ARMAN,ARMAN,BSE,,1,0.05,2026-07-05 08:48:17.051738+00
531179,ARMANFIN,ARMANFIN,BSE,,1,0.05,2026-07-05 08:48:17.051738+00
537069,ARNOLD,ARNOLD,BSE,,1,0.01,2026-07-05 08:48:17.051738+00
513729,AROGRANITE,AROGRANITE,BSE,,1,0.01,2026-07-05 08:48:17.051738+00
516064,ARROWGREEN,ARROWGREEN,BSE,,1,0.05,2026-07-05 08:48:17.051738+00
544025,ARROWHEAD,ARROWHEAD,BSE,,600,0.01,2026-07-05 08:48:17.051738+00
506074,ARSHIYA,ARSHIYA,BSE,,1,0.01,2026-07-05 08:48:17.051738+00
544749,ARSIFHDAD,ARSIFHDAD,BSE,,1,0.01,2026-07-05 08:48:17.051738+00
544691,ARSIFHDG,ARSIFHDG,BSE,,1,0.01,2026-07-05 08:48:17.051738+00
544689,ARSIFHRG,ARSIFHRG,BSE,,1,0.01,2026-07-05 08:48:17.051738+00
544692,ARSIFHRHD,ARSIFHRHD,BSE,,1,0.01,2026-07-05 08:48:17.051738+00
544690,ARSIFHRMD,ARSIFHRMD,BSE,,1,0.01,2026-07-05 08:48:17.051738+00
544530,ARSSBL,ARSSBL,BSE,,1,0.05,2026-07-05 08:48:17.051738+00
531297,ARTEFACT,ARTEFACT,BSE,,1,0.01,2026-07-05 08:48:17.051738+00
542919,ARTEMISMED,ARTEMISMED,BSE,,1,0.05,2026-07-05 08:48:17.051738+00
522134,ARTSON,ARTSON,BSE,,1,0.05,2026-07-05 08:48:17.051738+00
500016,ARUNAHTEL,ARUNAHTEL,BSE,,1,0.01,2026-07-05 08:48:17.051738+00
500101,ARVIND,ARVIND,BSE,,1,0.05,2026-07-05 08:48:17.051738+00
542484,ARVINDFASN,ARVINDFASN,BSE,,1,0.05,2026-07-05 08:48:17.051738+00
539301,ARVSMART,ARVSMART,BSE,,1,0.05,2026-07-05 08:48:17.051738+00
538716,ARYACAPM,ARYACAPM,BSE,,1,0.05,2026-07-05 08:48:17.051738+00
530245,ARYAMAN,ARYAMAN,BSE,,1,0.05,2026-07-05 08:48:17.051738+00
542176,ARYAN,ARYAN,BSE,,1,0.01,2026-07-05 08:48:17.051738+00
539455,ARYAVAN,ARYAVAN,BSE,,1,0.01,2026-07-05 08:48:17.051738+00
515030,ASAHIINDIA,ASAHIINDIA,BSE,,1,0.05,2026-07-05 08:48:17.051738+00
532853,ASAHISONG,ASAHISONG,BSE,,1,0.05,2026-07-05 08:48:17.051738+00
520119,ASAL,ASAL,BSE,,1,0.05,2026-07-05 08:48:17.051738+00
507526,ASALCBR,ASALCBR,BSE,,1,0.05,2026-07-05 08:48:17.051738+00
543943,ASARFI,ASARFI,BSE,,1000,0.05,2026-07-05 08:48:17.051738+00
543443,ASCENSIVE,ASCENSIVE,BSE,,10000,0.01,2026-07-05 08:48:17.051738+00
512025,ASGARD,ASGARD,BSE,,1,0.01,2026-07-05 08:48:17.051738+00
519174,ASHAI,ASHAI,BSE,,1,0.01,2026-07-05 08:48:17.051738+00
527001,ASHAPURMIN,ASHAPURMIN,BSE,,1,0.05,2026-07-05 08:48:17.051738+00
512247,ASHCAP,ASHCAP,BSE,,1,0.01,2026-07-05 08:48:17.051738+00
523716,ASHIANA,ASHIANA,BSE,,1,0.05,2026-07-05 08:48:17.051738+00
543766,ASHIKA,ASHIKA,BSE,,1,0.05,2026-07-05 08:48:17.051738+00
514286,ASHIMASYN,ASHIMASYN,BSE,,1,0.01,2026-07-05 08:48:17.051738+00
530429,ASHISHPO,ASHISHPO,BSE,,1,0.01,2026-07-05 08:48:17.051738+00
541702,ASHNI,ASHNI,BSE,,1,0.01,2026-07-05 08:48:17.051738+00
507872,ASHNOOR,ASHNOOR,BSE,,1,0.01,2026-07-05 08:48:17.051738+00
533271,ASHOKA,ASHOKA,BSE,,1,0.05,2026-07-05 08:48:17.051738+00
540923,ASHOKAMET,ASHOKAMET,BSE,,1,0.01,2026-07-05 08:48:17.051738+00
500477,ASHOKLEY,ASHOKLEY,BSE,,1,0.05,2026-07-05 08:48:17.051738+00
526187,ASHRAM,ASHRAM,BSE,,1,0.01,2026-07-05 08:48:17.051738+00
526847,ASHSI,ASHSI,BSE,,1,0.01,2026-07-05 08:48:17.051738+00
531568,ASHUTPM,ASHUTPM,BSE,,1,0.01,2026-07-05 08:48:17.051738+00
538777,ASIACAP,ASIACAP,BSE,,1,0.01,2026-07-05 08:48:17.051738+00
543927,ASIAN,ASIAN,BSE,,1,0.01,2026-07-05 08:48:17.051738+00
530355,ASIANENE,ASIANENE,BSE,,1,0.05,2026-07-05 08:48:17.051738+00
500023,ASIANHOTNR,ASIANHOTNR,BSE,,1,0.05,2026-07-05 08:48:17.051738+00
500820,ASIANPAINT,ASIANPAINT,BSE,,1,0.05,2026-07-05 08:48:17.051738+00
532888,ASIANTILES,ASIANTILES,BSE,,1,0.01,2026-07-05 08:48:17.051738+00
519532,ASIANTNE,ASIANTNE,BSE,,1,0.01,2026-07-05 08:48:17.051738+00
530899,ASIAPAK,ASIAPAK,BSE,,1,0.01,2026-07-05 08:48:17.051738+00
502015,ASIIL,ASIIL,BSE,,1,0.01,2026-07-05 08:48:17.051738+00
524434,ASINPET,ASINPET,BSE,,1,0.01,2026-07-05 08:48:17.051738+00
530723,ASITCFIN,ASITCFIN,BSE,,1,0.05,2026-07-05 08:48:17.051738+00
544022,ASKAUTOLTD,ASKAUTOLTD,BSE,,1,0.05,2026-07-05 08:48:17.051738+00
532694,ASMS,ASMS,BSE,,1,0.01,2026-07-05 08:48:17.051738+00
526433,ASMTEC,ASMTEC,BSE,,1,0.05,2026-07-05 08:48:17.051738+00
540788,ASPIRA,ASPIRA,BSE,,1,0.05,2026-07-05 08:48:17.051738+00
541865,ASRL,ASRL,BSE,,1,0.01,2026-07-05 08:48:17.051738+00
542911,ASSAMENT,ASSAMENT,BSE,,1,0.05,2026-07-05 08:48:17.051738+00
531168,ASSOCER,ASSOCER,BSE,,1,0.05,2026-07-05 08:48:17.051738+00
544183,ASSOCIATED,ASSOCIATED,BSE,,500,0.05,2026-07-05 08:48:17.051738+00
512600,ASTALLTD,ASTALLTD,BSE,,1,0.01,2026-07-05 08:48:17.051738+00
531847,ASTAR,ASTAR,BSE,,1,0.05,2026-07-05 08:48:17.051738+00
533138,ASTEC,ASTEC,BSE,,1,0.05,2026-07-05 08:48:17.051738+00
540975,ASTERDM,ASTERDM,BSE,,1,0.05,2026-07-05 08:48:17.051738+00
544409,ASTONEALAB,ASTONEALAB,BSE,,1000,0.05,2026-07-05 08:48:17.051738+00
532830,ASTRAL,ASTRAL,BSE,,1,0.05,2026-07-05 08:48:17.051738+00
532493,ASTRAMICRO,ASTRAMICRO,BSE,,1,0.05,2026-07-05 08:48:17.051738+00
506820,ASTRAZEN,ASTRAZEN,BSE,,1,0.05,2026-07-05 08:48:17.051738+00
540824,ASTRON,ASTRON,BSE,,1,0.01,2026-07-05 08:48:17.051738+00
544628,ASTRONMULT,ASTRONMULT,BSE,,2000,0.01,2026-07-05 08:48:17.051738+00
512433,ASUTENT,ASUTENT,BSE,,100,0.01,2026-07-05 08:48:17.051738+00
543911,ATALREAL,ATALREAL,BSE,,1,0.01,2026-07-05 08:48:17.051738+00
543236,ATAM,ATAM,BSE,,1,0.01,2026-07-05 08:48:17.051738+00
544417,ATENPAPERS,ATENPAPERS,BSE,,1200,0.01,2026-07-05 08:48:17.051738+00
542066,ATGL,ATGL,BSE,,1,0.05,2026-07-05 08:48:17.051738+00
530187,ATHARVENT,ATHARVENT,BSE,,1,0.01,2026-07-05 08:48:17.051738+00
539099,ATHCON,ATHCON,BSE,,2500,0.01,2026-07-05 08:48:17.051738+00
517429,ATHENAGLO,ATHENAGLO,BSE,,1,0.01,2026-07-05 08:48:17.051738+00
544397,ATHERENERG,ATHERENERG,BSE,,1,0.05,2026-07-05 08:48:17.051738+00
544671,ATIL,ATIL,BSE,,1000,0.01,2026-07-05 08:48:17.051738+00
538713,ATISHAY,ATISHAY,BSE,,1,0.05,2026-07-05 08:48:17.051738+00
543954,ATL,ATL,BSE,,1,0.01,2026-07-05 08:48:17.051738+00
532759,ATLANTAA,ATLANTAA,BSE,,1,0.01,2026-07-05 08:48:17.051738+00
544527,ATLANTAELE,ATLANTAELE,BSE,,1,0.05,2026-07-05 08:48:17.051738+00
505029,ATLASCYCLE,ATLASCYCLE,BSE,,1,0.01,2026-07-05 08:48:17.051738+00
890228,ATLPP,ATLPP,BSE,,1,0.01,2026-07-05 08:48:17.051738+00
500027,ATUL,ATUL,BSE,,1,0.05,2026-07-05 08:48:17.051738+00
531795,ATULAUTO,ATULAUTO,BSE,,1,0.05,2026-07-05 08:48:17.051738+00
532090,ATVOENT,ATVOENT,BSE,,1,0.01,2026-07-05 08:48:17.051738+00
500028,ATVPR,ATVPR,BSE,,1,0.01,2026-07-05 08:48:17.051738+00
540611,AUBANK,AUBANK,BSE,,1,0.05,2026-07-05 08:48:17.051738+00
544772,AUREATE,AUREATE,BSE,,2000,0.01,2026-07-05 08:48:17.051738+00
532668,AURIONPRO,AURIONPRO,BSE,,1,0.05,2026-07-05 08:48:17.051738+00
517230,AURIQUE,AURIQUE,BSE,,1,0.01,2026-07-05 08:48:17.051738+00
530233,AUROLAB,AUROLAB,BSE,,1,0.05,2026-07-05 08:48:17.051738+00
524804,AUROPHARMA,AUROPHARMA,BSE,,1,0.05,2026-07-05 08:48:17.051738+00
539289,AURUM,AURUM,BSE,,1,0.05,2026-07-05 08:48:17.051738+00
509009,AUSOMENT,AUSOMENT,BSE,,1,0.05,2026-07-05 08:48:17.051738+00
522005,AUSTENG,AUSTENG,BSE,,1,0.05,2026-07-05 08:48:17.051738+00
544505,AUSTERE,AUSTERE,BSE,,2000,0.01,2026-07-05 08:48:17.051738+00
505010,AUTOAXLES,AUTOAXLES,BSE,,1,0.05,2026-07-05 08:48:17.051738+00
543450,AUTOIETF,AUTOIETF,BSE,,1,0.01,2026-07-05 08:48:17.051738+00
532797,AUTOIND,AUTOIND,BSE,,1,0.01,2026-07-05 08:48:17.051738+00
512277,AUTOINT,AUTOINT,BSE,,1,0.05,2026-07-05 08:48:17.051738+00
505032,AUTOPRD,AUTOPRD,BSE,,1,0.01,2026-07-05 08:48:17.051738+00
540649,AVADHSUGAR,AVADHSUGAR,BSE,,1,0.05,2026-07-05 08:48:17.051738+00
531310,AVAILFC,AVAILFC,BSE,,1,0.05,2026-07-05 08:48:17.051738+00
543896,AVALON,AVALON,BSE,,1,0.05,2026-07-05 08:48:17.051738+00
512149,AVANCE,AVANCE,BSE,,1,0.01,2026-07-05 08:48:17.051738+00
532406,AVANTEL,AVANTEL,BSE,,1,0.05,2026-07-05 08:48:17.051738+00
512573,AVANTIFEED,AVANTIFEED,BSE,,1,0.05,2026-07-05 08:48:17.051738+00
544337,AVAX,AVAX,BSE,,1000,0.01,2026-07-05 08:48:17.051738+00
543737,AVEER,AVEER,BSE,,1,0.05,2026-07-05 08:48:17.051738+00
543910,AVG,AVG,BSE,,1,0.05,2026-07-05 08:48:17.051738+00
512109,AVIVA,AVIVA,BSE,,1,0.01,2026-07-05 08:48:17.051738+00
540205,AVL,AVL,BSE,,1,0.05,2026-07-05 08:48:17.051738+00
512265,AVONMERC,AVONMERC,BSE,,1,0.01,2026-07-05 08:48:17.051738+00
511589,AVONMORE,AVONMORE,BSE,,1,0.01,2026-07-05 08:48:17.051738+00
543512,AVROIND,AVROIND,BSE,,1,0.01,2026-07-05 08:48:17.051738+00
519105,AVTNPL,AVTNPL,BSE,,1,0.01,2026-07-05 08:48:17.051738+00
544181,AWFIS,AWFIS,BSE,,1,0.05,2026-07-05 08:48:17.051738+00
543254,AWHCL,AWHCL,BSE,,1,0.05,2026-07-05 08:48:17.051738+00
543458,AWL,AWL,BSE,,1,0.05,2026-07-05 08:48:17.051738+00
513642,AXELPOLY,AXELPOLY,BSE,,1,0.01,2026-07-05 08:48:17.051738+00
532215,AXISBANK,AXISBANK,BSE,,1,0.05,2026-07-05 08:48:17.051738+00
532395,AXISCADES,AXISCADES,BSE,,1,0.05,2026-07-05 08:48:17.051738+00
542285,AXITA,AXITA,BSE,,1,0.01,2026-07-05 08:48:17.051738+00
523850,AXTEL,AXTEL,BSE,,1,0.05,2026-07-05 08:48:17.051738+00
544699,AYE,AYE,BSE,,1,0.05,2026-07-05 08:48:17.051738+00
508933,AYMSYNTEX,AYMSYNTEX,BSE,,1,0.05,2026-07-05 08:48:17.051738+00
544061,AZAD,AZAD,BSE,,1,0.05,2026-07-05 08:48:17.051738+00
504731,AZADIND,AZADIND,BSE,,1,0.01,2026-07-05 08:48:17.051738+00
544177,AZTEC,AZTEC,BSE,,1000,0.05,2026-07-05 08:48:17.051738+00
531268,B2BSOFT,B2BSOFT,BSE,,1,0.01,2026-07-05 08:48:17.051738+00
532380,BABA,BABA,BSE,,1,0.01,2026-07-05 08:48:17.051738+00
524516,BACPHAR,BACPHAR,BSE,,1,0.01,2026-07-05 08:48:17.051738+00
532989,BAFNAPH,BAFNAPH,BSE,,1,0.05,2026-07-05 08:48:17.051738+00
532507,BAGFILMS,BAGFILMS,BSE,,1,0.01,2026-07-05 08:48:17.051738+00
511724,BAIDFIN,BAIDFIN,BSE,,1,0.01,2026-07-05 08:48:17.051738+00
544670,BAIKAKAJI,BAIKAKAJI,BSE,,600,0.05,2026-07-05 08:48:17.051738+00
532977,BAJAJ-AUTO,BAJAJ-AUTO,BSE,,1,0.05,2026-07-05 08:48:17.051738+00
533229,BAJAJCON,BAJAJCON,BSE,,1,0.05,2026-07-05 08:48:17.051738+00
500031,BAJAJELEC,BAJAJELEC,BSE,,1,0.05,2026-07-05 08:48:17.051738+00
532978,BAJAJFINSV,BAJAJFINSV,BSE,,1,0.05,2026-07-05 08:48:17.051738+00
539872,BAJAJHCARE,BAJAJHCARE,BSE,,1,0.05,2026-07-05 08:48:17.051738+00
544252,BAJAJHFL,BAJAJHFL,BSE,,1,0.01,2026-07-05 08:48:17.051738+00
500032,BAJAJHIND,BAJAJHIND,BSE,,1,0.01,2026-07-05 08:48:17.051738+00
500490,BAJAJHLDNG,BAJAJHLDNG,BSE,,1,0.05,2026-07-05 08:48:17.051738+00
544364,BAJAJINDEF,BAJAJINDEF,BSE,,1,0.05,2026-07-05 08:48:17.051738+00
507944,BAJAJST,BAJAJST,BSE,,1,0.05,2026-07-05 08:48:17.051738+00
544042,BAJEL,BAJEL,BSE,,1,0.05,2026-07-05 08:48:17.051738+00
500034,BAJFINANCE,BAJFINANCE,BSE,,1,0.05,2026-07-05 08:48:17.051738+00
512261,BAJGLOB,BAJGLOB,BSE,,1,0.01,2026-07-05 08:48:17.051738+00
544249,BALAJEE,BALAJEE,BSE,,1,0.01,2026-07-05 08:48:17.051738+00
532382,BALAJITELE,BALAJITELE,BSE,,1,0.01,2026-07-05 08:48:17.051738+00
530999,BALAMINES,BALAMINES,BSE,,1,0.05,2026-07-05 08:48:17.051738+00
539834,BALGOPAL,BALGOPAL,BSE,,1,0.05,2026-07-05 08:48:17.051738+00
539251,BALKRISHNA,BALKRISHNA,BSE,,1,0.01,2026-07-05 08:48:17.051738+00
502355,BALKRISIND,BALKRISIND,BSE,,1,0.05,2026-07-05 08:48:17.051738+00
523319,BALMLAWRIE,BALMLAWRIE,BSE,,1,0.05,2026-07-05 08:48:17.051738+00
524824,BALPHARMA,BALPHARMA,BSE,,1,0.01,2026-07-05 08:48:17.051738+00
500038,BALRAMCHIN,BALRAMCHIN,BSE,,1,0.05,2026-07-05 08:48:17.051738+00
520127,BALTE,BALTE,BSE,,1,0.01,2026-07-05 08:48:17.051738+00
531112,BALUFORGE,BALUFORGE,BSE,,1,0.05,2026-07-05 08:48:17.051738+00
519295,BAMBINO,BAMBINO,BSE,,1,0.05,2026-07-05 08:48:17.051738+00
531591,BAMPSL,BAMPSL,BSE,,1,0.01,2026-07-05 08:48:17.051738+00
526849,BANARBEADS,BANARBEADS,BSE,,1,0.05,2026-07-05 08:48:17.051738+00
500041,BANARISUG,BANARISUG,BSE,,1,0.05,2026-07-05 08:48:17.051738+00
509053,BANASFN,BANASFN,BSE,,1,0.01,2026-07-05 08:48:17.051738+00
500039,BANCOINDIA,BANCOINDIA,BSE,,1,0.05,2026-07-05 08:48:17.051738+00
524602,BANDARAM,BANDARAM,BSE,,1,0.01,2026-07-05 08:48:17.051738+00
541153,BANDHANBNK,BANDHANBNK,BSE,,1,0.05,2026-07-05 08:48:17.051738+00
532946,BANG,BANG,BSE,,1,0.01,2026-07-05 08:48:17.051738+00
544725,BANK10ADD,BANK10ADD,BSE,,1,0.01,2026-07-05 08:48:17.051738+00
543738,BANKADD,BANKADD,BSE,,1,0.01,2026-07-05 08:48:17.051738+00
532134,BANKBARODA,BANKBARODA,BSE,,1,0.05,2026-07-05 08:48:17.051738+00
590106,BANKBEES,BANKBEES,BSE,,1,0.01,2026-07-05 08:48:17.051738+00
543226,BANKBETA,BANKBETA,BSE,,1,0.01,2026-07-05 08:48:17.051738+00
544093,BANKBETF,BANKBETF,BSE,,1,0.01,2026-07-05 08:48:17.051738+00
543944,BANKETF,BANKETF,BSE,,1,0.01,2026-07-05 08:48:17.051738+00
542730,BANKIETF,BANKIETF,BSE,,1,0.01,2026-07-05 08:48:17.051738+00
532149,BANKINDIA,BANKINDIA,BSE,,1,0.05,2026-07-05 08:48:17.051738+00
590136,BANKNIFTY1,BANKNIFTY1,BSE,,1,0.01,2026-07-05 08:48:17.051738+00
544266,BANKPSU,BANKPSU,BSE,,1,0.01,2026-07-05 08:48:17.051738+00
544209,BANSALWIRE,BANSALWIRE,BSE,,1,0.05,2026-07-05 08:48:17.051738+00
519353,BANSTEA,BANSTEA,BSE,,100,0.01,2026-07-05 08:48:17.051738+00
503722,BANSWRAS,BANSWRAS,BSE,,1,0.05,2026-07-05 08:48:17.051738+00
523186,BAPACK,BAPACK,BSE,,1,0.05,2026-07-05 08:48:17.051738+00
500270,BARODARY,BARODARY,BSE,,1,0.05,2026-07-05 08:48:17.051738+00
513502,BAROEXT,BAROEXT,BSE,,1,0.01,2026-07-05 08:48:17.051738+00
524687,BASANTGL,BASANTGL,BSE,,1,0.01,2026-07-05 08:48:17.051738+00
500042,BASF,BASF,BSE,,1,0.05,2026-07-05 08:48:17.051738+00
532674,BASML,BASML,BSE,,1,0.01,2026-07-05 08:48:17.051738+00
500043,BATAINDIA,BATAINDIA,BSE,,1,0.05,2026-07-05 08:48:17.051738+00
522004,BATLIBOI,BATLIBOI,BSE,,1,0.01,2026-07-05 08:48:17.051738+00
506285,BAYERCROP,BAYERCROP,BSE,,1,0.05,2026-07-05 08:48:17.051738+00
539946,BAZELINTER,BAZELINTER,BSE,,1,0.01,2026-07-05 08:48:17.051738+00
503960,BBL,BBL,BSE,,1,0.05,2026-07-05 08:48:17.051738+00
544196,BBNPNBETF,BBNPNBETF,BSE,,1,0.01,2026-07-05 08:48:17.051738+00
500463,BBOX,BBOX,BSE,,1,0.05,2026-07-05 08:48:17.051738+00
501425,BBTC,BBTC,BSE,,1,0.05,2026-07-05 08:48:17.051738+00
543668,BBTCL,BBTCL,BSE,,1,0.05,2026-07-05 08:48:17.051738+00
517246,BCCFUBA,BCCFUBA,BSE,,1,0.05,2026-07-05 08:48:17.051738+00
543497,BCCL,BCCL,BSE,,400,0.01,2026-07-05 08:48:17.051738+00
532368,BCG,BCG,BSE,,1,0.01,2026-07-05 08:48:17.051738+00
524332,BCLIND,BCLIND,BSE,,1,0.01,2026-07-05 08:48:17.051738+00
543442,BCONCEPTS,BCONCEPTS,BSE,,1,0.05,2026-07-05 08:48:17.051738+00
537766,BCP,BCP,BSE,,1,0.01,2026-07-05 08:48:17.051738+00
542057,BCPL,BCPL,BSE,,1,0.01,2026-07-05 08:48:17.051738+00
524828,BDH,BDH,BSE,,1,0.05,2026-07-05 08:48:17.051738+00
544468,BDI,BDI,BSE,,1200,0.05,2026-07-05 08:48:17.051738+00
541143,BDL,BDL,BSE,,1,0.05,2026-07-05 08:48:17.051738+00
543253,BECTORFOOD,BECTORFOOD,BSE,,1,0.05,2026-07-05 08:48:17.051738+00
533270,BEDMUTHA,BEDMUTHA,BSE,,1,0.05,2026-07-05 08:48:17.051738+00
539018,BEEKAY,BEEKAY,BSE,,1,0.05,2026-07-05 08:48:17.051738+00
532645,BEEYU,BEEYU,BSE,,1,0.01,2026-07-05 08:48:17.051738+00
544369,BEEZAASAN,BEEZAASAN,BSE,,800,0.05,2026-07-05 08:48:17.051738+00
511585,BEFOUNDMOL,BEFOUNDMOL,BSE,,1,0.01,2026-07-05 08:48:17.051738+00
500049,BEL,BEL,BSE,,1,0.05,2026-07-05 08:48:17.051738+00
513307,BELDING,BELDING,BSE,,1,0.05,2026-07-05 08:48:17.051738+00
539399,BELLACASA,BELLACASA,BSE,,1,0.05,2026-07-05 08:48:17.051738+00
544405,BELRISE,BELRISE,BSE,,1,0.05,2026-07-05 08:48:17.051738+00
522650,BEMHY,BEMHY,BSE,,1,0.01,2026-07-05 08:48:17.051738+00
500048,BEML,BEML,BSE,,1,0.05,2026-07-05 08:48:17.051738+00
541178,BENARA,BENARA,BSE,,2000,0.01,2026-07-05 08:48:17.051738+00
509438,BENARAS,BENARAS,BSE,,1,0.05,2026-07-05 08:48:17.051738+00
544052,BENCHMARK,BENCHMARK,BSE,,2000,0.01,2026-07-05 08:48:17.051738+00
533095,BENGALASM,BENGALASM,BSE,,1,0.05,2026-07-05 08:48:17.051738+00
512404,BENGALS,BENGALS,BSE,,50,0.01,2026-07-05 08:48:17.051738+00
532230,BENGALT,BENGALT,BSE,,1,0.05,2026-07-05 08:48:17.051738+00
512195,BENTCOM,BENTCOM,BSE,,50,0.01,2026-07-05 08:48:17.051738+00
500052,BEPL,BEPL,BSE,,1,0.01,2026-07-05 08:48:17.051738+00
509480,BERGEPAINT,BERGEPAINT,BSE,,1,0.05,2026-07-05 08:48:17.051738+00
524606,BERLDRG,BERLDRG,BSE,,1,0.01,2026-07-05 08:48:17.051738+00
531340,BERVINL,BERVINL,BSE,,1,0.01,2026-07-05 08:48:17.051738+00
531582,BERYLSE,BERYLSE,BSE,,1,0.01,2026-07-05 08:48:17.051738+00
539660,BESTAGRO,BESTAGRO,BSE,,1,0.01,2026-07-05 08:48:17.051738+00
508664,BESTEAST,BESTEAST,BSE,,1,0.01,2026-07-05 08:48:17.051738+00
512477,BETXIND,BETXIND,BSE,,1,0.05,2026-07-05 08:48:17.051738+00
533303,BFINVEST,BFINVEST,BSE,,1,0.05,2026-07-05 08:48:17.051738+00
539662,BFLAFL,BFLAFL,BSE,,1,0.01,2026-07-05 08:48:17.051738+00
543323,BFSI,BFSI,BSE,,1,0.01,2026-07-05 08:48:17.051738+00
532430,BFUTILITIE,BFUTILITIE,BSE,,1,0.05,2026-07-05 08:48:17.051738+00
521238,BGDL,BGDL,BSE,,1,0.01,2026-07-05 08:48:17.051738+00
511664,BGIL,BGIL,BSE,,1,0.01,2026-07-05 08:48:17.051738+00
532930,BGRENERGY,BGRENERGY,BSE,,1,0.05,2026-07-05 08:48:17.051738+00
504646,BGWTATO,BGWTATO,BSE,,1,0.05,2026-07-05 08:48:17.051738+00
531719,BHAGCHEM,BHAGCHEM,BSE,,1,0.05,2026-07-05 08:48:17.051738+00
530803,BHAGERIA,BHAGERIA,BSE,,1,0.05,2026-07-05 08:48:17.051738+00
500051,BHAGGAS,BHAGGAS,BSE,,1,0.01,2026-07-05 08:48:17.051738+00
509449,BHAGWOX,BHAGWOX,BSE,,1,0.01,2026-07-05 08:48:17.051738+00
512296,BHAGYANGR,BHAGYANGR,BSE,,1,0.05,2026-07-05 08:48:17.051738+00
512608,BHANDARI,BHANDARI,BSE,,1,0.01,2026-07-05 08:48:17.051738+00
538576,BHANDERI,BHANDERI,BSE,,1200,0.05,2026-07-05 08:48:17.051738+00
511501,BHARAT,BHARAT,BSE,,1,0.01,2026-07-05 08:48:17.051738+00
531862,BHARATAGRI,BHARATAGRI,BSE,,1,0.01,2026-07-05 08:48:17.051738+00
544678,BHARATCOAL,BHARATCOAL,BSE,,1,0.01,2026-07-05 08:48:17.051738+00
500493,BHARATFORG,BHARATFORG,BSE,,1,0.05,2026-07-05 08:48:17.051738+00
505688,BHARATGEAR,BHARATGEAR,BSE,,1,0.05,2026-07-05 08:48:17.051738+00
590021,BHARATRAS,BHARATRAS,BSE,,1,0.05,2026-07-05 08:48:17.051738+00
544535,BHARATROHAN,BHARATROHAN,BSE,,800,0.05,2026-07-05 08:48:17.051738+00
523229,BHARATSE,BHARATSE,BSE,,1,0.05,2026-07-05 08:48:17.051738+00
539799,BHARATWIRE,BHARATWIRE,BSE,,1,0.05,2026-07-05 08:48:17.051738+00
532454,BHARTIARTL,BHARTIARTL,BSE,,1,0.05,2026-07-05 08:48:17.051738+00
544162,BHARTIHEXA,BHARTIHEXA,BSE,,1,0.05,2026-07-05 08:48:17.051738+00
524534,BHASKAGR,BHASKAGR,BSE,,1,0.05,2026-07-05 08:48:17.051738+00
540956,BHATIA,BHATIA,BSE,,1,0.01,2026-07-05 08:48:17.051738+00
544551,BHAVIK,BHAVIK,BSE,,1000,0.05,2026-07-05 08:48:17.051738+00
500103,BHEL,BHEL,BSE,,1,0.05,2026-07-05 08:48:17.051738+00
514272,BHILSPIN,BHILSPIN,BSE,,1,0.05,2026-07-05 08:48:17.051738+00
526488,BHUDEVI,BHUDEVI,BSE,,1,0.05,2026-07-05 08:48:17.051738+00
526853,BI,BI,BSE,,1,0.01,2026-07-05 08:48:17.051738+00
524663,BIBCL,BIBCL,BSE,,1,0.01,2026-07-05 08:48:17.051738+00
540061,BIGBLOC,BIGBLOC,BSE,,1,0.01,2026-07-05 08:48:17.051738+00
500058,BIHSPONG,BIHSPONG,BSE,,1,0.01,2026-07-05 08:48:17.051738+00
524723,BIJHANS,BIJHANS,BSE,,1,0.01,2026-07-05 08:48:17.051738+00
543653,BIKAJI,BIKAJI,BSE,,1,0.05,2026-07-05 08:48:17.051738+00
526666,BIL,BIL,BSE,,1,0.05,2026-07-05 08:48:17.051738+00
543209,BILLWIN,BILLWIN,BSE,,3000,0.01,2026-07-05 08:48:17.051738+00
500059,BILVYAPAR,BILVYAPAR,BSE,,1,0.01,2026-07-05 08:48:17.051738+00
505681,BIMETAL,BIMETAL,BSE,,1,0.05,2026-07-05 08:48:17.051738+00
540148,BINDALEXPO,BINDALEXPO,BSE,,4000,0.01,2026-07-05 08:48:17.051738+00
532523,BIOCON,BIOCON,BSE,,1,0.05,2026-07-05 08:48:17.051738+00
524396,BIOFILCHEM,BIOFILCHEM,BSE,,1,0.01,2026-07-05 08:48:17.051738+00
531752,BIOGEN,BIOGEN,BSE,,1,0.01,2026-07-05 08:48:17.051738+00
500060,BIRLACABLE,BIRLACABLE,BSE,,1,0.05,2026-07-05 08:48:17.051738+00
500335,BIRLACORPN,BIRLACORPN,BSE,,1,0.05,2026-07-05 08:48:17.051738+00
532974,BIRLAMONEY,BIRLAMONEY,BSE,,1,0.05,2026-07-05 08:48:17.051738+00
509675,BIRLANU,BIRLANU,BSE,,1,0.05,2026-07-05 08:48:17.051738+00
522105,BIRLAPREC,BIRLAPREC,BSE,,1,0.01,2026-07-05 08:48:17.051738+00
526709,BITS,BITS,BSE,,1,0.01,2026-07-05 08:48:17.051738+00
543926,BIZOTIC,BIZOTIC,BSE,,200,0.05,2026-07-05 08:48:17.051738+00
519500,BKV,BKV,BSE,,1,0.01,2026-07-05 08:48:17.051738+00
544288,BLACKBUCK,BLACKBUCK,BSE,,1,0.05,2026-07-05 08:48:17.051738+00
514183,BLACKROSE,BLACKROSE,BSE,,1,0.05,2026-07-05 08:48:17.051738+00
543898,BLAL,BLAL,BSE,,1,0.05,2026-07-05 08:48:17.051738+00
532290,BLBLIMITED,BLBLIMITED,BSE,,1,0.01,2026-07-05 08:48:17.051738+00
532485,BLIL,BLIL,BSE,,1,0.01,2026-07-05 08:48:17.051738+00
506197,BLISSGVS,BLISSGVS,BSE,,1,0.05,2026-07-05 08:48:17.051738+00
532719,BLKASHYAP,BLKASHYAP,BSE,,1,0.01,2026-07-05 08:48:17.051738+00
513422,BLOIN,BLOIN,BSE,,1,0.01,2026-07-05 08:48:17.051738+00
526225,BLOOM,BLOOM,BSE,,1,0.01,2026-07-05 08:48:17.051738+00
540073,BLS,BLS,BSE,,1,0.05,2026-07-05 08:48:17.051738+00
544107,BLSE,BLSE,BSE,,1,0.05,2026-07-05 08:48:17.051738+00
544474,BLT,BLT,BSE,,1600,0.01,2026-07-05 08:48:17.051738+00
506981,BLUECHIPT,BLUECHIPT,BSE,,1,0.05,2026-07-05 08:48:17.051738+00
539607,BLUECLOUDS,BLUECLOUDS,BSE,,1,0.01,2026-07-05 08:48:17.051738+00
531495,BLUECOAST,BLUECOAST,BSE,,1,0.01,2026-07-05 08:48:17.051738+00
526612,BLUEDART,BLUEDART,BSE,,1,0.05,2026-07-05 08:48:17.051738+00
544009,BLUEJET,BLUEJET,BSE,,1,0.05,2026-07-05 08:48:17.051738+00
500067,BLUESTARCO,BLUESTARCO,BSE,,1,0.05,2026-07-05 08:48:17.051738+00
544484,BLUESTONE,BLUESTONE,BSE,,1,0.05,2026-07-05 08:48:17.051738+00
544414,BLUSPRING,BLUSPRING,BSE,,1,0.05,2026-07-05 08:48:17.051738+00
535279,BMAL,BMAL,BSE,,4000,0.01,2026-07-05 08:48:17.051738+00
531420,BMBMUMG,BMBMUMG,BSE,,1,0.01,2026-07-05 08:48:17.051738+00
542669,BMW,BMW,BSE,,1,0.01,2026-07-05 08:48:17.051738+00
544543,BMWVENTLTD,BMWVENTLTD,BSE,,1,0.01,2026-07-05 08:48:17.051738+00
526125,BNAGROCHEM,BNAGROCHEM,BSE,,1,0.05,2026-07-05 08:48:17.051738+00
508136,BNALTD,BNALTD,BSE,,1,0.05,2026-07-05 08:48:17.051738+00
523019,BNRSEC,BNRSEC,BSE,,1,0.01,2026-07-05 08:48:17.051738+00
530809,BNRUDY,BNRUDY,BSE,,1,0.01,2026-07-05 08:48:17.051738+00
524370,BODALCHEM,BODALCHEM,BSE,,1,0.01,2026-07-05 08:48:17.051738+00
539122,BODHTREE,BODHTREE,BSE,,1,0.01,2026-07-05 08:48:17.051738+00
501430,BOMBCYC,BOMBCYC,BSE,,1,0.05,2026-07-05 08:48:17.051738+00
504648,BOMBWIR,BOMBWIR,BSE,,1,0.01,2026-07-05 08:48:17.051738+00
500020,BOMDYEING,BOMDYEING,BSE,,1,0.05,2026-07-05 08:48:17.051738+00
509470,BOMOXY-B1,BOMOXY-B1,BSE,,1,0.05,2026-07-05 08:48:17.051738+00
511246,BOMTALKIES,BOMTALKIES,BSE,,1,0.01,2026-07-05 08:48:17.051738+00
543971,BONDADA,BONDADA,BSE,,200,0.05,2026-07-05 08:48:17.051738+00
543211,BONLON,BONLON,BSE,,1,0.01,2026-07-05 08:48:17.051738+00
544404,BORANA,BORANA,BSE,,1,0.05,2026-07-05 08:48:17.051738+00
543212,BOROLTD,BOROLTD,BSE,,1,0.05,2026-07-05 08:48:17.051738+00
502219,BORORENEW,BORORENEW,BSE,,1,0.05,2026-07-05 08:48:17.051738+00
544184,BOROSCI,BOROSCI,BSE,,1,0.05,2026-07-05 08:48:17.051738+00
523398,BOSCH-HCIL,BOSCH-HCIL,BSE,,1,0.05,2026-07-05 08:48:17.051738+00
500530,BOSCHLTD,BOSCHLTD,BSE,,1,0.05,2026-07-05 08:48:17.051738+00
531458,BOSTON,BOSTON,BSE,,1,0.01,2026-07-05 08:48:17.051738+00
514440,BPAGRI,BPAGRI,BSE,,1,0.01,2026-07-05 08:48:17.051738+00
500547,BPCL,BPCL,BSE,,1,0.05,2026-07-05 08:48:17.051738+00
500074,BPL,BPL,BSE,,1,0.01,2026-07-05 08:48:17.051738+00
541096,BPLPHARMA,BPLPHARMA,BSE,,1,0.05,2026-07-05 08:48:17.051738+00
505690,BRADYM,BRADYM,BSE,,1,0.05,2026-07-05 08:48:17.051738+00
535693,BRAHMINFRA,BRAHMINFRA,BSE,,1,0.05,2026-07-05 08:48:17.051738+00
530207,BRAWN,BRAWN,BSE,,1,0.01,2026-07-05 08:48:17.051738+00
544335,BRGIL,BRGIL,BSE,,1000,0.05,2026-07-05 08:48:17.051738+00
530249,BRIDGESE,BRIDGESE,BSE,,1,0.01,2026-07-05 08:48:17.051738+00
532929,BRIGADE,BRIGADE,BSE,,1,0.05,2026-07-05 08:48:17.051738+00
544457,BRIGHOTEL,BRIGHOTEL,BSE,,1,0.01,2026-07-05 08:48:17.051738+00
543831,BRIGHT,BRIGHT,BSE,,375,0.05,2026-07-05 08:48:17.051738+00
526731,BRIGHTBR,BRIGHTBR,BSE,,1,0.05,2026-07-05 08:48:17.051738+00
532113,BRIJLEAS,BRIJLEAS,BSE,,1,0.01,2026-07-05 08:48:17.051738+00
539434,BRIPORT,BRIPORT,BSE,,1,0.01,2026-07-05 08:48:17.051738+00
544101,BRISK,BRISK,BSE,,800,0.05,2026-07-05 08:48:17.051738+00
500825,BRITANNIA,BRITANNIA,BSE,,1,0.05,2026-07-05 08:48:17.051738+00
540700,BRNL,BRNL,BSE,,1,0.01,2026-07-05 08:48:17.051738+00
544231,BROACH,BROACH,BSE,,6000,0.01,2026-07-05 08:48:17.051738+00
533543,BROOKS,BROOKS,BSE,,1,0.01,2026-07-05 08:48:17.051738+00
538546,BRPL,BRPL,BSE,,1,0.05,2026-07-05 08:48:17.051738+00
543543,BRRL,BRRL,BSE,,200,0.05,2026-07-05 08:48:17.051738+00
541313,BSE500IETF,BSE500IETF,BSE,,1,0.01,2026-07-05 08:48:17.051738+00
532123,BSELALGO,BSELALGO,BSE,,1,0.01,2026-07-05 08:48:17.051738+00
544757,BSHSL,BSHSL,BSE,,1,0.01,2026-07-05 08:48:17.051738+00
514045,BSL,BSL,BSE,,1,0.05,2026-07-05 08:48:17.051738+00
543474,BSLNIFTY,BSLNIFTY,BSE,,1,0.01,2026-07-05 08:48:17.051738+00
540008,BSLSENETFG,BSLSENETFG,BSE,,1,0.01,2026-07-05 08:48:17.051738+00
532400,BSOFT,BSOFT,BSE,,1,0.05,2026-07-05 08:48:17.051738+00
543767,BTML,BTML,BSE,,1,0.01,2026-07-05 08:48:17.051738+00
533108,BTTL,BTTL,BSE,,1,0.01,2026-07-05 08:48:17.051738+00
544517,BUILDPRO,BUILDPRO,BSE,,1,0.05,2026-07-05 08:48:17.051738+00
517421,BUTTERFLY,BUTTERFLY,BSE,,1,0.05,2026-07-05 08:48:17.051738+00
532916,BVCL,BVCL,BSE,,1,0.01,2026-07-05 08:48:17.051738+00
531373,BYKE,BYKE,BSE,,1,0.01,2026-07-05 08:48:17.051738+00
517236,CALCOM,CALCOM,BSE,,1,0.01,2026-07-05 08:48:17.051738+00
539335,CALLISTA,CALLISTA,BSE,,1,0.05,2026-07-05 08:48:17.051738+00
532386,CALSOFT,CALSOFT,BSE,,1,0.01,2026-07-05 08:48:17.051738+00
524440,CAMEXLTD,CAMEXLTD,BSE,,1,0.01,2026-07-05 08:48:17.051738+00
532834,CAMLINFINE,CAMLINFINE,BSE,,1,0.05,2026-07-05 08:48:17.051738+00
543523,CAMPUS,CAMPUS,BSE,,1,0.05,2026-07-05 08:48:17.051738+00
543232,CAMS,CAMS,BSE,,1,0.05,2026-07-05 08:48:17.051738+00
532483,CANBK,CANBK,BSE,,1,0.05,2026-07-05 08:48:17.051738+00
522292,CANDOUR,CANDOUR,BSE,,1,0.01,2026-07-05 08:48:17.051738+00
511196,CANFINHOME,CANFINHOME,BSE,,1,0.05,2026-07-05 08:48:17.051738+00
544583,CANHLIFE,CANHLIFE,BSE,,1,0.05,2026-07-05 08:48:17.051738+00
533267,CANTABIL,CANTABIL,BSE,,1,0.05,2026-07-05 08:48:17.051738+00
540710,CAPACITE,CAPACITE,BSE,,1,0.05,2026-07-05 08:48:17.051738+00
544614,CAPILLARY,CAPILLARY,BSE,,1,0.05,2026-07-05 08:48:17.051738+00
544120,CAPITALSFB,CAPITALSFB,BSE,,1,0.05,2026-07-05 08:48:17.051738+00
524742,CAPLIPOINT,CAPLIPOINT,BSE,,1,0.05,2026-07-05 08:48:17.051738+00
538817,CAPPIPES,CAPPIPES,BSE,,1,0.01,2026-07-05 08:48:17.051738+00
512169,CAPRICORN,CAPRICORN,BSE,,1,0.01,2026-07-05 08:48:17.051738+00
509486,CAPRIHANS,CAPRIHANS,BSE,,1,0.01,2026-07-05 08:48:17.051738+00
507486,CAPRO,CAPRO,BSE,,1,0.01,2026-07-05 08:48:17.051738+00
511505,CAPTRUST,CAPTRUST,BSE,,1,0.01,2026-07-05 08:48:17.051738+00
513375,CARBORUNIV,CARBORUNIV,BSE,,1,0.05,2026-07-05 08:48:17.051738+00
534804,CARERATING,CARERATING,BSE,,1,0.05,2026-07-05 08:48:17.051738+00
543621,CARGOSOL,CARGOSOL,BSE,,4000,0.01,2026-07-05 08:48:17.051738+00
543618,CARGOTRANS,CARGOTRANS,BSE,,750,0.05,2026-07-05 08:48:17.051738+00
544320,CARRARO,CARRARO,BSE,,1,0.05,2026-07-05 08:48:17.051738+00
543333,CARTRADE,CARTRADE,BSE,,1,0.05,2026-07-05 08:48:17.051738+00
524091,CARYSIL,CARYSIL,BSE,,1,0.05,2026-07-05 08:48:17.051738+00
534732,CASPIAN,CASPIAN,BSE,,1,0.01,2026-07-05 08:48:17.051738+00
500870,CASTROLIND,CASTROLIND,BSE,,1,0.05,2026-07-05 08:48:17.051738+00
531158,CATVISION,CATVISION,BSE,,1,0.01,2026-07-05 08:48:17.051738+00
542934,CBPL,CBPL,BSE,,1000,0.01,2026-07-05 08:48:17.051738+00
544000,CCAL,CCAL,BSE,,6000,0.01,2026-07-05 08:48:17.051738+00
539807,CCAVENUE,CCAVENUE,BSE,,1,0.01,2026-07-05 08:48:17.051738+00
532902,CCCL,CCCL,BSE,,1,0.01,2026-07-05 08:48:17.051738+00
539091,CCDL,CCDL,BSE,,1,0.01,2026-07-05 08:48:17.051738+00
751126,CCDL-RE,CCDL-RE,BSE,,1,0.01,2026-07-05 08:48:17.051738+00
526550,CCHHL,CCHHL,BSE,,1,0.01,2026-07-05 08:48:17.051738+00
519600,CCL,CCL,BSE,,1,0.05,2026-07-05 08:48:17.051738+00
531900,CCLINTER,CCLINTER,BSE,,1,0.01,2026-07-05 08:48:17.051738+00
514336,CCME,CCME,BSE,,1,0.05,2026-07-05 08:48:17.051738+00
534796,CDG,CDG,BSE,,1,0.05,2026-07-05 08:48:17.051738+00
500878,CEATLTD,CEATLTD,BSE,,1,0.05,2026-07-05 08:48:17.051738+00
530789,CEEJAY,CEEJAY,BSE,,1,0.05,2026-07-05 08:48:17.051738+00
531119,CEENIK,CEENIK,BSE,,1,0.05,2026-07-05 08:48:17.051738+00
514171,CEETAIN,CEETAIN,BSE,,1,0.01,2026-07-05 08:48:17.051738+00
544223,CEIGALL,CEIGALL,BSE,,1,0.05,2026-07-05 08:48:17.051738+00
538734,CEINSYS,CEINSYS,BSE,,1,0.05,2026-07-05 08:48:17.051738+00
532695,CELEBRITY,CELEBRITY,BSE,,1,0.01,2026-07-05 08:48:17.051738+00
532701,CELLA,CELLA,BSE,,1,0.01,2026-07-05 08:48:17.051738+00
544012,CELLO,CELLO,BSE,,1,0.05,2026-07-05 08:48:17.051738+00
538596,CEMAINFRA,CEMAINFRA,BSE,,1,0.01,2026-07-05 08:48:17.051738+00
509496,CEMPRO,CEMPRO,BSE,,1,0.05,2026-07-05 08:48:17.051738+00
522251,CENLUB,CENLUB,BSE,,1,0.05,2026-07-05 08:48:17.051738+00
500280,CENTENKA,CENTENKA,BSE,,1,0.05,2026-07-05 08:48:17.051738+00
500083,CENTEXT,CENTEXT,BSE,,1,0.01,2026-07-05 08:48:17.051738+00
532885,CENTRALBK,CENTRALBK,BSE,,1,0.01,2026-07-05 08:48:17.051738+00
501150,CENTRUM,CENTRUM,BSE,,1,0.01,2026-07-05 08:48:17.051738+00
517544,CENTUM,CENTUM,BSE,,1,0.05,2026-07-05 08:48:17.051738+00
531099,CENTUPLE,CENTUPLE,BSE,,1,0.01,2026-07-05 08:48:17.051738+00
532548,CENTURYPLY,CENTURYPLY,BSE,,1,0.05,2026-07-05 08:48:17.051738+00
532443,CERA,CERA,BSE,,1,0.05,2026-07-05 08:48:17.051738+00
532413,CEREBRAINT,CEREBRAINT,BSE,,1,0.01,2026-07-05 08:48:17.051738+00
500084,CESC,CESC,BSE,,1,0.05,2026-07-05 08:48:17.051738+00
544315,CEWATER,CEWATER,BSE,,1,0.05,2026-07-05 08:48:17.051738+00
539991,CFEL,CFEL,BSE,,1,0.01,2026-07-05 08:48:17.051738+00
543920,CFF,CFF,BSE,,200,0.05,2026-07-05 08:48:17.051738+00
531595,CGCL,CGCL,BSE,,1,0.05,2026-07-05 08:48:17.051738+00
539598,CGFL,CGFL,BSE,,1,0.01,2026-07-05 08:48:17.051738+00
500093,CGPOWER,CGPOWER,BSE,,1,0.05,2026-07-05 08:48:17.051738+00
531489,CGVAK,CGVAK,BSE,,1,0.05,2026-07-05 08:48:17.051738+00
531946,CHADPAP,CHADPAP,BSE,,1,0.01,2026-07-05 08:48:17.051738+00
542399,CHALET,CHALET,BSE,,1,0.05,2026-07-05 08:48:17.051738+00
530747,CHALLANI,CHALLANI,BSE,,1,0.01,2026-07-05 08:48:17.051738+00
500085,CHAMBLFERT,CHAMBLFERT,BSE,,1,0.05,2026-07-05 08:48:17.051738+00
542627,CHANDNIMACH,CHANDNIMACH,BSE,,1,0.01,2026-07-05 08:48:17.051738+00
530309,CHANDRAP,CHANDRAP,BSE,,1,0.01,2026-07-05 08:48:17.051738+00
540829,CHANDRIMA,CHANDRIMA,BSE,,1,0.01,2026-07-05 08:48:17.051738+00
544151,CHATHA,CHATHA,BSE,,1000,0.01,2026-07-05 08:48:17.051738+00
542678,CHCL,CHCL,BSE,,2000,0.01,2026-07-05 08:48:17.051738+00
539800,CHDCHEM,CHDCHEM,BSE,,1,0.01,2026-07-05 08:48:17.051738+00
530871,CHEMBOND,CHEMBOND,BSE,,1,0.05,2026-07-05 08:48:17.051738+00
544450,CHEMBONDCH,CHEMBONDCH,BSE,,1,0.05,2026-07-05 08:48:17.051738+00
543233,CHEMCON,CHEMCON,BSE,,1,0.05,2026-07-05 08:48:17.051738+00
540395,CHEMCRUX,CHEMCRUX,BSE,,1,0.01,2026-07-05 08:48:17.051738+00
541269,CHEMFAB,CHEMFAB,BSE,,1,0.05,2026-07-05 08:48:17.051738+00
539230,CHEMIESYNT,CHEMIESYNT,BSE,,1,0.01,2026-07-05 08:48:17.051738+00
544442,CHEMKART,CHEMKART,BSE,,600,0.05,2026-07-05 08:48:17.051738+00
543336,CHEMPLASTS,CHEMPLASTS,BSE,,1,0.05,2026-07-05 08:48:17.051738+00
537326,CHEMTECH,CHEMTECH,BSE,,1,0.01,2026-07-05 08:48:17.051738+00
539011,CHENFERRO,CHENFERRO,BSE,,1,0.01,2026-07-05 08:48:17.051738+00
500110,CHENNPETRO,CHENNPETRO,BSE,,1,0.05,2026-07-05 08:48:17.051738+00
526817,CHEVIOT,CHEVIOT,BSE,,1,0.05,2026-07-05 08:48:17.051738+00
544561,CHIRAHARIT,CHIRAHARIT,BSE,,6000,0.01,2026-07-05 08:48:17.051738+00
532992,CHLLTD,CHLLTD,BSE,,1,0.01,2026-07-05 08:48:17.051738+00
531977,CHLOGIST,CHLOGIST,BSE,,1,0.01,2026-07-05 08:48:17.051738+00
512301,CHMBBRW,CHMBBRW,BSE,,1,0.01,2026-07-05 08:48:17.051738+00
531358,CHOICEIN,CHOICEIN,BSE,,1,0.05,2026-07-05 08:48:17.051738+00
530427,CHOKSI,CHOKSI,BSE,,1,0.05,2026-07-05 08:48:17.051738+00
526546,CHOKSILA,CHOKSILA,BSE,,1,0.05,2026-07-05 08:48:17.051738+00
511243,CHOLAFIN,CHOLAFIN,BSE,,1,0.05,2026-07-05 08:48:17.051738+00
504973,CHOLAHLDNG,CHOLAHLDNG,BSE,,1,0.05,2026-07-05 08:48:17.051738+00
519475,CHORDIA,CHORDIA,BSE,,1,0.01,2026-07-05 08:48:17.051738+00
540681,CHOTHANI,CHOTHANI,BSE,,2500,0.01,2026-07-05 08:48:17.051738+00
501833,CHOWGULSTM,CHOWGULSTM,BSE,,1,0.01,2026-07-05 08:48:17.051738+00
513005,CHROME,CHROME,BSE,,1,0.01,2026-07-05 08:48:17.051738+00
511696,CHRTEDCA,CHRTEDCA,BSE,,1,0.05,2026-07-05 08:48:17.051738+00
544546,CHTR,CHTR,BSE,,1200,0.01,2026-07-05 08:48:17.051738+00
519477,CIANAGRO,CIANAGRO,BSE,,1,0.05,2026-07-05 08:48:17.051738+00
532756,CIEINDIA,CIEINDIA,BSE,,1,0.05,2026-07-05 08:48:17.051738+00
530879,CIFL,CIFL,BSE,,1,0.01,2026-07-05 08:48:17.051738+00
538786,CIL,CIL,BSE,,1,0.05,2026-07-05 08:48:17.051738+00
530829,CILSEC,CILSEC,BSE,,1,0.01,2026-07-05 08:48:17.051738+00
526373,CINDHO,CINDHO,BSE,,1,0.01,2026-07-05 08:48:17.051738+00
531283,CINDRELL,CINDRELL,BSE,,1,0.01,2026-07-05 08:48:17.051738+00
532807,CINELINE,CINELINE,BSE,,1,0.01,2026-07-05 08:48:17.051738+00
532324,CINEVISTA,CINEVISTA,BSE,,1,0.01,2026-07-05 08:48:17.051738+00
500087,CIPLA,CIPLA,BSE,,1,0.05,2026-07-05 08:48:17.051738+00
502445,CITADEL,CITADEL,BSE,,1,0.01,2026-07-05 08:48:17.051738+00
544324,CITICHEM,CITICHEM,BSE,,2000,0.01,2026-07-05 08:48:17.051738+00
531235,CITIPOR,CITIPOR,BSE,,1,0.01,2026-07-05 08:48:17.051738+00
521210,CITYMAN,CITYMAN,BSE,,1,0.01,2026-07-05 08:48:17.051738+00
538674,CITYONLINE,CITYONLINE,BSE,,1,0.01,2026-07-05 08:48:17.051738+00
544514,CITYSQUARE,CITYSQUARE,BSE,,800,0.05,2026-07-05 08:48:17.051738+00
507515,CJGEL,CJGEL,BSE,,1,0.01,2026-07-05 08:48:17.051738+00
543435,CLARA,CLARA,BSE,,4150,0.01,2026-07-05 08:48:17.051738+00
512213,CLASELE,CLASELE,BSE,,1,0.01,2026-07-05 08:48:17.051738+00
543318,CLEAN,CLEAN,BSE,,1,0.05,2026-07-05 08:48:17.051738+00
544717,CLEANMAX,CLEANMAX,BSE,,1,0.05,2026-07-05 08:48:17.051738+00
540403,CLEDUCATE,CLEDUCATE,BSE,,1,0.01,2026-07-05 08:48:17.051738+00
540481,CLFL,CLFL,BSE,,1,0.01,2026-07-05 08:48:17.051738+00
530839,CLIOINFO,CLIOINFO,BSE,,1,0.01,2026-07-05 08:48:17.051738+00
544347,CLN,CLN,BSE,,200,0.05,2026-07-05 08:48:17.051738+00
530307,CLSEL,CLSEL,BSE,,1,0.05,2026-07-05 08:48:17.051738+00
540199,CMBL,CMBL,BSE,,1,0.01,2026-07-05 08:48:17.051738+00
523489,CMMHOSP,CMMHOSP,BSE,,1,0.01,2026-07-05 08:48:17.051738+00
544739,CMPDI,CMPDI,BSE,,1,0.05,2026-07-05 08:48:17.051738+00
544777,CMRGREEN,CMRGREEN,BSE,,1,0.05,2026-07-05 08:48:17.051738+00
543441,CMSINFO,CMSINFO,BSE,,1,0.05,2026-07-05 08:48:17.051738+00
532217,CMXLTD,CMXLTD,BSE,,1,0.01,2026-07-05 08:48:17.051738+00
543619,CNCRD,CNCRD,BSE,,50,0.05,2026-07-05 08:48:17.051738+00
544343,CNINFOTECH,CNINFOTECH,BSE,,400,0.01,2026-07-05 08:48:17.051738+00
544631,CNL,CNL,BSE,,1,0.05,2026-07-05 08:48:17.051738+00
533278,COALINDIA,COALINDIA,BSE,,1,0.05,2026-07-05 08:48:17.051738+00
520131,COARO,COARO,BSE,,100,0.01,2026-07-05 08:48:17.051738+00
501831,COASTCORP,COASTCORP,BSE,,1,0.01,2026-07-05 08:48:17.051738+00
513353,COCHINM,COCHINM,BSE,,1,0.05,2026-07-05 08:48:17.051738+00
540678,COCHINSHIP,COCHINSHIP,BSE,,1,0.05,2026-07-05 08:48:17.051738+00
508571,COCHMAL,COCHMAL,BSE,,1,0.05,2026-07-05 08:48:17.051738+00
500147,COCKERILL,COCKERILL,BSE,,1,0.05,2026-07-05 08:48:17.051738+00
539436,COFFEEDAY,COFFEEDAY,BSE,,1,0.01,2026-07-05 08:48:17.051738+00
532541,COFORGE,COFORGE,BSE,,1,0.05,2026-07-05 08:48:17.051738+00
543064,COHANCE,COHANCE,BSE,,1,0.05,2026-07-05 08:48:17.051738+00
531210,COLINZ,COLINZ,BSE,,1,0.01,2026-07-05 08:48:17.051738+00
540023,COLORCHIPS,COLORCHIPS,BSE,,1,0.01,2026-07-05 08:48:17.051738+00
500830,COLPAL,COLPAL,BSE,,1,0.05,2026-07-05 08:48:17.051738+00
534691,COMCL,COMCL,BSE,,1,0.01,2026-07-05 08:48:17.051738+00
535267,COMFINCAP,COMFINCAP,BSE,,1,0.01,2026-07-05 08:48:17.051738+00
531216,COMFINTE,COMFINTE,BSE,,1,0.01,2026-07-05 08:48:17.051738+00
543843,COMMAND,COMMAND,BSE,,4000,0.01,2026-07-05 08:48:17.051738+00
543710,COMMOIETF,COMMOIETF,BSE,,1,0.01,2026-07-05 08:48:17.051738+00
531041,COMPEAU,COMPEAU,BSE,,1,0.05,2026-07-05 08:48:17.051738+00
532456,COMPINFO,COMPINFO,BSE,,1,0.01,2026-07-05 08:48:17.051738+00
507833,COMPUPN,COMPUPN,BSE,,1,0.01,2026-07-05 08:48:17.051738+00
532339,COMPUSOFT,COMPUSOFT,BSE,,1,0.01,2026-07-05 08:48:17.051738+00
543921,COMRADE,COMRADE,BSE,,1000,0.01,2026-07-05 08:48:17.051738+00
539986,COMSYN,COMSYN,BSE,,1,0.05,2026-07-05 08:48:17.051738+00
522231,CONART,CONART,BSE,,1,0.01,2026-07-05 08:48:17.051738+00
531344,CONCOR,CONCOR,BSE,,1,0.05,2026-07-05 08:48:17.051738+00
538965,CONCORD,CONCORD,BSE,,1,0.01,2026-07-05 08:48:17.051738+00
543960,CONCORDBIO,CONCORDBIO,BSE,,1,0.05,2026-07-05 08:48:17.051738+00
526829,CONFIPET,CONFIPET,BSE,,1,0.01,2026-07-05 08:48:17.051738+00
523844,CONSTRONIC,CONSTRONIC,BSE,,1,0.01,2026-07-05 08:48:17.051738+00
543357,CONSUMAXIS,CONSUMAXIS,BSE,,1,0.01,2026-07-05 08:48:17.051738+00
544323,CONSUMER,CONSUMER,BSE,,1,0.01,2026-07-05 08:48:17.051738+00
543383,CONSUMIETF,CONSUMIETF,BSE,,1,0.01,2026-07-05 08:48:17.051738+00
543606,CONTAINE,CONTAINE,BSE,,1000,0.01,2026-07-05 08:48:17.051738+00
540597,CONTAINER,CONTAINER,BSE,,1,0.01,2026-07-05 08:48:17.051738+00
506935,CONTCHM,CONTCHM,BSE,,1,0.01,2026-07-05 08:48:17.051738+00
531460,CONTICON,CONTICON,BSE,,1,0.01,2026-07-05 08:48:17.051738+00
531067,CONTILI,CONTILI,BSE,,1,0.01,2026-07-05 08:48:17.051738+00
523232,CONTPTR,CONTPTR,BSE,,1,0.01,2026-07-05 08:48:17.051738+00
522295,CONTROLPR,CONTROLPR,BSE,,1,0.05,2026-07-05 08:48:17.051738+00
507543,CORAGRO,CORAGRO,BSE,,50,0.01,2026-07-05 08:48:17.051738+00
524506,CORALAB,CORALAB,BSE,,1,0.05,2026-07-05 08:48:17.051738+00
531556,CORALFINAC,CORALFINAC,BSE,,1,0.01,2026-07-05 08:48:17.051738+00
544802,CORDELIA,CORDELIA,BSE,,1,0.05,2026-07-05 08:48:17.051738+00
532941,CORDSCABLE,CORDSCABLE,BSE,,1,0.05,2026-07-05 08:48:17.051738+00
530755,CORNE,CORNE,BSE,,1,0.01,2026-07-05 08:48:17.051738+00
533167,COROENGG,COROENGG,BSE,,1,0.01,2026-07-05 08:48:17.051738+00
506395,COROMANDEL,COROMANDEL,BSE,,1,0.05,2026-07-05 08:48:17.051738+00
544644,CORONA,CORONA,BSE,,1,0.05,2026-07-05 08:48:17.051738+00
530545,COSCO,COSCO,BSE,,1,0.05,2026-07-05 08:48:17.051738+00
543928,COSMICCRF,COSMICCRF,BSE,,100,0.05,2026-07-05 08:48:17.051738+00
523100,COSMOFE,COSMOFE,BSE,,1,0.05,2026-07-05 08:48:17.051738+00
508814,COSMOFIRST,COSMOFIRST,BSE,,1,0.05,2026-07-05 08:48:17.051738+00
543172,COSPOWER,COSPOWER,BSE,,125,0.05,2026-07-05 08:48:17.051738+00
538922,COSYN,COSYN,BSE,,1,0.01,2026-07-05 08:48:17.051738+00
544195,COTFAB,COTFAB,BSE,,2000,0.01,2026-07-05 08:48:17.051738+00
531624,COUNCODOS,COUNCODOS,BSE,,1,0.01,2026-07-05 08:48:17.051738+00
544361,COVANCE,COVANCE,BSE,,1,0.05,2026-07-05 08:48:17.051738+00
533260,CPCAP,CPCAP,BSE,,1,0.05,2026-07-05 08:48:17.051738+00
544499,CPEDU,CPEDU,BSE,,1,0.05,2026-07-05 08:48:17.051738+00
536974,CPL,CPL,BSE,,1,0.01,2026-07-05 08:48:17.051738+00
542727,CPML,CPML,BSE,,50,0.05,2026-07-05 08:48:17.051738+00
544466,CPPLUS,CPPLUS,BSE,,1,0.05,2026-07-05 08:48:17.051738+00
538057,CPSEETF,CPSEETF,BSE,,1,0.01,2026-07-05 08:48:17.051738+00
526349,CRAFTROOT,CRAFTROOT,BSE,,1,0.01,2026-07-05 08:48:17.051738+00
543276,CRAFTSMAN,CRAFTSMAN,BSE,,1,0.05,2026-07-05 08:48:17.051738+00
544580,CRAMC,CRAMC,BSE,,1,0.05,2026-07-05 08:48:17.051738+00
538770,CRANEINFRA,CRANEINFRA,BSE,,1,0.01,2026-07-05 08:48:17.051738+00
512093,CRANESSOFT,CRANESSOFT,BSE,,1,0.01,2026-07-05 08:48:17.051738+00
522001,CRANEX,CRANEX,BSE,,1,0.05,2026-07-05 08:48:17.051738+00
509472,CRAVATEX,CRAVATEX,BSE,,1,0.05,2026-07-05 08:48:17.051738+00
544807,CRAZY,CRAZY,BSE,,3000,0.01,2026-07-05 08:48:17.051738+00
539527,CREATIVE,CREATIVE,BSE,,1,0.05,2026-07-05 08:48:17.051738+00
532392,CREATIVEYE,CREATIVEYE,BSE,,1,0.01,2026-07-05 08:48:17.051738+00
541770,CREDITACC,CREDITACC,BSE,,1,0.05,2026-07-05 08:48:17.051738+00
511571,CRESCENTIS,CRESCENTIS,BSE,,1,0.05,2026-07-05 08:48:17.051738+00
511413,CREST,CREST,BSE,,1,0.05,2026-07-05 08:48:17.051738+00
526977,CRIMSON,CRIMSON,BSE,,100,0.01,2026-07-05 08:48:17.051738+00
500092,CRISIL,CRISIL,BSE,,1,0.05,2026-07-05 08:48:17.051738+00
544439,CRIZAC,CRIZAC,BSE,,1,0.05,2026-07-05 08:48:17.051738+00
531909,CROISSANCE,CROISSANCE,BSE,,1,0.01,2026-07-05 08:48:17.051738+00
539876,CROMPTON,CROMPTON,BSE,,1,0.05,2026-07-05 08:48:17.051738+00
523105,CROPSTER,CROPSTER,BSE,,1,0.01,2026-07-05 08:48:17.051738+00
512379,CRSL,CRSL,BSE,,1,0.01,2026-07-05 08:48:17.051738+00
526269,CRSTCHM,CRSTCHM,BSE,,1,0.05,2026-07-05 08:48:17.051738+00
544440,CRYOGENIC,CRYOGENIC,BSE,,750,0.05,2026-07-05 08:48:17.051738+00
540821,CRYSTAL,CRYSTAL,BSE,,1,0.01,2026-07-05 08:48:17.051738+00
542867,CSBBANK,CSBBANK,BSE,,1,0.05,2026-07-05 08:48:17.051738+00
538868,CSL,CSL,BSE,,1,0.01,2026-07-05 08:48:17.051738+00
530067,CSLFINANCE,CSLFINANCE,BSE,,1,0.05,2026-07-05 08:48:17.051738+00
544806,CSM,CSM,BSE,,1,0.05,2026-07-05 08:48:17.051738+00
531380,CSURGSU,CSURGSU,BSE,,1,0.01,2026-07-05 08:48:17.051738+00
540652,CTCL,CTCL,BSE,,750,0.05,2026-07-05 08:48:17.051738+00
532801,CTE,CTE,BSE,,1,0.01,2026-07-05 08:48:17.051738+00
538476,CTL,CTL,BSE,,1,0.01,2026-07-05 08:48:17.051738+00
544220,CTLLAB,CTLLAB,BSE,,1200,0.01,2026-07-05 08:48:17.051738+00
532210,CUB,CUB,BSE,,1,0.05,2026-07-05 08:48:17.051738+00
526027,CUBEXTUB,CUBEXTUB,BSE,,1,0.01,2026-07-05 08:48:17.051738+00
511710,CUBIFIN,CUBIFIN,BSE,,1,0.01,2026-07-05 08:48:17.051738+00
500480,CUMMINSIND,CUMMINSIND,BSE,,1,0.05,2026-07-05 08:48:17.051738+00
530843,CUPID,CUPID,BSE,,1,0.05,2026-07-05 08:48:17.051738+00
512361,CUPIDALBV,CUPIDALBV,BSE,,1,0.01,2026-07-05 08:48:17.051738+00
532332,CURAA,CURAA,BSE,,1,0.01,2026-07-05 08:48:17.051738+00
543378,CWD,CWD,BSE,,500,0.05,2026-07-05 08:48:17.051738+00
531472,CYBELEIND,CYBELEIND,BSE,,1,0.01,2026-07-05 08:48:17.051738+00
532640,CYBERMEDIA,CYBERMEDIA,BSE,,1,0.01,2026-07-05 08:48:17.051738+00
532173,CYBERTECH,CYBERTECH,BSE,,1,0.05,2026-07-05 08:48:17.051738+00
532175,CYIENT,CYIENT,BSE,,1,0.05,2026-07-05 08:48:17.051738+00
543933,CYIENTDLM,CYIENTDLM,BSE,,1,0.05,2026-07-05 08:48:17.051738+00
500096,DABUR,DABUR,BSE,,1,0.05,2026-07-05 08:48:17.051738+00
544667,DACHEPALLI,DACHEPALLI,BSE,,1200,0.01,2026-07-05 08:48:17.051738+00
526821,DAICHI,DAICHI,BSE,,1,0.05,2026-07-05 08:48:17.051738+00
530825,DAIKAFFI,DAIKAFFI,BSE,,1,0.01,2026-07-05 08:48:17.051738+00
539681,DAL,DAL,BSE,,1,0.01,2026-07-05 08:48:17.051738+00
542216,DALBHARAT,DALBHARAT,BSE,,1,0.05,2026-07-05 08:48:17.051738+00
500097,DALMIASUG,DALMIASUG,BSE,,1,0.05,2026-07-05 08:48:17.051738+00
544316,DAMCAPITAL,DAMCAPITAL,BSE,,1,0.05,2026-07-05 08:48:17.051738+00
521220,DAMODARIND,DAMODARIND,BSE,,1,0.01,2026-07-05 08:48:17.051738+00
532329,DANLAW,DANLAW,BSE,,1,0.05,2026-07-05 08:48:17.051738+00
540361,DANUBE,DANUBE,BSE,,1,0.01,2026-07-05 08:48:17.051738+00
543651,DAPS,DAPS,BSE,,4000,0.01,2026-07-05 08:48:17.051738+00
539770,DARJEELING,DARJEELING,BSE,,1,0.01,2026-07-05 08:48:17.051738+00
539884,DARSHANORNA,DARSHANORNA,BSE,,1,0.01,2026-07-05 08:48:17.051738+00
532528,DATAMATICS,DATAMATICS,BSE,,1,0.05,2026-07-05 08:48:17.051738+00
543428,DATAPATTNS,DATAPATTNS,BSE,,1,0.05,2026-07-05 08:48:17.051738+00
519413,DATIWARE,DATIWARE,BSE,,100,0.01,2026-07-05 08:48:17.051738+00
530171,DAULAT,DAULAT,BSE,,1,0.01,2026-07-05 08:48:17.051738+00
543267,DAVANGERE,DAVANGERE,BSE,,1,0.01,2026-07-05 08:48:17.051738+00
544331,DAVIN,DAVIN,BSE,,2000,0.01,2026-07-05 08:48:17.051738+00
533151,DBCORP,DBCORP,BSE,,1,0.05,2026-07-05 08:48:17.051738+00
544276,DBEIL,DBEIL,BSE,,1,0.01,2026-07-05 08:48:17.051738+00
540047,DBL,DBL,BSE,,1,0.05,2026-07-05 08:48:17.051738+00
543593,DBOL,DBOL,BSE,,1,0.05,2026-07-05 08:48:17.051738+00
533160,DBREALTY,DBREALTY,BSE,,1,0.05,2026-07-05 08:48:17.051738+00
530393,DBSTOCKBRO,DBSTOCKBRO,BSE,,1,0.01,2026-07-05 08:48:17.051738+00
540701,DCAL,DCAL,BSE,,1,0.05,2026-07-05 08:48:17.051738+00
532772,DCBBANK,DCBBANK,BSE,,1,0.05,2026-07-05 08:48:17.051738+00
543636,DCI,DCI,BSE,,1,0.05,2026-07-05 08:48:17.051738+00
502820,DCM,DCM,BSE,,1,0.01,2026-07-05 08:48:17.051738+00
511611,DCMFINSERV,DCMFINSERV,BSE,,1,0.01,2026-07-05 08:48:17.051738+00
542729,DCMNVL,DCMNVL,BSE,,1,0.05,2026-07-05 08:48:17.051738+00
523367,DCMSHRIRAM,DCMSHRIRAM,BSE,,1,0.05,2026-07-05 08:48:17.051738+00
544702,DCMSIL,DCMSIL,BSE,,1,0.01,2026-07-05 08:48:17.051738+00
523369,DCMSRIND,DCMSRIND,BSE,,1,0.01,2026-07-05 08:48:17.051738+00
500117,DCW,DCW,BSE,,1,0.01,2026-07-05 08:48:17.051738+00
543650,DCXINDIA,DCXINDIA,BSE,,1,0.05,2026-07-05 08:48:17.051738+00
543547,DDEVPLSTIK,DDEVPLSTIK,BSE,,1,0.05,2026-07-05 08:48:17.051738+00
542248,DECCAN,DECCAN,BSE,,1,0.01,2026-07-05 08:48:17.051738+00
502137,DECCANCE,DECCANCE,BSE,,1,0.05,2026-07-05 08:48:17.051738+00
524752,DECIPHER,DECIPHER,BSE,,1,0.01,2026-07-05 08:48:17.051738+00
512068,DECNGOLD,DECNGOLD,BSE,,1,0.05,2026-07-05 08:48:17.051738+00
531227,DECOMIC,DECOMIC,BSE,,1,0.01,2026-07-05 08:48:17.051738+00
531989,DECPO,DECPO,BSE,,1,0.01,2026-07-05 08:48:17.051738+00
544198,DEEDEV,DEEDEV,BSE,,1,0.05,2026-07-05 08:48:17.051738+00
541778,DEEP,DEEP,BSE,,1,0.01,2026-07-05 08:48:17.051738+00
539559,DEEPAI,DEEPAI,BSE,,1,0.01,2026-07-05 08:48:17.051738+00
544036,DEEPAKCHEM,DEEPAKCHEM,BSE,,800,0.01,2026-07-05 08:48:17.051738+00
500645,DEEPAKFERT,DEEPAKFERT,BSE,,1,0.05,2026-07-05 08:48:17.051738+00
506401,DEEPAKNTR,DEEPAKNTR,BSE,,1,0.05,2026-07-05 08:48:17.051738+00
514030,DEEPAKSP,DEEPAKSP,BSE,,1,0.05,2026-07-05 08:48:17.051738+00
543288,DEEPINDS,DEEPINDS,BSE,,1,0.05,2026-07-05 08:48:17.051738+00
544705,DEFENCE,DEFENCE,BSE,,1,0.01,2026-07-05 08:48:17.051738+00
544677,DEFRAIL,DEFRAIL,BSE,,1600,0.01,2026-07-05 08:48:17.051738+00
542679,DEL,DEL,BSE,,1,0.05,2026-07-05 08:48:17.051738+00
543529,DELHIVERY,DELHIVERY,BSE,,1,0.05,2026-07-05 08:48:17.051738+00
533452,DELPHIFX,DELPHIFX,BSE,,1,0.01,2026-07-05 08:48:17.051738+00
539596,DELTA,DELTA,BSE,,1,0.01,2026-07-05 08:48:17.051738+00
532848,DELTACORP,DELTACORP,BSE,,1,0.01,2026-07-05 08:48:17.051738+00
504286,DELTAMAGNT,DELTAMAGNT,BSE,,1,0.01,2026-07-05 08:48:17.051738+00
533137,DEN,DEN,BSE,,1,0.01,2026-07-05 08:48:17.051738+00
537536,DENISCHEM,DENISCHEM,BSE,,1,0.01,2026-07-05 08:48:17.051738+00
590031,DENORA,DENORA,BSE,,1,0.05,2026-07-05 08:48:17.051738+00
544345,DENTA,DENTA,BSE,,1,0.05,2026-07-05 08:48:17.051738+00
544387,DESCO,DESCO,BSE,,500,0.05,2026-07-05 08:48:17.051738+00
531521,DESHRAK,DESHRAK,BSE,,100,0.01,2026-07-05 08:48:17.051738+00
531585,DEVINE,DEVINE,BSE,,1,0.01,2026-07-05 08:48:17.051738+00
543462,DEVIT,DEVIT,BSE,,1,0.01,2026-07-05 08:48:17.051738+00
512445,DEVITRD,DEVITRD,BSE,,1,0.01,2026-07-05 08:48:17.051738+00
543848,DEVLAB,DEVLAB,BSE,,4000,0.01,2026-07-05 08:48:17.051738+00
544513,DEVX,DEVX,BSE,,1,0.01,2026-07-05 08:48:17.051738+00
543330,DEVYANI,DEVYANI,BSE,,1,0.05,2026-07-05 08:48:17.051738+00
539190,DFL,DFL,BSE,,1,0.01,2026-07-05 08:48:17.051738+00
544201,DFPL,DFPL,BSE,,2000,0.01,2026-07-05 08:48:17.051738+00
542685,DGCONTENT,DGCONTENT,BSE,,1,0.01,2026-07-05 08:48:17.051738+00
542155,DGL,DGL,BSE,,2000,0.01,2026-07-05 08:48:17.051738+00
538715,DHABRIYA,DHABRIYA,BSE,,1,0.05,2026-07-05 08:48:17.051738+00
531923,DHAMPURE,DHAMPURE,BSE,,1,0.05,2026-07-05 08:48:17.051738+00
500119,DHAMPURSUG,DHAMPURSUG,BSE,,1,0.05,2026-07-05 08:48:17.051738+00
532180,DHANBANK,DHANBANK,BSE,,1,0.01,2026-07-05 08:48:17.051738+00
512485,DHANCOT,DHANCOT,BSE,,1,0.05,2026-07-05 08:48:17.051738+00
521151,DHANFAB,DHANFAB,BSE,,1,0.01,2026-07-05 08:48:17.051738+00
521216,DHANROTO,DHANROTO,BSE,,1,0.01,2026-07-05 08:48:17.051738+00
512048,DHANSAFAL,DHANSAFAL,BSE,,1,0.01,2026-07-05 08:48:17.051738+00
507717,DHANUKA,DHANUKA,BSE,,1,0.05,2026-07-05 08:48:17.051738+00
541161,DHARAN,DHARAN,BSE,,1,0.01,2026-07-05 08:48:17.051738+00
511451,DHARFIN,DHARFIN,BSE,,1,0.01,2026-07-05 08:48:17.051738+00
543687,DHARMAJ,DHARMAJ,BSE,,1,0.05,2026-07-05 08:48:17.051738+00
543753,DHARNI,DHARNI,BSE,,3000,0.01,2026-07-05 08:48:17.051738+00
540080,DHATRE,DHATRE,BSE,,1,0.01,2026-07-05 08:48:17.051738+00
501945,DHENUBUILD,DHENUBUILD,BSE,,1,0.01,2026-07-05 08:48:17.051738+00
544556,DHILLON,DHILLON,BSE,,1600,0.01,2026-07-05 08:48:17.051738+00
517514,DHINDIA,DHINDIA,BSE,,1,0.05,2026-07-05 08:48:17.051738+00
526971,DHOOTIN,DHOOTIN,BSE,,1,0.05,2026-07-05 08:48:17.051738+00
531306,DHPIND,DHPIND,BSE,,1,0.05,2026-07-05 08:48:17.051738+00
541302,DHRUV,DHRUV,BSE,,1,0.01,2026-07-05 08:48:17.051738+00
531237,DHRUVCA,DHRUVCA,BSE,,1,0.05,2026-07-05 08:48:17.051738+00
533336,DHUNINV,DHUNINV,BSE,,1,0.05,2026-07-05 08:48:17.051738+00
543516,DHYAANITR,DHYAANITR,BSE,,2800,0.01,2026-07-05 08:48:17.051738+00
522163,DIACABS,DIACABS,BSE,,1,0.05,2026-07-05 08:48:17.051738+00
500120,DIAMINESQ,DIAMINESQ,BSE,,1,0.05,2026-07-05 08:48:17.051738+00
540724,DIAMONDYD,DIAMONDYD,BSE,,1,0.05,2026-07-05 08:48:17.051738+00
530959,DIANATEA,DIANATEA,BSE,,1,0.01,2026-07-05 08:48:17.051738+00
500089,DICIND,DICIND,BSE,,1,0.05,2026-07-05 08:48:17.051738+00
539900,DIDL,DIDL,BSE,,1,0.01,2026-07-05 08:48:17.051738+00
544264,DIFFNKG,DIFFNKG,BSE,,1,0.05,2026-07-05 08:48:17.051738+00
544079,DIGIDRIVE,DIGIDRIVE,BSE,,1,0.01,2026-07-05 08:48:17.051738+00
544684,DIGILOGIC,DIGILOGIC,BSE,,1200,0.05,2026-07-05 08:48:17.051738+00
517214,DIGISPICE,DIGISPICE,BSE,,1,0.01,2026-07-05 08:48:17.051738+00
544413,DIGITIDE,DIGITIDE,BSE,,1,0.01,2026-07-05 08:48:17.051738+00
539979,DIGJAMLMTD,DIGJAMLMTD,BSE,,1,0.01,2026-07-05 08:48:17.051738+00
540151,DIKSAT,DIKSAT,BSE,,750,0.05,2026-07-05 08:48:17.051738+00
544798,DIKSHA,DIKSHA,BSE,,1200,0.05,2026-07-05 08:48:17.051738+00
531153,DILIGENT,DILIGENT,BSE,,1,0.01,2026-07-05 08:48:17.051738+00
500068,DISAQ,DISAQ,BSE,,1,0.05,2026-07-05 08:48:17.051738+00
532839,DISHTV,DISHTV,BSE,,1,0.01,2026-07-05 08:48:17.051738+00
539405,DITCO,DITCO,BSE,,1,0.01,2026-07-05 08:48:17.051738+00
543812,DIVGIITTS,DIVGIITTS,BSE,,1,0.05,2026-07-05 08:48:17.051738+00
544661,DIVIDEND,DIVIDEND,BSE,,1,0.01,2026-07-05 08:48:17.051738+00
532488,DIVISLAB,DIVISLAB,BSE,,1,0.05,2026-07-05 08:48:17.051738+00
526315,DIVSHKT,DIVSHKT,BSE,,1,0.01,2026-07-05 08:48:17.051738+00
540699,DIXON,DIXON,BSE,,1,0.05,2026-07-05 08:48:17.051738+00
543193,DJML,DJML,BSE,,1,0.05,2026-07-05 08:48:17.051738+00
511636,DJSSS,DJSSS,BSE,,1,0.01,2026-07-05 08:48:17.051738+00
544170,DKUAL,DKUAL,BSE,,2000,0.01,2026-07-05 08:48:17.051738+00
541299,DLCL,DLCL,BSE,,4000,0.01,2026-07-05 08:48:17.051738+00
532868,DLF,DLF,BSE,,1,0.05,2026-07-05 08:48:17.051738+00
533146,DLINKINDIA,DLINKINDIA,BSE,,1,0.05,2026-07-05 08:48:17.051738+00
504240,DLTNCBL,DLTNCBL,BSE,,1,0.05,2026-07-05 08:48:17.051738+00
540376,DMART,DMART,BSE,,1,0.05,2026-07-05 08:48:17.051738+00
506405,DMCC,DMCC,BSE,,1,0.05,2026-07-05 08:48:17.051738+00
540811,DML,DML,BSE,,5000,0.01,2026-07-05 08:48:17.051738+00
543410,DMR,DMR,BSE,,1950,0.01,2026-07-05 08:48:17.051738+00
540789,DNAMEDIA,DNAMEDIA,BSE,,1,0.01,2026-07-05 08:48:17.051738+00
543306,DODLA,DODLA,BSE,,1,0.05,2026-07-05 08:48:17.051738+00
505526,DOLATALGO,DOLATALGO,BSE,,1,0.01,2026-07-05 08:48:17.051738+00
542013,DOLFIN,DOLFIN,BSE,,1,0.05,2026-07-05 08:48:17.051738+00
541403,DOLLAR,DOLLAR,BSE,,1,0.05,2026-07-05 08:48:17.051738+00
522261,DOLPHIN,DOLPHIN,BSE,,1,0.05,2026-07-05 08:48:17.051738+00
544045,DOMS,DOMS,BSE,,1,0.05,2026-07-05 08:48:17.051738+00
512519,DONEAR,DONEAR,BSE,,1,0.01,2026-07-05 08:48:17.051738+00
544161,DPABHUSHAN,DPABHUSHAN,BSE,,1,0.05,2026-07-05 08:48:17.051738+00
543594,DPL,DPL,BSE,,3000,0.01,2026-07-05 08:48:17.051738+00
543962,DPWIRES,DPWIRES,BSE,,1,0.05,2026-07-05 08:48:17.051738+00
540144,DRA,DRA,BSE,,2500,0.01,2026-07-05 08:48:17.051738+00
526783,DRAGARWQ,DRAGARWQ,BSE,,1,0.05,2026-07-05 08:48:17.051738+00
543268,DRCSYSTEMS,DRCSYSTEMS,BSE,,1,0.01,2026-07-05 08:48:17.051738+00
543591,DREAMFOLKS,DREAMFOLKS,BSE,,1,0.01,2026-07-05 08:48:17.051738+00
523618,DREDGECORP,DREDGECORP,BSE,,1,0.05,2026-07-05 08:48:17.051738+00
531553,DRL,DRL,BSE,,1,0.01,2026-07-05 08:48:17.051738+00
543713,DRONACHRYA,DRONACHRYA,BSE,,1000,0.01,2026-07-05 08:48:17.051738+00
500124,DRREDDY,DRREDDY,BSE,,1,0.05,2026-07-05 08:48:17.051738+00
544703,DSFCL,DSFCL,BSE,,1,0.01,2026-07-05 08:48:17.051738+00
501148,DSINVEST,DSINVEST,BSE,,1,0.05,2026-07-05 08:48:17.051738+00
532365,DSSL,DSSL,BSE,,1,0.05,2026-07-05 08:48:17.051738+00
538902,DTIL,DTIL,BSE,,1,0.05,2026-07-05 08:48:17.051738+00
534674,DUCON,DUCON,BSE,,1,0.01,2026-07-05 08:48:17.051738+00
531471,DUKEOFS,DUKEOFS,BSE,,1,0.01,2026-07-05 08:48:17.051738+00
504908,DUNCANENG,DUNCANENG,BSE,,1,0.05,2026-07-05 08:48:17.051738+00
526355,DUROPACK,DUROPACK,BSE,,1,0.01,2026-07-05 08:48:17.051738+00
516003,DUROPLY,DUROPLY,BSE,,1,0.05,2026-07-05 08:48:17.051738+00
517437,DUTRON,DUTRON,BSE,,1,0.05,2026-07-05 08:48:17.051738+00
523736,DVL,DVL,BSE,,1,0.05,2026-07-05 08:48:17.051738+00
532610,DWARKESH,DWARKESH,BSE,,1,0.01,2026-07-05 08:48:17.051738+00
540795,DYCL,DYCL,BSE,,1,0.05,2026-07-05 08:48:17.051738+00
505242,DYNAMATECH,DYNAMATECH,BSE,,1,0.05,2026-07-05 08:48:17.051738+00
530779,DYNAMICP,DYNAMICP,BSE,,1,0.01,2026-07-05 08:48:17.051738+00
524818,DYNAMIND,DYNAMIND,BSE,,1,0.05,2026-07-05 08:48:17.051738+00
517238,DYNAVSN,DYNAVSN,BSE,,1,0.05,2026-07-05 08:48:17.051738+00
532707,DYNPRO,DYNPRO,BSE,,1,0.05,2026-07-05 08:48:17.051738+00
544783,E2E,E2E,BSE,,1,0.05,2026-07-05 08:48:17.051738+00
544549,EARKART,EARKART,BSE,,1000,0.05,2026-07-05 08:48:17.051738+00
543765,EARTH,EARTH,BSE,,3000,0.01,2026-07-05 08:48:17.051738+00
543272,EASEMYTRIP,EASEMYTRIP,BSE,,1,0.01,2026-07-05 08:48:17.051738+00
507917,EASTBUILD,EASTBUILD,BSE,,1,0.01,2026-07-05 08:48:17.051738+00
523874,EASTINDIA,EASTINDIA,BSE,,1,0.01,2026-07-05 08:48:17.051738+00
531346,EASTRED,EASTRED,BSE,,1,0.01,2026-07-05 08:48:17.051738+00
590022,EASTSILK,EASTSILK,BSE,,1,0.01,2026-07-05 08:48:17.051738+00
540006,EASTWEST,EASTWEST,BSE,,1,0.01,2026-07-05 08:48:17.051738+00
542906,EASUN,EASUN,BSE,,1,0.01,2026-07-05 08:48:17.051738+00
511074,EASYFIN,EASYFIN,BSE,,1,0.05,2026-07-05 08:48:17.051738+00
544455,EBGNG,EBGNG,BSE,,1,0.05,2026-07-05 08:48:17.051738+00
531035,EBIX,EBIX,BSE,,1,0.01,2026-07-05 08:48:17.051738+00
544326,ECAPINSURE,ECAPINSURE,BSE,,1,0.01,2026-07-05 08:48:17.051738+00
532927,ECLERX,ECLERX,BSE,,1,0.05,2026-07-05 08:48:17.051738+00
523732,ECOBOAR,ECOBOAR,BSE,,1,0.01,2026-07-05 08:48:17.051738+00
514402,ECOHOTELS,ECOHOTELS,BSE,,1,0.01,2026-07-05 08:48:17.051738+00
526703,ECOPLAST,ECOPLAST,BSE,,1,0.05,2026-07-05 08:48:17.051738+00
530643,ECORECO,ECORECO,BSE,,1,0.05,2026-07-05 08:48:17.051738+00
544239,ECOSMOBLTY,ECOSMOBLTY,BSE,,1,0.05,2026-07-05 08:48:17.051738+00
540063,ECS,ECS,BSE,,1,0.01,2026-07-05 08:48:17.051738+00
520081,ECSTSTL,ECSTSTL,BSE,,100,0.01,2026-07-05 08:48:17.051738+00
532922,EDELWEISS,EDELWEISS,BSE,,1,0.05,2026-07-05 08:48:17.051738+00
517170,EDVENSWA,EDVENSWA,BSE,,1,0.01,2026-07-05 08:48:17.051738+00
501386,EENTER,EENTER,BSE,,1,0.01,2026-07-05 08:48:17.051738+00
512008,EFCIL,EFCIL,BSE,,1,0.05,2026-07-05 08:48:17.051738+00
531190,EFORU,EFORU,BSE,,1,0.01,2026-07-05 08:48:17.051738+00
505200,EICHERMOT,EICHERMOT,BSE,,1,0.05,2026-07-05 08:48:17.051738+00
500125,EIDPARRY,EIDPARRY,BSE,,1,0.05,2026-07-05 08:48:17.051738+00
544290,EIEL,EIEL,BSE,,1,0.05,2026-07-05 08:48:17.051738+00
543518,EIGHTY,EIGHTY,BSE,,3000,0.01,2026-07-05 08:48:17.051738+00
523127,EIHAHOTELS,EIHAHOTELS,BSE,,1,0.05,2026-07-05 08:48:17.051738+00
500840,EIHOTEL,EIHOTEL,BSE,,1,0.05,2026-07-05 08:48:17.051738+00
540204,EIKO,EIKO,BSE,,1,0.01,2026-07-05 08:48:17.051738+00
523708,EIMCOELECO,EIMCOELECO,BSE,,1,0.05,2026-07-05 08:48:17.051738+00
530581,EKAMLEA,EKAMLEA,BSE,,1,0.01,2026-07-05 08:48:17.051738+00
531364,EKANSH,EKANSH,BSE,,1,0.05,2026-07-05 08:48:17.051738+00
532684,EKC,EKC,BSE,,1,0.05,2026-07-05 08:48:17.051738+00
543475,EKENNIS,EKENNIS,BSE,,800,0.05,2026-07-05 08:48:17.051738+00
543284,EKI,EKI,BSE,,1,0.01,2026-07-05 08:48:17.051738+00
532820,ELAND,ELAND,BSE,,1,0.01,2026-07-05 08:48:17.051738+00
513452,ELANGO,ELANGO,BSE,,1,0.01,2026-07-05 08:48:17.051738+00
500123,ELANTAS,ELANTAS,BSE,,1,0.05,2026-07-05 08:48:17.051738+00
503681,ELCIDIN,ELCIDIN,BSE,,1,0.05,2026-07-05 08:48:17.051738+00
523329,ELDEHSG,ELDEHSG,BSE,,1,0.05,2026-07-05 08:48:17.051738+00
505700,ELECON,ELECON,BSE,,1,0.05,2026-07-05 08:48:17.051738+00
500128,ELECTCAST,ELECTCAST,BSE,,1,0.01,2026-07-05 08:48:17.051738+00
526608,ELECTHERM,ELECTHERM,BSE,,1,0.05,2026-07-05 08:48:17.051738+00
526473,ELEFLOR,ELEFLOR,BSE,,1,0.01,2026-07-05 08:48:17.051738+00
526705,ELEMARB,ELEMARB,BSE,,1,0.05,2026-07-05 08:48:17.051738+00
544724,ELFIN,ELFIN,BSE,,3000,0.01,2026-07-05 08:48:17.051738+00
531144,ELFORGE,ELFORGE,BSE,,1,0.01,2026-07-05 08:48:17.051738+00
522074,ELGIEQUIP,ELGIEQUIP,BSE,,1,0.05,2026-07-05 08:48:17.051738+00
543725,ELIN,ELIN,BSE,,1,0.05,2026-07-05 08:48:17.051738+00
539533,ELITECON,ELITECON,BSE,,1,0.01,2026-07-05 08:48:17.051738+00
531278,ELIXIR,ELIXIR,BSE,,1,0.05,2026-07-05 08:48:17.051738+00
544421,ELLEN,ELLEN,BSE,,1,0.05,2026-07-05 08:48:17.051738+00
517477,ELNET,ELNET,BSE,,1,0.05,2026-07-05 08:48:17.051738+00
504000,ELPROINTL,ELPROINTL,BSE,,1,0.05,2026-07-05 08:48:17.051738+00
522027,EMAINDIA,EMAINDIA,BSE,,1,0.05,2026-07-05 08:48:17.051738+00
531162,EMAMILTD,EMAMILTD,BSE,,1,0.05,2026-07-05 08:48:17.051738+00
533208,EMAMIPAP,EMAMIPAP,BSE,,1,0.01,2026-07-05 08:48:17.051738+00
533218,EMAMIREAL,EMAMIREAL,BSE,,1,0.01,2026-07-05 08:48:17.051738+00
532832,EMBDL,EMBDL,BSE,,1,0.01,2026-07-05 08:48:17.051738+00
544210,EMCURE,EMCURE,BSE,,1,0.05,2026-07-05 08:48:17.051738+00
538882,EMERALD,EMERALD,BSE,,1,0.01,2026-07-05 08:48:17.051738+00
507265,EMERALL,EMERALL,BSE,,1,0.05,2026-07-05 08:48:17.051738+00
506180,EMERGENT,EMERGENT,BSE,,1,0.05,2026-07-05 08:48:17.051738+00
544747,EMIAC,EMIAC,BSE,,1200,0.01,2026-07-05 08:48:17.051738+00
543626,EMIL,EMIL,BSE,,1,0.05,2026-07-05 08:48:17.051738+00
532737,EMKAY,EMKAY,BSE,,1,0.05,2026-07-05 08:48:17.051738+00
533161,EMMBI,EMMBI,BSE,,1,0.01,2026-07-05 08:48:17.051738+00
524768,EMMESSA,EMMESSA,BSE,,1,0.01,2026-07-05 08:48:17.051738+00
544166,EMMFORCE,EMMFORCE,BSE,,1200,0.05,2026-07-05 08:48:17.051738+00
544608,EMMVEE,EMMVEE,BSE,,1,0.05,2026-07-05 08:48:17.051738+00
509525,EMPIND,EMPIND,BSE,,1,0.05,2026-07-05 08:48:17.051738+00
504351,EMPOWER,EMPOWER,BSE,,1,0.01,2026-07-05 08:48:17.051738+00
531676,EMROCK,EMROCK,BSE,,1,0.05,2026-07-05 08:48:17.051738+00
543983,EMSLIMITED,EMSLIMITED,BSE,,1,0.05,2026-07-05 08:48:17.051738+00
543533,EMUDHRA,EMUDHRA,BSE,,1,0.05,2026-07-05 08:48:17.051738+00
512441,ENBETRD,ENBETRD,BSE,,1,0.01,2026-07-05 08:48:17.051738+00
530733,ENCODE,ENCODE,BSE,,1,0.01,2026-07-05 08:48:17.051738+00
540153,ENDURANCE,ENDURANCE,BSE,,1,0.05,2026-07-05 08:48:17.051738+00
544604,ENERGY,ENERGY,BSE,,1,0.01,2026-07-05 08:48:17.051738+00
99919084,ENERGY,S&P BSE ENERGY,BSE,AMXIDX,1,0.00,2026-07-05 08:48:17.051738+00
532219,ENERGYDEV,ENERGYDEV,BSE,,1,0.01,2026-07-05 08:48:17.051738+00
544761,ENEXT50,ENEXT50,BSE,,1,0.01,2026-07-05 08:48:17.051738+00
532178,ENGINERSIN,ENGINERSIN,BSE,,1,0.05,2026-07-05 08:48:17.051738+00
532700,ENIL,ENIL,BSE,,1,0.05,2026-07-05 08:48:17.051738+00
533477,ENKEIWHEL,ENKEIWHEL,BSE,,1,0.05,2026-07-05 08:48:17.051738+00
544390,ENRIN,ENRIN,BSE,,1,0.05,2026-07-05 08:48:17.051738+00
544122,ENTERO,ENTERO,BSE,,1,0.05,2026-07-05 08:48:17.051738+00
526574,ENTRINT,ENTRINT,BSE,,1,0.01,2026-07-05 08:48:17.051738+00
500246,ENVAIREL,ENVAIREL,BSE,,1,0.01,2026-07-05 08:48:17.051738+00
544095,EPACK,EPACK,BSE,,1,0.05,2026-07-05 08:48:17.051738+00
544540,EPACKPEB,EPACKPEB,BSE,,1,0.05,2026-07-05 08:48:17.051738+00
543595,EPBIO,EPBIO,BSE,,500,0.01,2026-07-05 08:48:17.051738+00
530407,EPIC,EPIC,BSE,,1,0.01,2026-07-05 08:48:17.051738+00
543332,EPIGRAL,EPIGRAL,BSE,,1,0.05,2026-07-05 08:48:17.051738+00
500135,EPL,EPL,BSE,,1,0.05,2026-07-05 08:48:17.051738+00
531155,EPSOMPRO,EPSOMPRO,BSE,,1,0.01,2026-07-05 08:48:17.051738+00
532092,EPUJA,EPUJA,BSE,,1,0.01,2026-07-05 08:48:17.051738+00
544377,EQUAL200,EQUAL200,BSE,,1,0.01,2026-07-05 08:48:17.051738+00
544401,EQUAL50,EQUAL50,BSE,,1,0.01,2026-07-05 08:48:17.051738+00
543388,EQUAL50ADD,EQUAL50ADD,BSE,,1,0.01,2026-07-05 08:48:17.051738+00
531262,EQUILATERA,EQUILATERA,BSE,,1,0.01,2026-07-05 08:48:17.051738+00
590057,EQUIPPP,EQUIPPP,BSE,,1,0.01,2026-07-05 08:48:17.051738+00
543243,EQUITASBNK,EQUITASBNK,BSE,,1,0.01,2026-07-05 08:48:17.051738+00
540596,ERIS,ERIS,BSE,,1,0.05,2026-07-05 08:48:17.051738+00
530909,ERPSOFT,ERPSOFT,BSE,,1,0.01,2026-07-05 08:48:17.051738+00
500133,ESABINDIA,ESABINDIA,BSE,,1,0.05,2026-07-05 08:48:17.051738+00
544020,ESAFSFB,ESAFSFB,BSE,,1,0.01,2026-07-05 08:48:17.051738+00
531502,ESARIND,ESARIND,BSE,,1,0.01,2026-07-05 08:48:17.051738+00
540455,ESCORP,ESCORP,BSE,,1,0.05,2026-07-05 08:48:17.051738+00
500495,ESCORTS,ESCORTS,BSE,,1,0.05,2026-07-05 08:48:17.051738+00
544618,ESENSEX,ESENSEX,BSE,,1,0.01,2026-07-05 08:48:17.051738+00
543246,ESG,ESG,BSE,,1,0.01,2026-07-05 08:48:17.051738+00
531259,ESHAMEDIA,ESHAMEDIA,BSE,,1,0.01,2026-07-05 08:48:17.051738+00
532016,ESPIRE,ESPIRE,BSE,,1,0.05,2026-07-05 08:48:17.051738+00
512439,ESQRMON,ESQRMON,BSE,,1,0.01,2026-07-05 08:48:17.051738+00
533704,ESSARSHPNG,ESSARSHPNG,BSE,,1,0.01,2026-07-05 08:48:17.051738+00
535958,ESSENTIA,ESSENTIA,BSE,,1,0.01,2026-07-05 08:48:17.051738+00
544475,ESSEX,ESSEX,BSE,,2000,0.01,2026-07-05 08:48:17.051738+00
500136,ESTER,ESTER,BSE,,1,0.01,2026-07-05 08:48:17.051738+00
543320,ETERNAL,ETERNAL,BSE,,1,0.05,2026-07-05 08:48:17.051738+00
543532,ETHOSLTD,ETHOSLTD,BSE,,1,0.05,2026-07-05 08:48:17.051738+00
538708,ETIL,ETIL,BSE,,1,0.01,2026-07-05 08:48:17.051738+00
544094,EUPHORIAIT,EUPHORIAIT,BSE,,1200,0.01,2026-07-05 08:48:17.051738+00
543482,EUREKAFORB,EUREKAFORB,BSE,,1,0.05,2026-07-05 08:48:17.051738+00
521137,EUREKAI,EUREKAI,BSE,,1,0.01,2026-07-05 08:48:17.051738+00
544461,EUROBOND,EUROBOND,BSE,,1,0.05,2026-07-05 08:48:17.051738+00
526468,EUROLED,EUROLED,BSE,,1,0.01,2026-07-05 08:48:17.051738+00
544519,EUROPRATIK,EUROPRATIK,BSE,,1,0.05,2026-07-05 08:48:17.051738+00
521014,EUROTEXIND,EUROTEXIND,BSE,,1,0.01,2026-07-05 08:48:17.051738+00
542668,EVANS,EVANS,BSE,,1000,0.01,2026-07-05 08:48:17.051738+00
531508,EVEREADY,EVEREADY,BSE,,1,0.05,2026-07-05 08:48:17.051738+00
508906,EVERESTIND,EVERESTIND,BSE,,1,0.05,2026-07-05 08:48:17.051738+00
524790,EVERESTO,EVERESTO,BSE,,1,0.05,2026-07-05 08:48:17.051738+00
514358,EVERFIN,EVERFIN,BSE,,1,0.05,2026-07-05 08:48:17.051738+00
524444,EVEXIA,EVEXIA,BSE,,1,0.01,2026-07-05 08:48:17.051738+00
544394,EVIETF,EVIETF,BSE,,1,0.01,2026-07-05 08:48:17.051738+00
544212,EVINDIA,EVINDIA,BSE,,1,0.01,2026-07-05 08:48:17.051738+00
543500,EVOQ,EVOQ,BSE,,4000,0.01,2026-07-05 08:48:17.051738+00
544626,EXATO,EXATO,BSE,,500,0.05,2026-07-05 08:48:17.051738+00
500650,EXCELINDUS,EXCELINDUS,BSE,,1,0.05,2026-07-05 08:48:17.051738+00
544617,EXCELSOFT,EXCELSOFT,BSE,,1,0.01,2026-07-05 08:48:17.051738+00
543895,EXHICON,EXHICON,BSE,,250,0.05,2026-07-05 08:48:17.051738+00
544133,EXICOM,EXICOM,BSE,,1,0.05,2026-07-05 08:48:17.051738+00
500086,EXIDEIND,EXIDEIND,BSE,,1,0.05,2026-07-05 08:48:17.051738+00
533121,EXPLEOSOL,EXPLEOSOL,BSE,,1,0.05,2026-07-05 08:48:17.051738+00
530571,EXPLICITFIN,EXPLICITFIN,BSE,,1,0.01,2026-07-05 08:48:17.051738+00
526614,EXPOEAPL,EXPOEAPL,BSE,,1,0.01,2026-07-05 08:48:17.051738+00
543327,EXXARO,EXXARO,BSE,,1,0.01,2026-07-05 08:48:17.051738+00
512099,EY,EY,BSE,,1,0.05,2026-07-05 08:48:17.051738+00
544164,FAALCON,FAALCON,BSE,,2000,0.01,2026-07-05 08:48:17.051738+00
544332,FABCLEAN,FABCLEAN,BSE,,400,0.05,2026-07-05 08:48:17.051738+00
543444,FABINO,FABINO,BSE,,3000,0.01,2026-07-05 08:48:17.051738+00
544558,FABTECH,FABTECH,BSE,,1,0.05,2026-07-05 08:48:17.051738+00
532656,FACORALL,FACORALL,BSE,,1,0.01,2026-07-05 08:48:17.051738+00
590024,FACT,FACT,BSE,,1,0.05,2026-07-05 08:48:17.051738+00
543252,FAIRCHEMOR,FAIRCHEMOR,BSE,,1,0.05,2026-07-05 08:48:17.051738+00
516110,FAMILYCARE,FAMILYCARE,BSE,,1,0.01,2026-07-05 08:48:17.051738+00
530079,FAZE3Q,FAZE3Q,BSE,,1,0.05,2026-07-05 08:48:17.051738+00
533333,FCL,FCL,BSE,,1,0.01,2026-07-05 08:48:17.051738+00
532666,FCSSOFT,FCSSOFT,BSE,,1,0.01,2026-07-05 08:48:17.051738+00
531599,FDC,FDC,BSE,,1,0.05,2026-07-05 08:48:17.051738+00
511628,FEDDERSHOL,FEDDERSHOL,BSE,,1,0.01,2026-07-05 08:48:17.051738+00
500469,FEDERALBNK,FEDERALBNK,BSE,,1,0.05,2026-07-05 08:48:17.051738+00
544027,FEDFINA,FEDFINA,BSE,,1,0.05,2026-07-05 08:48:17.051738+00
523574,FEL,FEL,BSE,,1,0.01,2026-07-05 08:48:17.051738+00
570002,FELDVR,FELDVR,BSE,,1,0.01,2026-07-05 08:48:17.051738+00
506414,FERMENTA,FERMENTA,BSE,,1,0.05,2026-07-05 08:48:17.051738+00
533896,FERVENTSYN,FERVENTSYN,BSE,,1,0.01,2026-07-05 08:48:17.051738+00
513579,FFPL,FFPL,BSE,,1,0.01,2026-07-05 08:48:17.051738+00
500142,FGP,FGP,BSE,,1,0.01,2026-07-05 08:48:17.051738+00
507910,FIBERWEB,FIBERWEB,BSE,,1,0.01,2026-07-05 08:48:17.051738+00
532768,FIEMIND,FIEMIND,BSE,,1,0.05,2026-07-05 08:48:17.051738+00
544707,FIL,FIL,BSE,,600,0.05,2026-07-05 08:48:17.051738+00
526227,FILATEX,FILATEX,BSE,,1,0.01,2026-07-05 08:48:17.051738+00
532022,FILATFASH,FILATFASH,BSE,,1,0.01,2026-07-05 08:48:17.051738+00
531486,FILME,FILME,BSE,,1,0.01,2026-07-05 08:48:17.051738+00
539098,FILTRA,FILTRA,BSE,,2000,0.01,2026-07-05 08:48:17.051738+00
531191,FILTRON,FILTRON,BSE,,1,0.01,2026-07-05 08:48:17.051738+00
500144,FINCABLES,FINCABLES,BSE,,1,0.05,2026-07-05 08:48:17.051738+00
517264,FINELINE,FINELINE,BSE,,1,0.01,2026-07-05 08:48:17.051738+00
541557,FINEORG,FINEORG,BSE,,1,0.05,2026-07-05 08:48:17.051738+00
543677,FINIETF,FINIETF,BSE,,1,0.01,2026-07-05 08:48:17.051738+00
508954,FINKURVE,FINKURVE,BSE,,1,0.01,2026-07-05 08:48:17.051738+00
543386,FINOPB,FINOPB,BSE,,1,0.05,2026-07-05 08:48:17.051738+00
500940,FINPIPE,FINPIPE,BSE,,1,0.05,2026-07-05 08:48:17.051738+00
544226,FIRSTCRY,FIRSTCRY,BSE,,1,0.05,2026-07-05 08:48:17.051738+00
532379,FIRSTFIN,FIRSTFIN,BSE,,1,0.01,2026-07-05 08:48:17.051738+00
524743,FISCHER,FISCHER,BSE,,1,0.01,2026-07-05 08:48:17.051738+00
543663,FIVESTAR,FIVESTAR,BSE,,1,0.05,2026-07-05 08:48:17.051738+00
544030,FLAIR,FLAIR,BSE,,1,0.05,2026-07-05 08:48:17.051738+00
523672,FLEXFO,FLEXFO,BSE,,1,0.01,2026-07-05 08:48:17.051738+00
544581,FLEXIADD,FLEXIADD,BSE,,1,0.01,2026-07-05 08:48:17.051738+00
533638,FLEXITUFF,FLEXITUFF,BSE,,1,0.01,2026-07-05 08:48:17.051738+00
536507,FLFL,FLFL,BSE,,1,0.01,2026-07-05 08:48:17.051738+00
504380,FLOMIC,FLOMIC,BSE,,1,0.01,2026-07-05 08:48:17.051738+00
540267,FLORACORP,FLORACORP,BSE,,1,0.01,2026-07-05 08:48:17.051738+00
522017,FLUIDOM,FLUIDOM,BSE,,1,0.05,2026-07-05 08:48:17.051738+00
542812,FLUOROCHEM,FLUOROCHEM,BSE,,1,0.05,2026-07-05 08:48:17.051738+00
544760,FMCGADD,FMCGADD,BSE,,1,0.01,2026-07-05 08:48:17.051738+00
543326,FMCGIETF,FMCGIETF,BSE,,1,0.01,2026-07-05 08:48:17.051738+00
539552,FMEC,FMEC,BSE,,1,0.01,2026-07-05 08:48:17.051738+00
505744,FMGOETZE,FMGOETZE,BSE,,1,0.05,2026-07-05 08:48:17.051738+00
533296,FMNL,FMNL,BSE,,1,0.01,2026-07-05 08:48:17.051738+00
543312,FOCUS,FOCUS,BSE,,2133,0.05,2026-07-05 08:48:17.051738+00
543521,FONE4,FONE4,BSE,,10000,0.01,2026-07-05 08:48:17.051738+00
507552,FOODSIN,FOODSIN,BSE,,1,0.01,2026-07-05 08:48:17.051738+00
502865,FORBESCO,FORBESCO,BSE,,1,0.05,2026-07-05 08:48:17.051738+00
500033,FORCEMOT,FORCEMOT,BSE,,1,0.05,2026-07-05 08:48:17.051738+00
530213,FORINTL,FORINTL,BSE,,1,0.01,2026-07-05 08:48:17.051738+00
532843,FORTIS,FORTIS,BSE,,1,0.05,2026-07-05 08:48:17.051738+00
523696,FORTISMLR,FORTISMLR,BSE,,1,0.01,2026-07-05 08:48:17.051738+00
523160,FOSECOC,FOSECOC,BSE,,1,0.05,2026-07-05 08:48:17.051738+00
500150,FOSECOIND,FOSECOIND,BSE,,1,0.05,2026-07-05 08:48:17.051738+00
544700,FRACTAL,FRACTAL,BSE,,1,0.05,2026-07-05 08:48:17.051738+00
539839,FRANKLIN,FRANKLIN,BSE,,4000,0.01,2026-07-05 08:48:17.051738+00
540190,FRANKLININD,FRANKLININD,BSE,,1,0.01,2026-07-05 08:48:17.051738+00
539032,FRASER,FRASER,BSE,,1,0.01,2026-07-05 08:48:17.051738+00
541741,FRATELLI,FRATELLI,BSE,,1,0.01,2026-07-05 08:48:17.051738+00
539730,FREDUN,FREDUN,BSE,,1,0.05,2026-07-05 08:48:17.051738+00
508980,FRONTCAP,FRONTCAP,BSE,,1,0.01,2026-07-05 08:48:17.051738+00
532042,FRONTCORP,FRONTCORP,BSE,,1,0.01,2026-07-05 08:48:17.051738+00
531685,FRONTFN,FRONTFN,BSE,,1,0.01,2026-07-05 08:48:17.051738+00
522195,FRONTSP,FRONTSP,BSE,,1,0.05,2026-07-05 08:48:17.051738+00
538568,FRUTION,FRUTION,BSE,,1,0.01,2026-07-05 08:48:17.051738+00
532809,FSL,FSL,BSE,,1,0.05,2026-07-05 08:48:17.051738+00
544173,FTL,FTL,BSE,,1000,0.01,2026-07-05 08:48:17.051738+00
530197,FUNDVISER,FUNDVISER,BSE,,1,0.05,2026-07-05 08:48:17.051738+00
543652,FUSION,FUSION,BSE,,1,0.05,2026-07-05 08:48:17.051738+00
534063,FUTSOL,FUTSOL,BSE,,1,0.01,2026-07-05 08:48:17.051738+00
523113,FUTURSEC,FUTURSEC,BSE,,1,0.01,2026-07-05 08:48:17.051738+00
507962,FYNX,FYNX,BSE,,1,0.01,2026-07-05 08:48:17.051738+00
505714,GABRIEL,GABRIEL,BSE,,1,0.05,2026-07-05 08:48:17.051738+00
524226,GAEL,GAEL,BSE,,1,0.05,2026-07-05 08:48:17.051738+00
524624,GAGAN,GAGAN,BSE,,1,0.01,2026-07-05 08:48:17.051738+00
532155,GAIL,GAIL,BSE,,1,0.05,2026-07-05 08:48:17.051738+00
538609,GAJANANSEC,GAJANANSEC,BSE,,1,0.01,2026-07-05 08:48:17.051738+00
542802,GALACTICO,GALACTICO,BSE,,1,0.01,2026-07-05 08:48:17.051738+00
504697,GALADA,GALADA,BSE,,1,0.01,2026-07-05 08:48:17.051738+00
538881,GALADAFIN,GALADAFIN,BSE,,1,0.01,2026-07-05 08:48:17.051738+00
531911,GALAGEX,GALAGEX,BSE,,1,0.01,2026-07-05 08:48:17.051738+00
544244,GALAPREC,GALAPREC,BSE,,1,0.05,2026-07-05 08:48:17.051738+00
540935,GALAXYSURF,GALAXYSURF,BSE,,1,0.05,2026-07-05 08:48:17.051738+00
532726,GALLANTT,GALLANTT,BSE,,1,0.05,2026-07-05 08:48:17.051738+00
544616,GALLARD,GALLARD,BSE,,1000,0.05,2026-07-05 08:48:17.051738+00
531902,GALLOPENT,GALLOPENT,BSE,,1,0.01,2026-07-05 08:48:17.051738+00
526073,GALXBRG,GALXBRG,BSE,,1,0.05,2026-07-05 08:48:17.051738+00
540097,GAMCO,GAMCO,BSE,,1,0.01,2026-07-05 08:48:17.051738+00
544029,GANDHAR,GANDHAR,BSE,,1,0.05,2026-07-05 08:48:17.051738+00
513108,GANDHITUBE,GANDHITUBE,BSE,,1,0.05,2026-07-05 08:48:17.051738+00
514167,GANECOS,GANECOS,BSE,,1,0.05,2026-07-05 08:48:17.051738+00
500153,GANESHBE,GANESHBE,BSE,,1,0.05,2026-07-05 08:48:17.051738+00
544528,GANESHCP,GANESHCP,BSE,,1,0.05,2026-07-05 08:48:17.051738+00
526367,GANESHHOU,GANESHHOU,BSE,,1,0.05,2026-07-05 08:48:17.051738+00
531813,GANGAPA,GANGAPA,BSE,,1,0.01,2026-07-05 08:48:17.051738+00
539680,GANGAPHARM,GANGAPHARM,BSE,,8000,0.01,2026-07-05 08:48:17.051738+00
540647,GANGESSECU,GANGESSECU,BSE,,1,0.05,2026-07-05 08:48:17.051738+00
504397,GANHOLD,GANHOLD,BSE,,1,0.01,2026-07-05 08:48:17.051738+00
512443,GANONPRO,GANONPRO,BSE,,1,0.01,2026-07-05 08:48:17.051738+00
539041,GANVERSE,GANVERSE,BSE,,1250,0.01,2026-07-05 08:48:17.051738+00
539492,GARBIFIN,GARBIFIN,BSE,,1,0.01,2026-07-05 08:48:17.051738+00
509557,GARFIBRES,GARFIBRES,BSE,,1,0.05,2026-07-05 08:48:17.051738+00
530615,GARGFUR,GARGFUR,BSE,,1,0.05,2026-07-05 08:48:17.051738+00
543709,GARGI,GARGI,BSE,,125,0.05,2026-07-05 08:48:17.051738+00
539216,GARMNTMNTR,GARMNTMNTR,BSE,,1,0.01,2026-07-05 08:48:17.051738+00
526727,GARNET,GARNET,BSE,,1,0.01,2026-07-05 08:48:17.051738+00
512493,GARNETINT,GARNETINT,BSE,,1,0.01,2026-07-05 08:48:17.051738+00
544271,GARUDA,GARUDA,BSE,,1,0.05,2026-07-05 08:48:17.051738+00
509563,GARWAMAR,GARWAMAR,BSE,,1,0.01,2026-07-05 08:48:17.051738+00
501848,GARWAOFFS,GARWAOFFS,BSE,,1,0.01,2026-07-05 08:48:17.051738+00
514400,GARWSYN,GARWSYN,BSE,,1,0.01,2026-07-05 08:48:17.051738+00
531723,GATECH,GATECH,BSE,,1,0.01,2026-07-05 08:48:17.051738+00
570005,GATECHDVR,GATECHDVR,BSE,,1,0.01,2026-07-05 08:48:17.051738+00
543489,GATEWAY,GATEWAY,BSE,,1,0.01,2026-07-05 08:48:17.051738+00
544709,GAUDIUMIVF,GAUDIUMIVF,BSE,,1,0.05,2026-07-05 08:48:17.051738+00
541546,GAYAHWS,GAYAHWS,BSE,,1,0.01,2026-07-05 08:48:17.051738+00
532767,GAYAPROJ,GAYAPROJ,BSE,,1,0.01,2026-07-05 08:48:17.051738+00
532183,GAYATRI,GAYATRI,BSE,,1,0.01,2026-07-05 08:48:17.051738+00
524564,GAYATRIBI,GAYATRIBI,BSE,,1,0.01,2026-07-05 08:48:17.051738+00
538787,GBFL,GBFL,BSE,,1,0.01,2026-07-05 08:48:17.051738+00
544348,GBLOGISTIC,GBLOGISTIC,BSE,,1200,0.01,2026-07-05 08:48:17.051738+00
538319,GCMCAPI,GCMCAPI,BSE,,1000,0.01,2026-07-05 08:48:17.051738+00
535917,GCMCOMM,GCMCOMM,BSE,,6000,0.01,2026-07-05 08:48:17.051738+00
535431,GCMSECU,GCMSECU,BSE,,1,0.01,2026-07-05 08:48:17.051738+00
544156,GCONNECT,GCONNECT,BSE,,1500,0.01,2026-07-05 08:48:17.051738+00
543324,GCSL,GCSL,BSE,,1,0.05,2026-07-05 08:48:17.051738+00
512091,GDIL,GDIL,BSE,,1,0.01,2026-07-05 08:48:17.051738+00
530855,GDLLEAS,GDLLEAS,BSE,,1,0.01,2026-07-05 08:48:17.051738+00
504028,GEE,GEE,BSE,,1,0.05,2026-07-05 08:48:17.051738+00
532764,GEECEE,GEECEE,BSE,,1,0.05,2026-07-05 08:48:17.051738+00
540613,GEL,GEL,BSE,,3000,0.01,2026-07-05 08:48:17.051738+00
544491,GEMAROMA,GEMAROMA,BSE,,1,0.05,2026-07-05 08:48:17.051738+00
544199,GEMENVIRO,GEMENVIRO,BSE,,800,0.01,2026-07-05 08:48:17.051738+00
531137,GEMSI,GEMSI,BSE,,1,0.01,2026-07-05 08:48:17.051738+00
521133,GEMSPIN,GEMSPIN,BSE,,100,0.01,2026-07-05 08:48:17.051738+00
539407,GENCON,GENCON,BSE,,1,0.01,2026-07-05 08:48:17.051738+00
506109,GENESYS,GENESYS,BSE,,1,0.05,2026-07-05 08:48:17.051738+00
531739,GENNEX,GENNEX,BSE,,1,0.01,2026-07-05 08:48:17.051738+00
531592,GENPHARMA,GENPHARMA,BSE,,1,0.01,2026-07-05 08:48:17.051738+00
538961,GENUSPAPER,GENUSPAPER,BSE,,1,0.01,2026-07-05 08:48:17.051738+00
530343,GENUSPOWER,GENUSPOWER,BSE,,1,0.05,2026-07-05 08:48:17.051738+00
532425,GENUSPRIME,GENUSPRIME,BSE,,1,0.01,2026-07-05 08:48:17.051738+00
532285,GEOJITFSL,GEOJITFSL,BSE,,1,0.01,2026-07-05 08:48:17.051738+00
500620,GESHIP,GESHIP,BSE,,1,0.05,2026-07-05 08:48:17.051738+00
543372,GETALONG,GETALONG,BSE,,5000,0.01,2026-07-05 08:48:17.051738+00
500173,GFLLIMITED,GFLLIMITED,BSE,,1,0.01,2026-07-05 08:48:17.051738+00
531399,GGAUTO,GGAUTO,BSE,,1,0.05,2026-07-05 08:48:17.051738+00
505250,GGDPROP,GGDPROP,BSE,,1,0.01,2026-07-05 08:48:17.051738+00
540936,GGL,GGL,BSE,,1,0.01,2026-07-05 08:48:17.051738+00
539228,GGPL,GGPL,BSE,,1,0.01,2026-07-05 08:48:17.051738+00
500171,GHCL,GHCL,BSE,,1,0.05,2026-07-05 08:48:17.051738+00
543918,GHCLTEXTIL,GHCLTEXTIL,BSE,,1,0.01,2026-07-05 08:48:17.051738+00
539864,GHUSHINE,GHUSHINE,BSE,,5000,0.01,2026-07-05 08:48:17.051738+00
505504,GHVINFRA,GHVINFRA,BSE,,1,0.05,2026-07-05 08:48:17.051738+00
542918,GIANLIFE,GIANLIFE,BSE,,1,0.01,2026-07-05 08:48:17.051738+00
511676,GICHSGFIN,GICHSGFIN,BSE,,1,0.05,2026-07-05 08:48:17.051738+00
540755,GICRE,GICRE,BSE,,1,0.05,2026-07-05 08:48:17.051738+00
538788,GILADAFINS,GILADAFINS,BSE,,1,0.01,2026-07-05 08:48:17.051738+00
532716,GILLANDERS,GILLANDERS,BSE,,1,0.01,2026-07-05 08:48:17.051738+00
507815,GILLETTE,GILLETTE,BSE,,1,0.05,2026-07-05 08:48:17.051738+00
531744,GINISILK,GINISILK,BSE,,1,0.01,2026-07-05 08:48:17.051738+00
590025,GINNIFILA,GINNIFILA,BSE,,1,0.01,2026-07-05 08:48:17.051738+00
517300,GIPCL,GIPCL,BSE,,1,0.05,2026-07-05 08:48:17.051738+00
539013,GITARENEW,GITARENEW,BSE,,1,0.01,2026-07-05 08:48:17.051738+00
533212,GKB,GKB,BSE,,1,0.01,2026-07-05 08:48:17.051738+00
531758,GKCONS,GKCONS,BSE,,1,0.01,2026-07-05 08:48:17.051738+00
544525,GKENERGY,GKENERGY,BSE,,1,0.05,2026-07-05 08:48:17.051738+00
540545,GKL,GKL,BSE,,1,0.01,2026-07-05 08:48:17.051738+00
542666,GKP,GKP,BSE,,1,0.01,2026-07-05 08:48:17.051738+00
544666,GKSL,GKSL,BSE,,1,0.05,2026-07-05 08:48:17.051738+00
542477,GLAAMUP,GLAAMUP,BSE,,10000,0.01,2026-07-05 08:48:17.051738+00
531199,GLANCE,GLANCE,BSE,,1,0.05,2026-07-05 08:48:17.051738+00
543245,GLAND,GLAND,BSE,,1,0.05,2026-07-05 08:48:17.051738+00
500660,GLAXO,GLAXO,BSE,,1,0.05,2026-07-05 08:48:17.051738+00
540266,GLCL,GLCL,BSE,,1,0.01,2026-07-05 08:48:17.051738+00
544444,GLEN,GLEN,BSE,,1200,0.01,2026-07-05 08:48:17.051738+00
532296,GLENMARK,GLENMARK,BSE,,1,0.05,2026-07-05 08:48:17.051738+00
500174,GLFL,GLFL,BSE,,1,0.01,2026-07-05 08:48:17.051738+00
543520,GLHRL,GLHRL,BSE,,1000,0.01,2026-07-05 08:48:17.051738+00
513528,GLITTEKG,GLITTEKG,BSE,,1,0.01,2026-07-05 08:48:17.051738+00
530263,GLOBALCA,GLOBALCA,BSE,,1,0.01,2026-07-05 08:48:17.051738+00
544234,GLOBALE,GLOBALE,BSE,,1,0.01,2026-07-05 08:48:17.051738+00
544665,GLOBALLOG,GLOBALLOG,BSE,,1600,0.05,2026-07-05 08:48:17.051738+00
532773,GLOBALVECT,GLOBALVECT,BSE,,1,0.05,2026-07-05 08:48:17.051738+00
544424,GLOBECIVIL,GLOBECIVIL,BSE,,1,0.01,2026-07-05 08:48:17.051738+00
544494,GLOBTIER,GLOBTIER,BSE,,1600,0.01,2026-07-05 08:48:17.051738+00
526025,GLOBUSCON,GLOBUSCON,BSE,,1,0.01,2026-07-05 08:48:17.051738+00
533104,GLOBUSSPR,GLOBUSSPR,BSE,,1,0.05,2026-07-05 08:48:17.051738+00
542351,GLOSTERLTD,GLOSTERLTD,BSE,,1,0.05,2026-07-05 08:48:17.051738+00
544557,GLOTTIS,GLOTTIS,BSE,,1,0.01,2026-07-05 08:48:17.051738+00
544759,GLPL,GLPL,BSE,,3000,0.01,2026-07-05 08:48:17.051738+00
507488,GMBREW,GMBREW,BSE,,1,0.05,2026-07-05 08:48:17.051738+00
532181,GMDCLTD,GMDCLTD,BSE,,1,0.05,2026-07-05 08:48:17.051738+00
505255,GMMPFAUDLR,GMMPFAUDLR,BSE,,1,0.05,2026-07-05 08:48:17.051738+00
543239,GMPL,GMPL,BSE,,700,0.01,2026-07-05 08:48:17.051738+00
532754,GMRAIRPORT,GMRAIRPORT,BSE,,1,0.05,2026-07-05 08:48:17.051738+00
543490,GMRP&UI,GMRP&UI,BSE,,1,0.01,2026-07-05 08:48:17.051738+00
540124,GNA,GNA,BSE,,1,0.05,2026-07-05 08:48:17.051738+00
500670,GNFC,GNFC,BSE,,1,0.05,2026-07-05 08:48:17.051738+00
513536,GNRL,GNRL,BSE,,1,0.05,2026-07-05 08:48:17.051738+00
509567,GOACARBON,GOACARBON,BSE,,1,0.05,2026-07-05 08:48:17.051738+00
542850,GOBLIN,GOBLIN,BSE,,2000,0.01,2026-07-05 08:48:17.051738+00
506480,GOCLCORP,GOCLCORP,BSE,,1,0.05,2026-07-05 08:48:17.051738+00
543401,GOCOLORS,GOCOLORS,BSE,,1,0.05,2026-07-05 08:48:17.051738+00
530317,GODAVARI,GODAVARI,BSE,,1,0.05,2026-07-05 08:48:17.051738+00
544279,GODAVARIB,GODAVARIB,BSE,,1,0.05,2026-07-05 08:48:17.051738+00
500163,GODFRYPHLP,GODFRYPHLP,BSE,,1,0.05,2026-07-05 08:48:17.051738+00
544179,GODIGIT,GODIGIT,BSE,,1,0.05,2026-07-05 08:48:17.051738+00
540743,GODREJAGRO,GODREJAGRO,BSE,,1,0.05,2026-07-05 08:48:17.051738+00
532424,GODREJCP,GODREJCP,BSE,,1,0.05,2026-07-05 08:48:17.051738+00
500164,GODREJIND,GODREJIND,BSE,,1,0.05,2026-07-05 08:48:17.051738+00
533150,GODREJPROP,GODREJPROP,BSE,,1,0.05,2026-07-05 08:48:17.051738+00
543538,GOEL,GOEL,BSE,,2000,0.01,2026-07-05 08:48:17.051738+00
544504,GOELCONS,GOELCONS,BSE,,400,0.05,2026-07-05 08:48:17.051738+00
531600,GOGIACAPGL,GOGIACAPGL,BSE,,1,0.01,2026-07-05 08:48:17.051738+00
532957,GOKAKTEX,GOKAKTEX,BSE,,1,0.01,2026-07-05 08:48:17.051738+00
532630,GOKEX,GOKEX,BSE,,1,0.05,2026-07-05 08:48:17.051738+00
532980,GOKUL,GOKUL,BSE,,1,0.01,2026-07-05 08:48:17.051738+00
539725,GOKULAGRO,GOKULAGRO,BSE,,1,0.05,2026-07-05 08:48:17.051738+00
538542,GOLDCOINHF,GOLDCOINHF,BSE,,1,0.01,2026-07-05 08:48:17.051738+00
540062,GOLDENCREST,GOLDENCREST,BSE,,1,0.05,2026-07-05 08:48:17.051738+00
500151,GOLDENTOBC,GOLDENTOBC,BSE,,1,0.01,2026-07-05 08:48:17.051738+00
526729,GOLDIAM,GOLDIAM,BSE,,1,0.05,2026-07-05 08:48:17.051738+00
509024,GOLDLEG,GOLDLEG,BSE,,1,0.01,2026-07-05 08:48:17.051738+00
531439,GOLDTECH,GOLDTECH,BSE,,1,0.01,2026-07-05 08:48:17.051738+00
531360,GOLECHA,GOLECHA,BSE,,1,0.01,2026-07-05 08:48:17.051738+00
523676,GOLKUNDIA,GOLKUNDIA,BSE,,1,0.05,2026-07-05 08:48:17.051738+00
530655,GOODLUCK,GOODLUCK,BSE,,1,0.05,2026-07-05 08:48:17.051738+00
500166,GOODRICKE,GOODRICKE,BSE,,1,0.05,2026-07-05 08:48:17.051738+00
500168,GOODYEAR,GOODYEAR,BSE,,1,0.05,2026-07-05 08:48:17.051738+00
544140,GOPAL,GOPAL,BSE,,1,0.05,2026-07-05 08:48:17.051738+00
531608,GORANIN,GORANIN,BSE,,1,0.01,2026-07-05 08:48:17.051738+00
531111,GOTHIPL,GOTHIPL,BSE,,100,0.01,2026-07-05 08:48:17.051738+00
506134,GOURMET,GOURMET,BSE,,1,0.01,2026-07-05 08:48:17.051738+00
530709,GOWRALE,GOWRALE,BSE,,1,0.05,2026-07-05 08:48:17.051738+00
541152,GOYALALUM,GOYALALUM,BSE,,1,0.01,2026-07-05 08:48:17.051738+00
530663,GOYALASS,GOYALASS,BSE,,1,0.01,2026-07-05 08:48:17.051738+00
544548,GPAPL,GPAPL,BSE,,1600,0.01,2026-07-05 08:48:17.051738+00
532734,GPIL,GPIL,BSE,,1,0.05,2026-07-05 08:48:17.051738+00
533248,GPPL,GPPL,BSE,,1,0.05,2026-07-05 08:48:17.051738+00
544108,GPSL,GPSL,BSE,,600,0.05,2026-07-05 08:48:17.051738+00
544131,GPTHEALTH,GPTHEALTH,BSE,,1,0.05,2026-07-05 08:48:17.051738+00
533761,GPTINFRA,GPTINFRA,BSE,,1,0.05,2026-07-05 08:48:17.051738+00
539120,GRAMEVA,GRAMEVA,BSE,,1,0.05,2026-07-05 08:48:17.051738+00
504369,GRANDMA,GRANDMA,BSE,,1,0.01,2026-07-05 08:48:17.051738+00
523862,GRANDOAK,GRANDOAK,BSE,,1,0.01,2026-07-05 08:48:17.051738+00
532482,GRANULES,GRANULES,BSE,,1,0.05,2026-07-05 08:48:17.051738+00
509488,GRAPHITE,GRAPHITE,BSE,,1,0.05,2026-07-05 08:48:17.051738+00
500300,GRASIM,GRASIM,BSE,,1,0.05,2026-07-05 08:48:17.051738+00
526751,GRATEXI,GRATEXI,BSE,,1,0.01,2026-07-05 08:48:17.051738+00
505710,GRAUWEIL,GRAUWEIL,BSE,,1,0.01,2026-07-05 08:48:17.051738+00
509546,GRAVISSHO,GRAVISSHO,BSE,,1,0.01,2026-07-05 08:48:17.051738+00
533282,GRAVITA,GRAVITA,BSE,,1,0.05,2026-07-05 08:48:17.051738+00
532015,GRAVITY,GRAVITY,BSE,,1,0.01,2026-07-05 08:48:17.051738+00
501455,GREAVESCOT,GREAVESCOT,BSE,,1,0.05,2026-07-05 08:48:17.051738+00
531737,GREENCREST,GREENCREST,BSE,,1,0.01,2026-07-05 08:48:17.051738+00
538979,GREENLAM,GREENLAM,BSE,,1,0.05,2026-07-05 08:48:17.051738+00
542857,GREENPANEL,GREENPANEL,BSE,,1,0.05,2026-07-05 08:48:17.051738+00
526797,GREENPLY,GREENPLY,BSE,,1,0.05,2026-07-05 08:48:17.051738+00
533263,GREENPOWER,GREENPOWER,BSE,,1,0.01,2026-07-05 08:48:17.051738+00
544682,GRERENEW,GRERENEW,BSE,,1200,0.05,2026-07-05 08:48:17.051738+00
506076,GRINDWELL,GRINDWELL,BSE,,1,0.05,2026-07-05 08:48:17.051738+00
543317,GRINFRA,GRINFRA,BSE,,1,0.05,2026-07-05 08:48:17.051738+00
531449,GRMOVER,GRMOVER,BSE,,1,0.01,2026-07-05 08:48:17.051738+00
532315,GROARC,GROARC,BSE,,1,0.01,2026-07-05 08:48:17.051738+00
539522,GROVY,GROVY,BSE,,1,0.01,2026-07-05 08:48:17.051738+00
539222,GROWINGTON,GROWINGTON,BSE,,1,0.01,2026-07-05 08:48:17.051738+00
544603,GROWW,GROWW,BSE,,1,0.05,2026-07-05 08:48:17.051738+00
590157,GROWWDEFNC,GROWWDEFNC,BSE,,1,0.01,2026-07-05 08:48:17.051738+00
544721,GROWWHOSPI,GROWWHOSPI,BSE,,1,0.01,2026-07-05 08:48:17.051738+00
544473,GROWWPOWER,GROWWPOWER,BSE,,1,0.01,2026-07-05 08:48:17.051738+00
590158,GROWWRAIL,GROWWRAIL,BSE,,1,0.01,2026-07-05 08:48:17.051738+00
509152,GRPLTD,GRPLTD,BSE,,1,0.05,2026-07-05 08:48:17.051738+00
542011,GRSE,GRSE,BSE,,1,0.05,2026-07-05 08:48:17.051738+00
500655,GRWRHITECH,GRWRHITECH,BSE,,1,0.05,2026-07-05 08:48:17.051738+00
890238,GSAILPP,GSAILPP,BSE,,1,0.01,2026-07-05 08:48:17.051738+00
513059,GSAUTO,GSAUTO,BSE,,1,0.01,2026-07-05 08:48:17.051738+00
511543,GSBFIN,GSBFIN,BSE,,1,0.01,2026-07-05 08:48:17.051738+00
500690,GSFC,GSFC,BSE,,1,0.05,2026-07-05 08:48:17.051738+00
530469,GSLSEC,GSLSEC,BSE,,1,0.01,2026-07-05 08:48:17.051738+00
543829,GSLSU,GSLSU,BSE,,1,0.01,2026-07-05 08:48:17.051738+00
506186,GSLTD,GSLTD,BSE,,1,0.01,2026-07-05 08:48:17.051738+00
544733,GSPCROP,GSPCROP,BSE,,1,0.05,2026-07-05 08:48:17.051738+00
532951,GSS,GSS,BSE,,1,0.01,2026-07-05 08:48:17.051738+00
540654,GSTL,GSTL,BSE,,1,0.01,2026-07-05 08:48:17.051738+00
544675,GTIL,GTIL,BSE,,1600,0.01,2026-07-05 08:48:17.051738+00
500160,GTL,GTL,BSE,,1,0.01,2026-07-05 08:48:17.051738+00
532775,GTLINFRA,GTLINFRA,BSE,,1,0.01,2026-07-05 08:48:17.051738+00
500170,GTNINDS,GTNINDS,BSE,,1,0.01,2026-07-05 08:48:17.051738+00
532744,GTNTEX,GTNTEX,BSE,,1,0.01,2026-07-05 08:48:17.051738+00
540602,GTPL,GTPL,BSE,,1,0.01,2026-07-05 08:48:17.051738+00
530457,GTTDATA,GTTDATA,BSE,,1,0.01,2026-07-05 08:48:17.051738+00
539479,GTV,GTV,BSE,,1,0.01,2026-07-05 08:48:17.051738+00
509079,GUFICBIO,GUFICBIO,BSE,,1,0.05,2026-07-05 08:48:17.051738+00
530001,GUJALKALI,GUJALKALI,BSE,,1,0.05,2026-07-05 08:48:17.051738+00
522217,GUJAPOLLO,GUJAPOLLO,BSE,,1,0.05,2026-07-05 08:48:17.051738+00
517288,GUJARATPOLY,GUJARATPOLY,BSE,,1,0.01,2026-07-05 08:48:17.051738+00
513507,GUJCONT,GUJCONT,BSE,,100,0.05,2026-07-05 08:48:17.051738+00
514386,GUJCOTEX,GUJCOTEX,BSE,,1,0.01,2026-07-05 08:48:17.051738+00
526965,GUJCRAFT,GUJCRAFT,BSE,,1,0.01,2026-07-05 08:48:17.051738+00
511441,GUJCRED,GUJCRED,BSE,,1,0.01,2026-07-05 08:48:17.051738+00
539336,GUJENERGY,GUJENERGY,BSE,,1,0.05,2026-07-05 08:48:17.051738+00
507960,GUJHOTE,GUJHOTE,BSE,,1,0.05,2026-07-05 08:48:17.051738+00
540938,GUJHYSPIN,GUJHYSPIN,BSE,,5000,0.01,2026-07-05 08:48:17.051738+00
524238,GUJINJEC,GUJINJEC,BSE,,1,0.05,2026-07-05 08:48:17.051738+00
517372,GUJINTRX,GUJINTRX,BSE,,1,0.05,2026-07-05 08:48:17.051738+00
531341,GUJINV,GUJINV,BSE,,1,0.01,2026-07-05 08:48:17.051738+00
532070,GUJJUBHAI,GUJJUBHAI,BSE,,1,0.05,2026-07-05 08:48:17.051738+00
506858,GUJPETR,GUJPETR,BSE,,1,0.01,2026-07-05 08:48:17.051738+00
523836,GUJRAFFIA,GUJRAFFIA,BSE,,1,0.01,2026-07-05 08:48:17.051738+00
532160,GUJSTATFIN,GUJSTATFIN,BSE,,1,0.01,2026-07-05 08:48:17.051738+00
524314,GUJTERC,GUJTERC,BSE,,1,0.01,2026-07-05 08:48:17.051738+00
506879,GUJTHEM,GUJTHEM,BSE,,1,0.05,2026-07-05 08:48:17.051738+00
513337,GUJTLRM,GUJTLRM,BSE,,1,0.01,2026-07-05 08:48:17.051738+00
541627,GUJWIND,GUJWIND,BSE,,1,0.01,2026-07-05 08:48:17.051738+00
538567,GULFOILLUB,GULFOILLUB,BSE,,1,0.05,2026-07-05 08:48:17.051738+00
532543,GULFPETRO,GULFPETRO,BSE,,1,0.01,2026-07-05 08:48:17.051738+00
532457,GULPOLY,GULPOLY,BSE,,1,0.05,2026-07-05 08:48:17.051738+00
539206,GVBL,GVBL,BSE,,1,0.01,2026-07-05 08:48:17.051738+00
532708,GVKPIL,GVKPIL,BSE,,1,0.01,2026-07-05 08:48:17.051738+00
544163,GVL,GVL,BSE,,1000,0.01,2026-07-05 08:48:17.051738+00
532309,GVPIL,GVPIL,BSE,,1,0.05,2026-07-05 08:48:17.051738+00
522275,GVT&D,GVT&D,BSE,,1,0.05,2026-07-05 08:48:17.051738+00
530141,GYANDEV,GYANDEV,BSE,,1,0.01,2026-07-05 08:48:17.051738+00
507912,GYFTR,GYFTR,BSE,,1,0.05,2026-07-05 08:48:17.051738+00
541154,HAL,HAL,BSE,,1,0.05,2026-07-05 08:48:17.051738+00
539854,HALDER,HALDER,BSE,,1,0.05,2026-07-05 08:48:17.051738+00
515147,HALDYNGL,HALDYNGL,BSE,,1,0.05,2026-07-05 08:48:17.051738+00
540679,HALEOSLABS,HALEOSLABS,BSE,,1,0.05,2026-07-05 08:48:17.051738+00
544312,HAMPS,HAMPS,BSE,,4000,0.01,2026-07-05 08:48:17.051738+00
526407,HAMPTON,HAMPTON,BSE,,1,0.01,2026-07-05 08:48:17.051738+00
538731,HANMAN,HANMAN,BSE,,4200,0.01,2026-07-05 08:48:17.051738+00
544687,HANNAH,HANNAH,BSE,,2000,0.05,2026-07-05 08:48:17.051738+00
537709,HANSUGAR,HANSUGAR,BSE,,1,0.01,2026-07-05 08:48:17.051738+00
543227,HAPPSTMNDS,HAPPSTMNDS,BSE,,1,0.05,2026-07-05 08:48:17.051738+00
544057,HAPPYFORGE,HAPPYFORGE,BSE,,1,0.05,2026-07-05 08:48:17.051738+00
530927,HARAFIN,HARAFIN,BSE,,100,0.01,2026-07-05 08:48:17.051738+00
509597,HARDCAS,HARDCAS,BSE,,1,0.05,2026-07-05 08:48:17.051738+00
541276,HARDWYN,HARDWYN,BSE,,1,0.01,2026-07-05 08:48:17.051738+00
538081,HARIAAPL,HARIAAPL,BSE,,1,0.01,2026-07-05 08:48:17.051738+00
512604,HARIAEXPO,HARIAEXPO,BSE,,1,0.01,2026-07-05 08:48:17.051738+00
544769,HARIKANTA,HARIKANTA,BSE,,1200,0.01,2026-07-05 08:48:17.051738+00
543517,HARIOMPIPE,HARIOMPIPE,BSE,,1,0.05,2026-07-05 08:48:17.051738+00
542682,HARISH,HARISH,BSE,,1,0.01,2026-07-05 08:48:17.051738+00
524080,HARLETH,HARLETH,BSE,,1,0.01,2026-07-05 08:48:17.051738+00
500467,HARRMALAYA,HARRMALAYA,BSE,,1,0.05,2026-07-05 08:48:17.051738+00
543600,HARSHA,HARSHA,BSE,,1,0.05,2026-07-05 08:48:17.051738+00
544105,HARSHDEEP,HARSHDEEP,BSE,,1500,0.01,2026-07-05 08:48:17.051738+00
505336,HARSHILAGR,HARSHILAGR,BSE,,1,0.01,2026-07-05 08:48:17.051738+00
532855,HARYNACAP,HARYNACAP,BSE,,1,0.05,2026-07-05 08:48:17.051738+00
531387,HASTIFIN,HASTIFIN,BSE,,1,0.01,2026-07-05 08:48:17.051738+00
533162,HATHWAY,HATHWAY,BSE,,1,0.01,2026-07-05 08:48:17.051738+00
509073,HATHWAYB,HATHWAYB,BSE,,1,0.01,2026-07-05 08:48:17.051738+00
531531,HATSUN,HATSUN,BSE,,1,0.05,2026-07-05 08:48:17.051738+00
517354,HAVELLS,HAVELLS,BSE,,1,0.05,2026-07-05 08:48:17.051738+00
531322,HAVISHA,HAVISHA,BSE,,1,0.01,2026-07-05 08:48:17.051738+00
539176,HAWAENG,HAWAENG,BSE,,1,0.01,2026-07-05 08:48:17.051738+00
508486,HAWKINCOOK,HAWKINCOOK,BSE,,1,0.05,2026-07-05 08:48:17.051738+00
532467,HAZOOR,HAZOOR,BSE,,1,0.01,2026-07-05 08:48:17.051738+00
542592,HBEL,HBEL,BSE,,1250,0.01,2026-07-05 08:48:17.051738+00
532334,HBESD,HBESD,BSE,,1,0.01,2026-07-05 08:48:17.051738+00
537839,HBGHOTELS,HBGHOTELS,BSE,,1,0.01,2026-07-05 08:48:17.051738+00
508956,HBLEAS,HBLEAS,BSE,,1,0.01,2026-07-05 08:48:17.051738+00
517271,HBLENGINE,HBLENGINE,BSE,,1,0.05,2026-07-05 08:48:17.051738+00
532333,HBPOR,HBPOR,BSE,,1,0.01,2026-07-05 08:48:17.051738+00
532216,HBSL,HBSL,BSE,,1,0.01,2026-07-05 08:48:17.051738+00
500185,HCC,HCC,BSE,,1,0.01,2026-07-05 08:48:17.051738+00
539787,HCG,HCG,BSE,,1,0.05,2026-07-05 08:48:17.051738+00
539224,HCKKVENTURE,HCKKVENTURE,BSE,,1,0.01,2026-07-05 08:48:17.051738+00
500179,HCL-INSYS,HCL-INSYS,BSE,,1,0.01,2026-07-05 08:48:17.051738+00
538652,HCLTD,HCLTD,BSE,,1,0.01,2026-07-05 08:48:17.051738+00
532281,HCLTECH,HCLTECH,BSE,,1,0.05,2026-07-05 08:48:17.051738+00
544429,HDBFS,HDBFS,BSE,,1,0.05,2026-07-05 08:48:17.051738+00
541729,HDFCAMC,HDFCAMC,BSE,,1,0.05,2026-07-05 08:48:17.051738+00
500180,HDFCBANK,HDFCBANK,BSE,,1,0.05,2026-07-05 08:48:17.051738+00
543774,HDFCBSE500,HDFCBSE500,BSE,,1,0.01,2026-07-05 08:48:17.051738+00
543607,HDFCGROWTH,HDFCGROWTH,BSE,,1,0.01,2026-07-05 08:48:17.051738+00
540777,HDFCLIFE,HDFCLIFE,BSE,,1,0.05,2026-07-05 08:48:17.051738+00
543627,HDFCLOWVOL,HDFCLOWVOL,BSE,,1,0.01,2026-07-05 08:48:17.051738+00
543776,HDFCMID150,HDFCMID150,BSE,,1,0.01,2026-07-05 08:48:17.051738+00
543628,HDFCMOMENT,HDFCMOMENT,BSE,,1,0.01,2026-07-05 08:48:17.051738+00
543570,HDFCNEXT50,HDFCNEXT50,BSE,,1,0.01,2026-07-05 08:48:17.051738+00
543569,HDFCNIF100,HDFCNIF100,BSE,,1,0.01,2026-07-05 08:48:17.051738+00
543224,HDFCNIFBAN,HDFCNIFBAN,BSE,,1,0.01,2026-07-05 08:48:17.051738+00
543665,HDFCNIFIT,HDFCNIFIT,BSE,,1,0.01,2026-07-05 08:48:17.051738+00
539516,HDFCNIFTY,HDFCNIFTY,BSE,,1,0.01,2026-07-05 08:48:17.051738+00
544110,HDFCPSUBK,HDFCPSUBK,BSE,,1,0.01,2026-07-05 08:48:17.051738+00
543666,HDFCPVTBAN,HDFCPVTBAN,BSE,,1,0.01,2026-07-05 08:48:17.051738+00
543605,HDFCQUAL,HDFCQUAL,BSE,,1,0.01,2026-07-05 08:48:17.051738+00
539517,HDFCSENSEX,HDFCSENSEX,BSE,,1,0.01,2026-07-05 08:48:17.051738+00
543775,HDFCSML250,HDFCSML250,BSE,,1,0.01,2026-07-05 08:48:17.051738+00
543608,HDFCVALUE,HDFCVALUE,BSE,,1,0.01,2026-07-05 08:48:17.051738+00
532873,HDIL,HDIL,BSE,,1,0.01,2026-07-05 08:48:17.051738+00
540210,HEADSUP,HEADSUP,BSE,,1,0.01,2026-07-05 08:48:17.051738+00
503689,HEALINV,HEALINV,BSE,,1,0.01,2026-07-05 08:48:17.051738+00
544109,HEALTHADD,HEALTHADD,BSE,,1,0.01,2026-07-05 08:48:17.051738+00
543348,HEALTHAXIS,HEALTHAXIS,BSE,,1,0.01,2026-07-05 08:48:17.051738+00
544701,HEALTHCARE,HEALTHCARE,BSE,,1,0.01,2026-07-05 08:48:17.051738+00
543292,HEALTHIETF,HEALTHIETF,BSE,,1,0.01,2026-07-05 08:48:17.051738+00
533259,HEALTHX,HEALTHX,BSE,,1,0.05,2026-07-05 08:48:17.051738+00
543473,HEALTHY,HEALTHY,BSE,,1,0.01,2026-07-05 08:48:17.051738+00
543546,HEALTHYLIFE,HEALTHYLIFE,BSE,,2000,0.01,2026-07-05 08:48:17.051738+00
526967,HEERAISP,HEERAISP,BSE,,1,0.01,2026-07-05 08:48:17.051738+00
509631,HEG,HEG,BSE,,1,0.05,2026-07-05 08:48:17.051738+00
500292,HEIDELBERG,HEIDELBERG,BSE,,1,0.05,2026-07-05 08:48:17.051738+00
544630,HELLOJI,HELLOJI,BSE,,1200,0.05,2026-07-05 08:48:17.051738+00
539174,HELPAGE,HELPAGE,BSE,,1,0.01,2026-07-05 08:48:17.051738+00
531178,HEMANG,HEMANG,BSE,,1,0.01,2026-07-05 08:48:17.051738+00
543242,HEMIPROP,HEMIPROP,BSE,,1,0.05,2026-07-05 08:48:17.051738+00
543266,HERANBA,HERANBA,BSE,,1,0.05,2026-07-05 08:48:17.051738+00
505720,HERCULES,HERCULES,BSE,,1,0.05,2026-07-05 08:48:17.051738+00
519552,HERITGFOOD,HERITGFOOD,BSE,,1,0.05,2026-07-05 08:48:17.051738+00
500182,HEROMOTOCO,HEROMOTOCO,BSE,,1,0.05,2026-07-05 08:48:17.051738+00
524669,HESTERBIO,HESTERBIO,BSE,,1,0.05,2026-07-05 08:48:17.051738+00
544785,HEXAGON,HEXAGON,BSE,,1,0.01,2026-07-05 08:48:17.051738+00
534328,HEXATRADEX,HEXATRADEX,BSE,,1,0.05,2026-07-05 08:48:17.051738+00
544362,HEXT,HEXT,BSE,,1,0.05,2026-07-05 08:48:17.051738+00
500183,HFCL,HFCL,BSE,,1,0.05,2026-07-05 08:48:17.051738+00
526899,HFIL,HFIL,BSE,,1,0.01,2026-07-05 08:48:17.051738+00
541019,HGINFRA,HGINFRA,BSE,,1,0.05,2026-07-05 08:48:17.051738+00
532761,HGM,HGM,BSE,,1,0.01,2026-07-05 08:48:17.051738+00
532859,HGS,HGS,BSE,,1,0.05,2026-07-05 08:48:17.051738+00
504176,HIGHENE,HIGHENE,BSE,,1,0.05,2026-07-05 08:48:17.051738+00
544741,HIGHNESS,HIGHNESS,BSE,,1200,0.05,2026-07-05 08:48:17.051738+00
524735,HIKAL,HIKAL,BSE,,1,0.05,2026-07-05 08:48:17.051738+00
542332,HIKLASS,HIKLASS,BSE,,1,0.01,2026-07-05 08:48:17.051738+00
539697,HILIKS,HILIKS,BSE,,1,0.01,2026-07-05 08:48:17.051738+00
544477,HILINFRA,HILINFRA,BSE,,1,0.01,2026-07-05 08:48:17.051738+00
544308,HILLTONE,HILLTONE,BSE,,1,0.01,2026-07-05 08:48:17.051738+00
532847,HILTON,HILTON,BSE,,1,0.01,2026-07-05 08:48:17.051738+00
514043,HIMATSEIDE,HIMATSEIDE,BSE,,1,0.01,2026-07-05 08:48:17.051738+00
505712,HIMTEK,HIMTEK,BSE,,1,0.05,2026-07-05 08:48:17.051738+00
514428,HINDADH,HINDADH,BSE,,1,0.05,2026-07-05 08:48:17.051738+00
500440,HINDALCO,HINDALCO,BSE,,1,0.05,2026-07-05 08:48:17.051738+00
531979,HINDALUMI,HINDALUMI,BSE,,1,0.05,2026-07-05 08:48:17.051738+00
531918,HINDAPL,HINDAPL,BSE,,1,0.05,2026-07-05 08:48:17.051738+00
532041,HINDBIO,HINDBIO,BSE,,1,0.01,2026-07-05 08:48:17.051738+00
509635,HINDCOMPOS,HINDCOMPOS,BSE,,1,0.05,2026-07-05 08:48:17.051738+00
513599,HINDCOPPER,HINDCOPPER,BSE,,1,0.05,2026-07-05 08:48:17.051738+00
505893,HINDHARD,HINDHARD,BSE,,1,0.05,2026-07-05 08:48:17.051738+00
509895,HINDMILL,HINDMILL,BSE,,1,0.05,2026-07-05 08:48:17.051738+00
500500,HINDMOTORS,HINDMOTORS,BSE,,1,0.01,2026-07-05 08:48:17.051738+00
500186,HINDOILEXP,HINDOILEXP,BSE,,1,0.05,2026-07-05 08:48:17.051738+00
500104,HINDPETRO,HINDPETRO,BSE,,1,0.05,2026-07-05 08:48:17.051738+00
530315,HINDTIN,HINDTIN,BSE,,1,0.05,2026-07-05 08:48:17.051738+00
500696,HINDUNILVR,HINDUNILVR,BSE,,1,0.05,2026-07-05 08:48:17.051738+00
519574,HINDUST,HINDUST,BSE,,1,0.01,2026-07-05 08:48:17.051738+00
542905,HINDWAREAP,HINDWAREAP,BSE,,1,0.05,2026-07-05 08:48:17.051738+00
500188,HINDZINC,HINDZINC,BSE,,1,0.05,2026-07-05 08:48:17.051738+00
530853,HIPOLIN,HIPOLIN,BSE,,1,0.01,2026-07-05 08:48:17.051738+00
531743,HIRAUTO,HIRAUTO,BSE,,100,0.05,2026-07-05 08:48:17.051738+00
504036,HIRECT,HIRECT,BSE,,1,0.05,2026-07-05 08:48:17.051738+00
590018,HISARMETAL,HISARMETAL,BSE,,1,0.05,2026-07-05 08:48:17.051738+00
521068,HISARSP,HISARSP,BSE,,100,0.01,2026-07-05 08:48:17.051738+00
543411,HITECH,HITECH,BSE,,1,0.01,2026-07-05 08:48:17.051738+00
526217,HITECHCORP,HITECHCORP,BSE,,1,0.05,2026-07-05 08:48:17.051738+00
522073,HITECHGEAR,HITECHGEAR,BSE,,1,0.05,2026-07-05 08:48:17.051738+00
532359,HITKITGLO,HITKITGLO,BSE,,1,0.01,2026-07-05 08:48:17.051738+00
531661,HITTCO,HITTCO,BSE,,1,0.01,2026-07-05 08:48:17.051738+00
522215,HLEGLAS,HLEGLAS,BSE,,1,0.05,2026-07-05 08:48:17.051738+00
500193,HLVLTD,HLVLTD,BSE,,1,0.01,2026-07-05 08:48:17.051738+00
543929,HMAAGRO,HMAAGRO,BSE,,1,0.01,2026-07-05 08:48:17.051738+00
544349,HMEML,HMEML,BSE,,1600,0.01,2026-07-05 08:48:17.051738+00
500191,HMT,HMT,BSE,,1,0.01,2026-07-05 08:48:17.051738+00
533217,HMVL,HMVL,BSE,,1,0.01,2026-07-05 08:48:17.051738+00
519126,HNDFDS,HNDFDS,BSE,,1,0.05,2026-07-05 08:48:17.051738+00
500449,HOCL,HOCL,BSE,,1,0.01,2026-07-05 08:48:17.051738+00
523387,HOM,HOM,BSE,,1,0.01,2026-07-05 08:48:17.051738+00
543259,HOMEFIRST,HOMEFIRST,BSE,,1,0.05,2026-07-05 08:48:17.051738+00
544014,HONASA,HONASA,BSE,,1,0.05,2026-07-05 08:48:17.051738+00
517174,HONAUT,HONAUT,BSE,,1,0.05,2026-07-05 08:48:17.051738+00
522064,HONDAPOWER,HONDAPOWER,BSE,,1,0.05,2026-07-05 08:48:17.051738+00
544794,HORIZON,HORIZON,BSE,,1200,0.05,2026-07-05 08:48:17.051738+00
532145,HOTLSILV,HOTLSILV,BSE,,1,0.01,2026-07-05 08:48:17.051738+00
526761,HOWARHO,HOWARHO,BSE,,1,0.01,2026-07-05 08:48:17.051738+00
543433,HPAL,HPAL,BSE,,1,0.01,2026-07-05 08:48:17.051738+00
526717,HPBL,HPBL,BSE,,1,0.05,2026-07-05 08:48:17.051738+00
502873,HPCOTTON,HPCOTTON,BSE,,1,0.05,2026-07-05 08:48:17.051738+00
543645,HPIL,HPIL,BSE,,1,0.05,2026-07-05 08:48:17.051738+00
540136,HPL,HPL,BSE,,1,0.05,2026-07-05 08:48:17.051738+00
544656,HRS,HRS,BSE,,400,0.05,2026-07-05 08:48:17.051738+00
526931,HRYNSHP,HRYNSHP,BSE,,1,0.05,2026-07-05 08:48:17.051738+00
500184,HSCL,HSCL,BSE,,1,0.05,2026-07-05 08:48:17.051738+00
543916,HSIL,HSIL,BSE,,400,0.05,2026-07-05 08:48:17.051738+00
532662,HTMEDIA,HTMEDIA,BSE,,1,0.01,2026-07-05 08:48:17.051738+00
532799,HUBTOWN,HUBTOWN,BSE,,1,0.05,2026-07-05 08:48:17.051738+00
540530,HUDCO,HUDCO,BSE,,1,0.05,2026-07-05 08:48:17.051738+00
509820,HUHTAMAKI,HUHTAMAKI,BSE,,1,0.05,2026-07-05 08:48:17.051738+00
506024,HVL,HVL,BSE,,50,0.05,2026-07-05 08:48:17.051738+00
500262,HYBRIDFIN,HYBRIDFIN,BSE,,1,0.01,2026-07-05 08:48:17.051738+00
539724,HYPERSOFT,HYPERSOFT,BSE,,1,0.05,2026-07-05 08:48:17.051738+00
544274,HYUNDAI,HYUNDAI,BSE,,1,0.05,2026-07-05 08:48:17.051738+00
519463,IBINFO,IBINFO,BSE,,1,0.01,2026-07-05 08:48:17.051738+00
533520,IBULLSLTD,IBULLSLTD,BSE,,1,0.01,2026-07-05 08:48:17.051738+00
511194,ICDSLTD,ICDSLTD,BSE,,1,0.01,2026-07-05 08:48:17.051738+00
544658,ICICIAMC,ICICIAMC,BSE,,1,0.05,2026-07-05 08:48:17.051738+00
540787,ICICIB22,ICICIB22,BSE,,1,0.01,2026-07-05 08:48:17.051738+00
532174,ICICIBANK,ICICIBANK,BSE,,1,0.05,2026-07-05 08:48:17.051738+00
540716,ICICIGI,ICICIGI,BSE,,1,0.05,2026-07-05 08:48:17.051738+00
540133,ICICIPRULI,ICICIPRULI,BSE,,1,0.05,2026-07-05 08:48:17.051738+00
521016,ICIL,ICIL,BSE,,1,0.05,2026-07-05 08:48:17.051738+00
538838,ICL,ICL,BSE,,1,0.01,2026-07-05 08:48:17.051738+00
544483,ICODEX,ICODEX,BSE,,1200,0.01,2026-07-05 08:48:17.051738+00
544426,ICON,ICON,BSE,,1200,0.01,2026-07-05 08:48:17.051738+00
511260,ICONIKSPEV,ICONIKSPEV,BSE,,1,0.01,2026-07-05 08:48:17.051738+00
532835,ICRA,ICRA,BSE,,1,0.05,2026-07-05 08:48:17.051738+00
539149,ICSL,ICSL,BSE,,1,0.01,2026-07-05 08:48:17.051738+00
500116,IDBI,IDBI,BSE,,1,0.01,2026-07-05 08:48:17.051738+00
532822,IDEA,IDEA,BSE,,1,0.01,2026-07-05 08:48:17.051738+00
543932,IDEAFORGE,IDEAFORGE,BSE,,1,0.05,2026-07-05 08:48:17.051738+00
544388,IDENTIXWEB,IDENTIXWEB,BSE,,2000,0.01,2026-07-05 08:48:17.051738+00
539437,IDFCFIRSTB,IDFCFIRSTB,BSE,,1,0.01,2026-07-05 08:48:17.051738+00
540154,IDFSENSEXE,IDFSENSEXE,BSE,,1,0.01,2026-07-05 08:48:17.051738+00
504375,IDREAM,IDREAM,BSE,,50,0.05,2026-07-05 08:48:17.051738+00
531840,IECEDU,IECEDU,BSE,,1,0.01,2026-07-05 08:48:17.051738+00
540750,IEX,IEX,BSE,,1,0.05,2026-07-05 08:48:17.051738+00
507438,IFBAGRO,IFBAGRO,BSE,,1,0.05,2026-07-05 08:48:17.051738+00
505726,IFBIND,IFBIND,BSE,,1,0.05,2026-07-05 08:48:17.051738+00
500106,IFCI,IFCI,BSE,,1,0.01,2026-07-05 08:48:17.051738+00
540774,IFGLEXPOR,IFGLEXPOR,BSE,,1,0.05,2026-07-05 08:48:17.051738+00
535667,IFINSEC,IFINSEC,BSE,,1,0.05,2026-07-05 08:48:17.051738+00
539692,IFINSER,IFINSER,BSE,,1,0.01,2026-07-05 08:48:17.051738+00
540377,IFL,IFL,BSE,,1,0.01,2026-07-05 08:48:17.051738+00
517380,IGARASHI,IGARASHI,BSE,,1,0.05,2026-07-05 08:48:17.051738+00
539449,IGCIL,IGCIL,BSE,,1,0.01,2026-07-05 08:48:17.051738+00
544432,IGCL,IGCL,BSE,,1,0.01,2026-07-05 08:48:17.051738+00
544311,IGIL,IGIL,BSE,,1,0.05,2026-07-05 08:48:17.051738+00
532514,IGL,IGL,BSE,,1,0.05,2026-07-05 08:48:17.051738+00
506945,IGLFXPL-B,IGLFXPL-B,BSE,,50,0.01,2026-07-05 08:48:17.051738+00
500199,IGPL,IGPL,BSE,,1,0.05,2026-07-05 08:48:17.051738+00
532636,IIFL,IIFL,BSE,,1,0.05,2026-07-05 08:48:17.051738+00
542773,IIFLCAPS,IIFLCAPS,BSE,,1,0.05,2026-07-05 08:48:17.051738+00
526530,IIRM,IIRM,BSE,,1,0.05,2026-07-05 08:48:17.051738+00
540134,IISL,IISL,BSE,,1,0.01,2026-07-05 08:48:17.051738+00
501295,IITL,IITL,BSE,,1,0.05,2026-07-05 08:48:17.051738+00
531968,IITLPROJ,IITLPROJ,BSE,,1,0.01,2026-07-05 08:48:17.051738+00
543923,IKIO,IKIO,BSE,,1,0.05,2026-07-05 08:48:17.051738+00
531997,IKOMA,IKOMA,BSE,,1,0.01,2026-07-05 08:48:17.051738+00
544309,IKS,IKS,BSE,,1,0.05,2026-07-05 08:48:17.051738+00
532907,IL&FSENGG,IL&FSENGG,BSE,,1,0.01,2026-07-05 08:48:17.051738+00
533177,IL&FSTRANS,IL&FSTRANS,BSE,,1,0.01,2026-07-05 08:48:17.051738+00
539056,IMAGICAA,IMAGICAA,BSE,,1,0.01,2026-07-05 08:48:17.051738+00
513295,IMEC,IMEC,BSE,,1,0.05,2026-07-05 08:48:17.051738+00
533047,IMFA,IMFA,BSE,,1,0.05,2026-07-05 08:48:17.051738+00
590065,IMPAL,IMPAL,BSE,,1,0.05,2026-07-05 08:48:17.051738+00
543620,INA,INA,BSE,,1,0.05,2026-07-05 08:48:17.051738+00
531129,INANI,INANI,BSE,,1,0.01,2026-07-05 08:48:17.051738+00
531672,INANISEC,INANISEC,BSE,,1,0.01,2026-07-05 08:48:17.051738+00
517370,INCAP,INCAP,BSE,,1,0.05,2026-07-05 08:48:17.051738+00
531594,INCON,INCON,BSE,,1,0.01,2026-07-05 08:48:17.051738+00
538365,INCREDIBLE,INCREDIBLE,BSE,,1,0.01,2026-07-05 08:48:17.051738+00
509162,INDAG,INDAG,BSE,,1,0.05,2026-07-05 08:48:17.051738+00
517077,INDAGIV,INDAGIV,BSE,,1,0.01,2026-07-05 08:48:17.051738+00
511473,INDBANK,INDBANK,BSE,,1,0.01,2026-07-05 08:48:17.051738+00
523465,INDBNK,INDBNK,BSE,,1,0.01,2026-07-05 08:48:17.051738+00
511355,INDCEMCAP,INDCEMCAP,BSE,,1,0.01,2026-07-05 08:48:17.051738+00
532001,INDCTST,INDCTST,BSE,,1,0.01,2026-07-05 08:48:17.051738+00
531505,INDERGR,INDERGR,BSE,,1,0.01,2026-07-05 08:48:17.051738+00
531253,INDGELA,INDGELA,BSE,,1,0.05,2026-07-05 08:48:17.051738+00
544172,INDGN,INDGN,BSE,,1,0.05,2026-07-05 08:48:17.051738+00
500850,INDHOTEL,INDHOTEL,BSE,,1,0.05,2026-07-05 08:48:17.051738+00
530005,INDIACEM,INDIACEM,BSE,,1,0.05,2026-07-05 08:48:17.051738+00
500201,INDIAGLYCO,INDIAGLYCO,BSE,,1,0.05,2026-07-05 08:48:17.051738+00
530979,INDIAHOME,INDIAHOME,BSE,,1,0.01,2026-07-05 08:48:17.051738+00
513361,INDIAHOMES,INDIAHOMES,BSE,,1,0.01,2026-07-05 08:48:17.051738+00
542726,INDIAMART,INDIAMART,BSE,,1,0.05,2026-07-05 08:48:17.051738+00
514165,INDIANACRY,INDIANACRY,BSE,,1,0.01,2026-07-05 08:48:17.051738+00
532814,INDIANB,INDIANB,BSE,,1,0.05,2026-07-05 08:48:17.051738+00
509692,INDIANCARD,INDIANCARD,BSE,,1,0.05,2026-07-05 08:48:17.051738+00
504741,INDIANHUME,INDIANHUME,BSE,,1,0.05,2026-07-05 08:48:17.051738+00
501700,INDIANVSH,INDIANVSH,BSE,,1,0.01,2026-07-05 08:48:17.051738+00
544044,INDIASHLTR,INDIASHLTR,BSE,,1,0.05,2026-07-05 08:48:17.051738+00
539448,INDIGO,INDIGO,BSE,,1,0.05,2026-07-05 08:48:17.051738+00
543258,INDIGOPNTS,INDIGOPNTS,BSE,,1,0.05,2026-07-05 08:48:17.051738+00
509051,INDINFO,INDINFO,BSE,,1,0.01,2026-07-05 08:48:17.051738+00
544454,INDIQUBE,INDIQUBE,BSE,,1,0.05,2026-07-05 08:48:17.051738+00
500202,INDLEASE,INDLEASE,BSE,,1,0.01,2026-07-05 08:48:17.051738+00
532240,INDNIPPON,INDNIPPON,BSE,,1,0.05,2026-07-05 08:48:17.051738+00
524648,INDOAMIN,INDOAMIN,BSE,,1,0.05,2026-07-05 08:48:17.051738+00
544334,INDOBELL,INDOBELL,BSE,,750,0.01,2026-07-05 08:48:17.051738+00
524342,INDOBORAX,INDOBORAX,BSE,,1,0.05,2026-07-05 08:48:17.051738+00
532100,INDOCITY,INDOCITY,BSE,,1,0.01,2026-07-05 08:48:17.051738+00
532612,INDOCO,INDOCO,BSE,,1,0.05,2026-07-05 08:48:17.051738+00
526887,INDOCRED,INDOCRED,BSE,,1,0.01,2026-07-05 08:48:17.051738+00
524458,INDOEURO,INDOEURO,BSE,,1,0.01,2026-07-05 08:48:17.051738+00
544328,INDOFARM,INDOFARM,BSE,,1,0.05,2026-07-05 08:48:17.051738+00
504092,INDOKEM,INDOKEM,BSE,,1,0.05,2026-07-05 08:48:17.051738+00
543769,INDONG,INDONG,BSE,,4000,0.01,2026-07-05 08:48:17.051738+00
500207,INDORAMA,INDORAMA,BSE,,1,0.01,2026-07-05 08:48:17.051738+00
544681,INDOSMC,INDOSMC,BSE,,1000,0.05,2026-07-05 08:48:17.051738+00
541336,INDOSTAR,INDOSTAR,BSE,,1,0.05,2026-07-05 08:48:17.051738+00
532717,INDOTECH,INDOTECH,BSE,,1,0.05,2026-07-05 08:48:17.051738+00
533676,INDOTHAI,INDOTHAI,BSE,,1,0.05,2026-07-05 08:48:17.051738+00
541304,INDOUS,INDOUS,BSE,,1,0.01,2026-07-05 08:48:17.051738+00
532894,INDOWIND,INDOWIND,BSE,,1,0.01,2026-07-05 08:48:17.051738+00
501298,INDPRUD,INDPRUD,BSE,,1,0.05,2026-07-05 08:48:17.051738+00
532150,INDRAMEDCO,INDRAMEDCO,BSE,,1,0.05,2026-07-05 08:48:17.051738+00
526445,INDRANIB,INDRANIB,BSE,,1,0.01,2026-07-05 08:48:17.051738+00
536709,INDRENEW,INDRENEW,BSE,,1,0.01,2026-07-05 08:48:17.051738+00
522165,INDSILHYD,INDSILHYD,BSE,,1,0.01,2026-07-05 08:48:17.051738+00
500319,INDSUCR,INDSUCR,BSE,,1,0.01,2026-07-05 08:48:17.051738+00
532305,INDSWFTLAB,INDSWFTLAB,BSE,,1,0.05,2026-07-05 08:48:17.051738+00
533329,INDTERRAIN,INDTERRAIN,BSE,,1,0.01,2026-07-05 08:48:17.051738+00
523586,INDTONER,INDTONER,BSE,,1,0.05,2026-07-05 08:48:17.051738+00
531841,INDUSFINL,INDUSFINL,BSE,,1,0.05,2026-07-05 08:48:17.051738+00
532187,INDUSINDBK,INDUSINDBK,BSE,,1,0.05,2026-07-05 08:48:17.051738+00
534816,INDUSTOWER,INDUSTOWER,BSE,,1,0.05,2026-07-05 08:48:17.051738+00
524614,INDXTRA,INDXTRA,BSE,,1,0.01,2026-07-05 08:48:17.051738+00
544567,INFINITY,INFINITY,BSE,,400,0.05,2026-07-05 08:48:17.051738+00
541083,INFLAME,INFLAME,BSE,,250,0.05,2026-07-05 08:48:17.051738+00
543644,INFOBEAN,INFOBEAN,BSE,,1,0.05,2026-07-05 08:48:17.051738+00
509069,INFOMEDIA,INFOMEDIA,BSE,,1,0.01,2026-07-05 08:48:17.051738+00
544393,INFONATIVE,INFONATIVE,BSE,,1600,0.01,2026-07-05 08:48:17.051738+00
504810,INFORTEC,INFORTEC,BSE,,1,0.01,2026-07-05 08:48:17.051738+00
544704,INFRA,INFRA,BSE,,1,0.01,2026-07-05 08:48:17.051738+00
99919060,INFRA,S&P BSE INDIA INFRASTRUCTURE INDEX,BSE,AMXIDX,1,0.00,2026-07-05 08:48:17.051738+00
543255,INFRABEES,INFRABEES,BSE,,1,0.01,2026-07-05 08:48:17.051738+00
543571,INFRAIETF,INFRAIETF,BSE,,1,0.01,2026-07-05 08:48:17.051738+00
537985,INFRONICS,INFRONICS,BSE,,1,0.01,2026-07-05 08:48:17.051738+00
500209,INFY,INFY,BSE,,1,0.05,2026-07-05 08:48:17.051738+00
500210,INGERRAND,INGERRAND,BSE,,1,0.05,2026-07-05 08:48:17.051738+00
530787,INLANPR,INLANPR,BSE,,1,0.01,2026-07-05 08:48:17.051738+00
504746,INLCM,INLCM,BSE,,1,0.05,2026-07-05 08:48:17.051738+00
543905,INNOKAIZ,INNOKAIZ,BSE,,800,0.01,2026-07-05 08:48:17.051738+00
544067,INNOVACAP,INNOVACAP,BSE,,1,0.05,2026-07-05 08:48:17.051738+00
544302,INNOVANA,INNOVANA,BSE,,1,0.05,2026-07-05 08:48:17.051738+00
541983,INNOVATIVE,INNOVATIVE,BSE,,1000,0.01,2026-07-05 08:48:17.051738+00
541353,INNOVATORS,INNOVATORS,BSE,,800,0.05,2026-07-05 08:48:17.051738+00
544732,INNOVISION,INNOVISION,BSE,,1,0.05,2026-07-05 08:48:17.051738+00
523840,INNOVTEC,INNOVTEC,BSE,,1,0.01,2026-07-05 08:48:17.051738+00
543667,INOXGREEN,INOXGREEN,BSE,,1,0.05,2026-07-05 08:48:17.051738+00
544046,INOXINDIA,INOXINDIA,BSE,,1,0.05,2026-07-05 08:48:17.051738+00
539083,INOXWIND,INOXWIND,BSE,,1,0.01,2026-07-05 08:48:17.051738+00
532851,INSECTICID,INSECTICID,BSE,,1,0.05,2026-07-05 08:48:17.051738+00
532774,INSPIRISYS,INSPIRISYS,BSE,,1,0.05,2026-07-05 08:48:17.051738+00
531314,INTCAPL,INTCAPL,BSE,,1,0.01,2026-07-05 08:48:17.051738+00
526871,INTECCAP,INTECCAP,BSE,,1,0.01,2026-07-05 08:48:17.051738+00
519606,INTEGFD,INTEGFD,BSE,,1,0.05,2026-07-05 08:48:17.051738+00
532303,INTEGHIT,INTEGHIT,BSE,,1,0.01,2026-07-05 08:48:17.051738+00
505358,INTEGRAEN,INTEGRAEN,BSE,,1,0.05,2026-07-05 08:48:17.051738+00
538835,INTELLECT,INTELLECT,BSE,,1,0.05,2026-07-05 08:48:17.051738+00
532326,INTENTECH,INTENTECH,BSE,,1,0.01,2026-07-05 08:48:17.051738+00
544232,INTERARCH,INTERARCH,BSE,,1,0.05,2026-07-05 08:48:17.051738+00
544438,INTERNET,INTERNET,BSE,,1,0.01,2026-07-05 08:48:17.051738+00
530921,INTETHR,INTETHR,BSE,,100,0.01,2026-07-05 08:48:17.051738+00
505737,INTLCOMBQ,INTLCOMBQ,BSE,,1,0.05,2026-07-05 08:48:17.051738+00
509709,INTLCONV,INTLCONV,BSE,,1,0.01,2026-07-05 08:48:17.051738+00
511391,INTRGLB,INTRGLB,BSE,,1,0.01,2026-07-05 08:48:17.051738+00
530259,INTSTOIL,INTSTOIL,BSE,,1,0.01,2026-07-05 08:48:17.051738+00
533506,INVENTURE,INVENTURE,BSE,,1,0.01,2026-07-05 08:48:17.051738+00
511716,INVIGO,INVIGO,BSE,,1,0.01,2026-07-05 08:48:17.051738+00
504786,INVPRECQ,INVPRECQ,BSE,,1,0.05,2026-07-05 08:48:17.051738+00
532388,IOB,IOB,BSE,,1,0.01,2026-07-05 08:48:17.051738+00
530965,IOC,IOC,BSE,,1,0.05,2026-07-05 08:48:17.051738+00
524164,IOLCP,IOLCP,BSE,,1,0.05,2026-07-05 08:48:17.051738+00
500214,IONEXCHANG,IONEXCHANG,BSE,,1,0.05,2026-07-05 08:48:17.051738+00
524494,IPCALAB,IPCALAB,BSE,,1,0.05,2026-07-05 08:48:17.051738+00
543311,IPL,IPL,BSE,,1,0.05,2026-07-05 08:48:17.051738+00
523638,IPRINGLTD,IPRINGLTD,BSE,,1,0.05,2026-07-05 08:48:17.051738+00
532947,IRB,IRB,BSE,,1,0.01,2026-07-05 08:48:17.051738+00
541956,IRCON,IRCON,BSE,,1,0.05,2026-07-05 08:48:17.051738+00
542830,IRCTC,IRCTC,BSE,,1,0.05,2026-07-05 08:48:17.051738+00
544026,IREDA,IREDA,BSE,,1,0.05,2026-07-05 08:48:17.051738+00
543257,IRFC,IRFC,BSE,,1,0.01,2026-07-05 08:48:17.051738+00
540735,IRIS,IRIS,BSE,,1,0.05,2026-07-05 08:48:17.051738+00
544004,IRMENERGY,IRMENERGY,BSE,,1,0.05,2026-07-05 08:48:17.051738+00
508918,IRONWOOD,IRONWOOD,BSE,,1,0.01,2026-07-05 08:48:17.051738+00
534920,ISERA,ISERA,BSE,,1,0.05,2026-07-05 08:48:17.051738+00
526859,ISFL,ISFL,BSE,,1,0.01,2026-07-05 08:48:17.051738+00
533181,ISFT,ISFT,BSE,,1,0.01,2026-07-05 08:48:17.051738+00
533033,ISGEC,ISGEC,BSE,,1,0.05,2026-07-05 08:48:17.051738+00
531109,ISHANCH,ISHANCH,BSE,,1,0.01,2026-07-05 08:48:17.051738+00
524400,ISHITADR,ISHITADR,BSE,,1,0.01,2026-07-05 08:48:17.051738+00
506161,ISHWATR,ISHWATR,BSE,,1,0.01,2026-07-05 08:48:17.051738+00
544776,ISIFAAFDG,ISIFAAFDG,BSE,,1,0.01,2026-07-05 08:48:17.051738+00
544775,ISIFAAFG,ISIFAAFG,BSE,,1,0.01,2026-07-05 08:48:17.051738+00
544697,ISIFHLSDG,ISIFHLSDG,BSE,,1,0.01,2026-07-05 08:48:17.051738+00
544696,ISIFHLSG,ISIFHLSG,BSE,,1,0.01,2026-07-05 08:48:17.051738+00
511609,ISLCONSUL,ISLCONSUL,BSE,,1,0.01,2026-07-05 08:48:17.051738+00
508807,ISTLTD,ISTLTD,BSE,,1,0.05,2026-07-05 08:48:17.051738+00
524622,ISTRNETWK,ISTRNETWK,BSE,,1,0.01,2026-07-05 08:48:17.051738+00
543935,ITADD,ITADD,BSE,,1,0.01,2026-07-05 08:48:17.051738+00
543347,ITAXIS,ITAXIS,BSE,,1,0.01,2026-07-05 08:48:17.051738+00
590141,ITBEES,ITBEES,BSE,,1,0.01,2026-07-05 08:48:17.051738+00
544102,ITBETA,ITBETA,BSE,,1,0.01,2026-07-05 08:48:17.051738+00
500875,ITC,ITC,BSE,,1,0.05,2026-07-05 08:48:17.051738+00
544325,ITCHOTELS,ITCHOTELS,BSE,,1,0.05,2026-07-05 08:48:17.051738+00
543806,ITCONS,ITCONS,BSE,,200,0.05,2026-07-05 08:48:17.051738+00
532189,ITDC,ITDC,BSE,,1,0.05,2026-07-05 08:48:17.051738+00
544006,ITETF,ITETF,BSE,,1,0.01,2026-07-05 08:48:17.051738+00
500213,ITHL,ITHL,BSE,,1,0.05,2026-07-05 08:48:17.051738+00
523610,ITI,ITI,BSE,,1,0.05,2026-07-05 08:48:17.051738+00
543221,ITIETF,ITIETF,BSE,,1,0.01,2026-07-05 08:48:17.051738+00
522183,ITL,ITL,BSE,,1,0.05,2026-07-05 08:48:17.051738+00
544523,IVALUE,IVALUE,BSE,,1,0.05,2026-07-05 08:48:17.051738+00
511208,IVC,IVC,BSE,,1,0.01,2026-07-05 08:48:17.051738+00
507580,IVP,IVP,BSE,,1,0.05,2026-07-05 08:48:17.051738+00
540954,IWP,IWP,BSE,,1,0.01,2026-07-05 08:48:17.051738+00
544192,IXIGO,IXIGO,BSE,,1,0.05,2026-07-05 08:48:17.051738+00
532341,IZMO,IZMO,BSE,,1,0.05,2026-07-05 08:48:17.051738+00
532209,J&KBANK,J&KBANK,BSE,,1,0.05,2026-07-05 08:48:17.051738+00
538422,JACKSON,JACKSON,BSE,,1,0.01,2026-07-05 08:48:17.051738+00
543860,JAFINANCE,JAFINANCE,BSE,,1,0.01,2026-07-05 08:48:17.051738+00
507155,JAGAJITIND,JAGAJITIND,BSE,,1,0.05,2026-07-05 08:48:17.051738+00
530711,JAGANLAM,JAGANLAM,BSE,,1,0.01,2026-07-05 08:48:17.051738+00
532825,JAGJANANI,JAGJANANI,BSE,,1,0.01,2026-07-05 08:48:17.051738+00
532705,JAGRAN,JAGRAN,BSE,,1,0.01,2026-07-05 08:48:17.051738+00
507789,JAGSNPHARM,JAGSNPHARM,BSE,,1,0.05,2026-07-05 08:48:17.051738+00
530601,JAGSONSER,JAGSONSER,BSE,,1,0.01,2026-07-05 08:48:17.051738+00
532976,JAIBALAJI,JAIBALAJI,BSE,,1,0.01,2026-07-05 08:48:17.051738+00
512237,JAICORPLTD,JAICORPLTD,BSE,,1,0.05,2026-07-05 08:48:17.051738+00
514312,JAIHIND,JAIHIND,BSE,,1,0.01,2026-07-05 08:48:17.051738+00
523467,JAIMATAG,JAIMATAG,BSE,,1,0.01,2026-07-05 08:48:17.051738+00
526865,JAINCO,JAINCO,BSE,,1,0.01,2026-07-05 08:48:17.051738+00
505212,JAINEX,JAINEX,BSE,,1,0.05,2026-07-05 08:48:17.051738+00
539119,JAINMARMO,JAINMARMO,BSE,,1,0.01,2026-07-05 08:48:17.051738+00
544537,JAINREC,JAINREC,BSE,,1,0.05,2026-07-05 08:48:17.051738+00
505840,JAIPAN,JAIPAN,BSE,,1,0.01,2026-07-05 08:48:17.051738+00
538564,JAMESWARREN,JAMESWARREN,BSE,,1,0.05,2026-07-05 08:48:17.051738+00
520051,JAMNAAUTO,JAMNAAUTO,BSE,,1,0.05,2026-07-05 08:48:17.051738+00
502901,JAMSHRI,JAMSHRI,BSE,,1,0.01,2026-07-05 08:48:17.051738+00
544534,JARO,JARO,BSE,,1,0.05,2026-07-05 08:48:17.051738+00
500220,JASCH,JASCH,BSE,,1,0.05,2026-07-05 08:48:17.051738+00
544402,JASH,JASH,BSE,,1,0.05,2026-07-05 08:48:17.051738+00
514318,JATTAINDUS,JATTAINDUS,BSE,,1,0.05,2026-07-05 08:48:17.051738+00
526001,JAUSPOL,JAUSPOL,BSE,,1,0.01,2026-07-05 08:48:17.051738+00
524330,JAYAGROGN,JAYAGROGN,BSE,,1,0.05,2026-07-05 08:48:17.051738+00
543544,JAYANT,JAYANT,BSE,,750,0.01,2026-07-05 08:48:17.051738+00
539005,JAYATMA,JAYATMA,BSE,,1,0.01,2026-07-05 08:48:17.051738+00
520066,JAYBARMARU,JAYBARMARU,BSE,,1,0.05,2026-07-05 08:48:17.051738+00
501311,JAYBHCR,JAYBHCR,BSE,,1,0.01,2026-07-05 08:48:17.051738+00
506520,JAYCH,JAYCH,BSE,,1,0.01,2026-07-05 08:48:17.051738+00
531323,JAYIND,JAYIND,BSE,,1,0.01,2026-07-05 08:48:17.051738+00
544160,JAYKAILASH,JAYKAILASH,BSE,,1600,0.01,2026-07-05 08:48:17.051738+00
500306,JAYKAY,JAYKAY,BSE,,1,0.05,2026-07-05 08:48:17.051738+00
522285,JAYNECOIND,JAYNECOIND,BSE,,1,0.01,2026-07-05 08:48:17.051738+00
509715,JAYSREETEA,JAYSREETEA,BSE,,1,0.01,2026-07-05 08:48:17.051738+00
524592,JAYSYNTH,JAYSYNTH,BSE,,1,0.01,2026-07-05 08:48:17.051738+00
513252,JAYUSH,JAYUSH,BSE,,1,0.05,2026-07-05 08:48:17.051738+00
506943,JBCHEPHARM,JBCHEPHARM,BSE,,1,0.05,2026-07-05 08:48:17.051738+00
532605,JBMA,JBMA,BSE,,1,0.05,2026-07-05 08:48:17.051738+00
544524,JDCABLES,JDCABLES,BSE,,800,0.05,2026-07-05 08:48:17.051738+00
524731,JENBURPH,JENBURPH,BSE,,1,0.05,2026-07-05 08:48:17.051738+00
543420,JETFREIGHT,JETFREIGHT,BSE,,1,0.01,2026-07-05 08:48:17.051738+00
517063,JETKINGQ,JETKINGQ,BSE,,1,0.01,2026-07-05 08:48:17.051738+00
543286,JETMALL,JETMALL,BSE,,6000,0.01,2026-07-05 08:48:17.051738+00
538794,JETSOLAR,JETSOLAR,BSE,,4000,0.01,2026-07-05 08:48:17.051738+00
540850,JFL,JFL,BSE,,1000,0.01,2026-07-05 08:48:17.051738+00
544138,JGCHEM,JGCHEM,BSE,,1,0.05,2026-07-05 08:48:17.051738+00
544112,JGTL,JGTL,BSE,,1,0.05,2026-07-05 08:48:17.051738+00
531550,JHACC,JHACC,BSE,,1,0.05,2026-07-05 08:48:17.051738+00
532771,JHS,JHS,BSE,,1,0.01,2026-07-05 08:48:17.051738+00
540651,JIGAR,JIGAR,BSE,,2000,0.01,2026-07-05 08:48:17.051738+00
532624,JINDALPHOT,JINDALPHOT,BSE,,1,0.05,2026-07-05 08:48:17.051738+00
500227,JINDALPOLY,JINDALPOLY,BSE,,1,0.05,2026-07-05 08:48:17.051738+00
500378,JINDALSAW,JINDALSAW,BSE,,1,0.05,2026-07-05 08:48:17.051738+00
532286,JINDALSTEL,JINDALSTEL,BSE,,1,0.05,2026-07-05 08:48:17.051738+00
530405,JINDCAP,JINDCAP,BSE,,1,0.01,2026-07-05 08:48:17.051738+00
507981,JINDHOT,JINDHOT,BSE,,1,0.01,2026-07-05 08:48:17.051738+00
511034,JINDRILL,JINDRILL,BSE,,1,0.05,2026-07-05 08:48:17.051738+00
531543,JINDWORLD,JINDWORLD,BSE,,1,0.01,2026-07-05 08:48:17.051738+00
543940,JIOFIN,JIOFIN,BSE,,1,0.05,2026-07-05 08:48:17.051738+00
570004,JISLDVREQS,JISLDVREQS,BSE,,1,0.01,2026-07-05 08:48:17.051738+00
500219,JISLJALEQS,JISLJALEQS,BSE,,1,0.01,2026-07-05 08:48:17.051738+00
540311,JITFINFRA,JITFINFRA,BSE,,1,0.05,2026-07-05 08:48:17.051738+00
544805,JIVIAL,JIVIAL,BSE,,600,0.05,2026-07-05 08:48:17.051738+00
523062,JJFINCOR,JJFINCOR,BSE,,1,0.01,2026-07-05 08:48:17.051738+00
536493,JKAGRI,JKAGRI,BSE,,1,0.05,2026-07-05 08:48:17.051738+00
532644,JKCEMENT,JKCEMENT,BSE,,1,0.05,2026-07-05 08:48:17.051738+00
532940,JKIL,JKIL,BSE,,1,0.05,2026-07-05 08:48:17.051738+00
544547,JKIPL,JKIPL,BSE,,1,0.05,2026-07-05 08:48:17.051738+00
500380,JKLAKSHMI,JKLAKSHMI,BSE,,1,0.05,2026-07-05 08:48:17.051738+00
532162,JKPAPER,JKPAPER,BSE,,1,0.05,2026-07-05 08:48:17.051738+00
530007,JKTYRE,JKTYRE,BSE,,1,0.05,2026-07-05 08:48:17.051738+00
543980,JLHL,JLHL,BSE,,1,0.05,2026-07-05 08:48:17.051738+00
539947,JLL,JLL,BSE,,1,0.05,2026-07-05 08:48:17.051738+00
511092,JMDVL,JMDVL,BSE,,1,0.01,2026-07-05 08:48:17.051738+00
523405,JMFINANCIL,JMFINANCIL,BSE,,1,0.05,2026-07-05 08:48:17.051738+00
538834,JMJFIN,JMJFIN,BSE,,1,0.01,2026-07-05 08:48:17.051738+00
544167,JNKINDIA,JNKINDIA,BSE,,1,0.05,2026-07-05 08:48:17.051738+00
532154,JOHNPHARMA,JOHNPHARMA,BSE,,1,0.01,2026-07-05 08:48:17.051738+00
531861,JOINDRE,JOINDRE,BSE,,1,0.01,2026-07-05 08:48:17.051738+00
534659,JOINTECAED,JOINTECAED,BSE,,8000,0.01,2026-07-05 08:48:17.051738+00
531910,JOJO,JOJO,BSE,,1,0.05,2026-07-05 08:48:17.051738+00
507968,JOLYPLS,JOLYPLS,BSE,,1,0.01,2026-07-05 08:48:17.051738+00
542446,JONJUA,JONJUA,BSE,,4821,0.01,2026-07-05 08:48:17.051738+00
505750,JOSTS,JOSTS,BSE,,1,0.05,2026-07-05 08:48:17.051738+00
536773,JPOLYINVST,JPOLYINVST,BSE,,1,0.05,2026-07-05 08:48:17.051738+00
532627,JPPOWER,JPPOWER,BSE,,1,0.01,2026-07-05 08:48:17.051738+00
507987,JPTRLES,JPTRLES,BSE,,100,0.01,2026-07-05 08:48:17.051738+00
544118,JSFB,JSFB,BSE,,1,0.05,2026-07-05 08:48:17.051738+00
538765,JSHL,JSHL,BSE,,5000,0.01,2026-07-05 08:48:17.051738+00
532508,JSL,JSL,BSE,,1,0.05,2026-07-05 08:48:17.051738+00
504080,JSLINDL,JSLINDL,BSE,,1,0.05,2026-07-05 08:48:17.051738+00
544476,JSLL,JSLL,BSE,,1,0.05,2026-07-05 08:48:17.051738+00
538837,JSTL,JSTL,BSE,,1,0.01,2026-07-05 08:48:17.051738+00
544480,JSWCEMENT,JSWCEMENT,BSE,,1,0.05,2026-07-05 08:48:17.051738+00
500710,JSWDULUX,JSWDULUX,BSE,,1,0.05,2026-07-05 08:48:17.051738+00
533148,JSWENERGY,JSWENERGY,BSE,,1,0.05,2026-07-05 08:48:17.051738+00
532642,JSWHL,JSWHL,BSE,,1,0.05,2026-07-05 08:48:17.051738+00
543994,JSWINFRA,JSWINFRA,BSE,,1,0.05,2026-07-05 08:48:17.051738+00
500228,JSWSTEEL,JSWSTEEL,BSE,,1,0.05,2026-07-05 08:48:17.051738+00
520057,JTEKTINDIA,JTEKTINDIA,BSE,,1,0.05,2026-07-05 08:48:17.051738+00
537254,JTLDEFENCE,JTLDEFENCE,BSE,,1,0.05,2026-07-05 08:48:17.051738+00
534600,JTLIND,JTLIND,BSE,,1,0.01,2026-07-05 08:48:17.051738+00
544355,JUBLCPL,JUBLCPL,BSE,,1,0.05,2026-07-05 08:48:17.051738+00
533155,JUBLFOOD,JUBLFOOD,BSE,,1,0.05,2026-07-05 08:48:17.051738+00
543271,JUBLINGREA,JUBLINGREA,BSE,,1,0.05,2026-07-05 08:48:17.051738+00
530019,JUBLPHARMA,JUBLPHARMA,BSE,,1,0.05,2026-07-05 08:48:17.051738+00
536073,JULIEN,JULIEN,BSE,,1,0.01,2026-07-05 08:48:17.051738+00
511060,JUMBFNL,JUMBFNL,BSE,,1,0.01,2026-07-05 08:48:17.051738+00
516078,JUMBO,JUMBO,BSE,,1,0.01,2026-07-05 08:48:17.051738+00
544304,JUNGLECAMP,JUNGLECAMP,BSE,,1600,0.01,2026-07-05 08:48:17.051738+00
590104,JUNIORBEES,JUNIORBEES,BSE,,1,0.01,2026-07-05 08:48:17.051738+00
544129,JUNIPER,JUNIPER,BSE,,1,0.05,2026-07-05 08:48:17.051738+00
534623,JUPITERIN,JUPITERIN,BSE,,1,0.01,2026-07-05 08:48:17.051738+00
535648,JUSTDIAL,JUSTDIAL,BSE,,1,0.05,2026-07-05 08:48:17.051738+00
544542,JUSTO,JUSTO,BSE,,1000,0.01,2026-07-05 08:48:17.051738+00
533272,JWL,JWL,BSE,,1,0.05,2026-07-05 08:48:17.051738+00
532926,JYOTHYLAB,JYOTHYLAB,BSE,,1,0.05,2026-07-05 08:48:17.051738+00
504076,JYOTI,JYOTI,BSE,,1,0.01,2026-07-05 08:48:17.051738+00
544081,JYOTICNC,JYOTICNC,BSE,,1,0.05,2026-07-05 08:48:17.051738+00
542544,JYOTIN,JYOTIN,BSE,,1,0.01,2026-07-05 08:48:17.051738+00
514448,JYOTIRES,JYOTIRES,BSE,,1,0.05,2026-07-05 08:48:17.051738+00
513250,JYOTISTRUC,JYOTISTRUC,BSE,,1,0.01,2026-07-05 08:48:17.051738+00
540756,KAARYAFSL,KAARYAFSL,BSE,,6000,0.01,2026-07-05 08:48:17.051738+00
524322,KABRADG,KABRADG,BSE,,1,0.01,2026-07-05 08:48:17.051738+00
524109,KABRAEXTRU,KABRAEXTRU,BSE,,1,0.05,2026-07-05 08:48:17.051738+00
524675,KABSON,KABSON,BSE,,1,0.01,2026-07-05 08:48:17.051738+00
531778,KACHCHH,KACHCHH,BSE,,1,0.01,2026-07-05 08:48:17.051738+00
531780,KACL,KACL,BSE,,1,0.01,2026-07-05 08:48:17.051738+00
543979,KAHAN,KAHAN,BSE,,1600,0.01,2026-07-05 08:48:17.051738+00
504840,KAIRA,KAIRA,BSE,,1,0.05,2026-07-05 08:48:17.051738+00
538833,KAIZENAGRO,KAIZENAGRO,BSE,,1,0.01,2026-07-05 08:48:17.051738+00
512147,KAJALSY,KAJALSY,BSE,,1,0.01,2026-07-05 08:48:17.051738+00
500233,KAJARIACER,KAJARIACER,BSE,,1,0.05,2026-07-05 08:48:17.051738+00
513693,KAJARIR,KAJARIR,BSE,,1,0.01,2026-07-05 08:48:17.051738+00
543939,KAKA,KAKA,BSE,,500,0.05,2026-07-05 08:48:17.051738+00
500234,KAKATCEM,KAKATCEM,BSE,,1,0.05,2026-07-05 08:48:17.051738+00
521054,KAKTEX,KAKTEX,BSE,,1,0.01,2026-07-05 08:48:17.051738+00
543989,KALAMANDIR,KALAMANDIR,BSE,,1,0.05,2026-07-05 08:48:17.051738+00
526935,KALIND,KALIND,BSE,,1,0.01,2026-07-05 08:48:17.051738+00
530201,KALLAM,KALLAM,BSE,,1,0.01,2026-07-05 08:48:17.051738+00
539014,KALPACOMME,KALPACOMME,BSE,,1,0.01,2026-07-05 08:48:17.051738+00
544423,KALPATARU,KALPATARU,BSE,,1,0.05,2026-07-05 08:48:17.051738+00
538778,KALYANCAP,KALYANCAP,BSE,,1,0.01,2026-07-05 08:48:17.051738+00
544023,KALYANI,KALYANI,BSE,,250,0.05,2026-07-05 08:48:17.051738+00
513509,KALYANIFRG,KALYANIFRG,BSE,,1,0.05,2026-07-05 08:48:17.051738+00
543278,KALYANKJIL,KALYANKJIL,BSE,,1,0.05,2026-07-05 08:48:17.051738+00
514322,KAMADGIRI,KAMADGIRI,BSE,,1,0.05,2026-07-05 08:48:17.051738+00
532468,KAMAHOLD,KAMAHOLD,BSE,,1,0.05,2026-07-05 08:48:17.051738+00
511131,KAMANWALA,KAMANWALA,BSE,,1,0.01,2026-07-05 08:48:17.051738+00
526668,KAMATHOTEL,KAMATHOTEL,BSE,,1,0.05,2026-07-05 08:48:17.051738+00
539659,KAMATS,KAMATS,BSE,,1,0.01,2026-07-05 08:48:17.051738+00
532741,KAMDHENU,KAMDHENU,BSE,,1,0.01,2026-07-05 08:48:17.051738+00
543747,KAMOPAINTS,KAMOPAINTS,BSE,,1,0.01,2026-07-05 08:48:17.051738+00
506184,KANANIIND,KANANIIND,BSE,,1,0.01,2026-07-05 08:48:17.051738+00
538896,KANCHI,KANCHI,BSE,,1,0.05,2026-07-05 08:48:17.051738+00
541005,KANCOTEA,KANCOTEA,BSE,,1,0.01,2026-07-05 08:48:17.051738+00
521242,KANDAGIRI,KANDAGIRI,BSE,,1,0.01,2026-07-05 08:48:17.051738+00
544693,KANISHK,KANISHK,BSE,,1600,0.01,2026-07-05 08:48:17.051738+00
506525,KANORICHEM,KANORICHEM,BSE,,1,0.05,2026-07-05 08:48:17.051738+00
507779,KANPRPLA,KANPRPLA,BSE,,1,0.05,2026-07-05 08:48:17.051738+00
500165,KANSAINER,KANSAINER,BSE,,1,0.05,2026-07-05 08:48:17.051738+00
513456,KANSHST,KANSHST,BSE,,1,0.01,2026-07-05 08:48:17.051738+00
540515,KANUNGO,KANUNGO,BSE,,1,0.01,2026-07-05 08:48:17.051738+00
539679,KAPILRAJ,KAPILRAJ,BSE,,1,0.01,2026-07-05 08:48:17.051738+00
526115,KARANWO,KARANWO,BSE,,1,0.01,2026-07-05 08:48:17.051738+00
544511,KARBON,KARBON,BSE,,800,0.05,2026-07-05 08:48:17.051738+00
533451,KARMAENG,KARMAENG,BSE,,1,0.01,2026-07-05 08:48:17.051738+00
538928,KARNAVATI,KARNAVATI,BSE,,1,0.01,2026-07-05 08:48:17.051738+00
531671,KARNAWATI,KARNAWATI,BSE,,1,0.01,2026-07-05 08:48:17.051738+00
501151,KARTKIN,KARTKIN,BSE,,1,0.05,2026-07-05 08:48:17.051738+00
590003,KARURVYSYA,KARURVYSYA,BSE,,1,0.05,2026-07-05 08:48:17.051738+00
544688,KASTURI,KASTURI,BSE,,2000,0.01,2026-07-05 08:48:17.051738+00
531126,KATIPATANG,KATIPATANG,BSE,,1,0.01,2026-07-05 08:48:17.051738+00
502933,KATRSPG,KATRSPG,BSE,,1,0.05,2026-07-05 08:48:17.051738+00
532925,KAUSHALYA,KAUSHALYA,BSE,,1,0.05,2026-07-05 08:48:17.051738+00
590041,KAVDEFENCE,KAVDEFENCE,BSE,,1,0.01,2026-07-05 08:48:17.051738+00
539276,KAYA,KAYA,BSE,,1,0.05,2026-07-05 08:48:17.051738+00
504084,KAYCEEI,KAYCEEI,BSE,,1,0.05,2026-07-05 08:48:17.051738+00
543664,KAYNES,KAYNES,BSE,,1,0.05,2026-07-05 08:48:17.051738+00
530255,KAYPOWR,KAYPOWR,BSE,,1,0.01,2026-07-05 08:48:17.051738+00
530357,KBSINDIA,KBSINDIA,BSE,,1,0.01,2026-07-05 08:48:17.051738+00
540696,KCDGROUP,KCDGROUP,BSE,,1,0.01,2026-07-05 08:48:17.051738+00
539393,KCL,KCL,BSE,,1,0.01,2026-07-05 08:48:17.051738+00
531784,KCLINFRA,KCLINFRA,BSE,,1,0.01,2026-07-05 08:48:17.051738+00
590066,KCP,KCP,BSE,,1,0.05,2026-07-05 08:48:17.051738+00
533192,KCPSUGIND,KCPSUGIND,BSE,,1,0.01,2026-07-05 08:48:17.051738+00
537784,KCSL,KCSL,BSE,,6000,0.01,2026-07-05 08:48:17.051738+00
532054,KDDL,KDDL,BSE,,1,0.05,2026-07-05 08:48:17.051738+00
539788,KDML,KDML,BSE,,1200,0.05,2026-07-05 08:48:17.051738+00
532714,KEC,KEC,BSE,,1,0.05,2026-07-05 08:48:17.051738+00
533193,KECL,KECL,BSE,,1,0.05,2026-07-05 08:48:17.051738+00
526677,KEEPLEARN,KEEPLEARN,BSE,,1,0.01,2026-07-05 08:48:17.051738+00
518011,KEERTHI,KEERTHI,BSE,,1,0.01,2026-07-05 08:48:17.051738+00
517569,KEI,KEI,BSE,,1,0.05,2026-07-05 08:48:17.051738+00
539620,KEIL,KEIL,BSE,,1,0.01,2026-07-05 08:48:17.051738+00
539599,KEL,KEL,BSE,,1,0.01,2026-07-05 08:48:17.051738+00
506528,KELENRG,KELENRG,BSE,,1,0.05,2026-07-05 08:48:17.051738+00
519602,KELLTONTEC,KELLTONTEC,BSE,,1,0.01,2026-07-05 08:48:17.051738+00
531163,KEMISTAR,KEMISTAR,BSE,,1,0.01,2026-07-05 08:48:17.051738+00
506530,KEMP,KEMP,BSE,,1,0.05,2026-07-05 08:48:17.051738+00
530547,KENFIN,KENFIN,BSE,,1,0.01,2026-07-05 08:48:17.051738+00
505890,KENNAMET,KENNAMET,BSE,,1,0.05,2026-07-05 08:48:17.051738+00
544398,KENRIK,KENRIK,BSE,,6000,0.01,2026-07-05 08:48:17.051738+00
540953,KENVI,KENVI,BSE,,1,0.01,2026-07-05 08:48:17.051738+00
530163,KERALAYUR,KERALAYUR,BSE,,1,0.05,2026-07-05 08:48:17.051738+00
532686,KERNEX,KERNEX,BSE,,1,0.05,2026-07-05 08:48:17.051738+00
543542,KESAR,KESAR,BSE,,100,0.05,2026-07-05 08:48:17.051738+00
507180,KESARENT,KESARENT,BSE,,1,0.01,2026-07-05 08:48:17.051738+00
524174,KESARPE,KESARPE,BSE,,1,0.01,2026-07-05 08:48:17.051738+00
502937,KESORAMIND,KESORAMIND,BSE,,1,0.01,2026-07-05 08:48:17.051738+00
537392,KETOMOTORS,KETOMOTORS,BSE,,1,0.05,2026-07-05 08:48:17.051738+00
507948,KEYCORP,KEYCORP,BSE,,1,0.01,2026-07-05 08:48:17.051738+00
512597,KEYFINSERV,KEYFINSERV,BSE,,1,0.05,2026-07-05 08:48:17.051738+00
507474,KFBL,KFBL,BSE,,1,0.01,2026-07-05 08:48:17.051738+00
543720,KFINTECH,KFINTECH,BSE,,1,0.05,2026-07-05 08:48:17.051738+00
500239,KGDENIM,KGDENIM,BSE,,1,0.01,2026-07-05 08:48:17.051738+00
543289,KGES,KGES,BSE,,3000,0.01,2026-07-05 08:48:17.051738+00
531609,KGPETRO,KGPETRO,BSE,,1,0.05,2026-07-05 08:48:17.051738+00
544270,KGVL,KGVL,BSE,,1200,0.01,2026-07-05 08:48:17.051738+00
540775,KHADIM,KHADIM,BSE,,1,0.05,2026-07-05 08:48:17.051738+00
507794,KHAICHEM,KHAICHEM,BSE,,1,0.01,2026-07-05 08:48:17.051738+00
590068,KHAITANLTD,KHAITANLTD,BSE,,1,0.05,2026-07-05 08:48:17.051738+00
531892,KHANDSE,KHANDSE,BSE,,1,0.01,2026-07-05 08:48:17.051738+00
543953,KHAZANCHI,KHAZANCHI,BSE,,250,0.05,2026-07-05 08:48:17.051738+00
535730,KHOOBSURAT,KHOOBSURAT,BSE,,1,0.01,2026-07-05 08:48:17.051738+00
531692,KHYATI,KHYATI,BSE,,1,0.01,2026-07-05 08:48:17.051738+00
544711,KIAASA,KIAASA,BSE,,1000,0.01,2026-07-05 08:48:17.051738+00
533302,KICL,KICL,BSE,,1,0.05,2026-07-05 08:48:17.051738+00
507946,KIDUJA,KIDUJA,BSE,,1,0.01,2026-07-05 08:48:17.051738+00
535566,KIFS,KIFS,BSE,,1,0.05,2026-07-05 08:48:17.051738+00
524500,KILITCH,KILITCH,BSE,,1,0.05,2026-07-05 08:48:17.051738+00
530313,KIMIABL,KIMIABL,BSE,,1,0.01,2026-07-05 08:48:17.051738+00
543308,KIMS,KIMS,BSE,,1,0.05,2026-07-05 08:48:17.051738+00
500240,KINETICENG,KINETICENG,BSE,,1,0.05,2026-07-05 08:48:17.051738+00
531274,KINETRU,KINETRU,BSE,,1,0.01,2026-07-05 08:48:17.051738+00
524019,KINGFA,KINGFA,BSE,,1,0.05,2026-07-05 08:48:17.051738+00
530215,KINGSINFR,KINGSINFR,BSE,,1,0.05,2026-07-05 08:48:17.051738+00
540680,KIOCL,KIOCL,BSE,,1,0.05,2026-07-05 08:48:17.051738+00
530443,KIRANSY-B,KIRANSY-B,BSE,,1,0.01,2026-07-05 08:48:17.051738+00
537750,KIRANVYPAR,KIRANVYPAR,BSE,,1,0.05,2026-07-05 08:48:17.051738+00
532967,KIRIINDUS,KIRIINDUS,BSE,,1,0.05,2026-07-05 08:48:17.051738+00
500245,KIRLFER,KIRLFER,BSE,,1,0.05,2026-07-05 08:48:17.051738+00
500241,KIRLOSBROS,KIRLOSBROS,BSE,,1,0.05,2026-07-05 08:48:17.051738+00
533293,KIRLOSENG,KIRLOSENG,BSE,,1,0.05,2026-07-05 08:48:17.051738+00
500243,KIRLOSIND,KIRLOSIND,BSE,,1,0.05,2026-07-05 08:48:17.051738+00
505283,KIRLPNU,KIRLPNU,BSE,,1,0.05,2026-07-05 08:48:17.051738+00
519230,KISAAN,KISAAN,BSE,,1,0.01,2026-07-05 08:48:17.051738+00
530145,KISAN,KISAN,BSE,,1,0.01,2026-07-05 08:48:17.051738+00
544754,KISSHT,KISSHT,BSE,,1,0.05,2026-07-05 08:48:17.051738+00
521248,KITEX,KITEX,BSE,,1,0.05,2026-07-05 08:48:17.051738+00
544221,KIZI,KIZI,BSE,,3000,0.01,2026-07-05 08:48:17.051738+00
532304,KJMCCORP,KJMCCORP,BSE,,1,0.01,2026-07-05 08:48:17.051738+00
530235,KJMCFIN,KJMCFIN,BSE,,1,0.01,2026-07-05 08:48:17.051738+00
526409,KKALPANAIND,KKALPANAIND,BSE,,1,0.01,2026-07-05 08:48:17.051738+00
532732,KKCL,KKCL,BSE,,1,0.05,2026-07-05 08:48:17.051738+00
523652,KKPLASTICK,KKPLASTICK,BSE,,1,0.01,2026-07-05 08:48:17.051738+00
544013,KKSHL,KKSHL,BSE,,3000,0.01,2026-07-05 08:48:17.051738+00
544624,KKSILK,KKSILK,BSE,,3000,0.01,2026-07-05 08:48:17.051738+00
522101,KLBRENG-B,KLBRENG-B,BSE,,1,0.05,2026-07-05 08:48:17.051738+00
507598,KLRFM,KLRFM,BSE,,1,0.05,2026-07-05 08:48:17.051738+00
524520,KMCSHIL,KMCSHIL,BSE,,1,0.05,2026-07-05 08:48:17.051738+00
543273,KMEW,KMEW,BSE,,1,0.05,2026-07-05 08:48:17.051738+00
531578,KMFBLDR,KMFBLDR,BSE,,1,0.01,2026-07-05 08:48:17.051738+00
519415,KMGMILK,KMGMILK,BSE,,100,0.01,2026-07-05 08:48:17.051738+00
540468,KMSMEDI,KMSMEDI,BSE,,1000,0.05,2026-07-05 08:48:17.051738+00
532673,KMSUGAR,KMSUGAR,BSE,,1,0.01,2026-07-05 08:48:17.051738+00
532942,KNRCON,KNRCON,BSE,,1,0.05,2026-07-05 08:48:17.051738+00
531541,KOBO,KOBO,BSE,,1,0.01,2026-07-05 08:48:17.051738+00
512559,KOHINOOR,KOHINOOR,BSE,,1,0.01,2026-07-05 08:48:17.051738+00
523207,KOKUYOCMLN,KOKUYOCMLN,BSE,,1,0.01,2026-07-05 08:48:17.051738+00
532924,KOLTEPATIL,KOLTEPATIL,BSE,,1,0.05,2026-07-05 08:48:17.051738+00
532397,KONNDOR,KONNDOR,BSE,,1,0.01,2026-07-05 08:48:17.051738+00
524280,KOPRAN,KOPRAN,BSE,,1,0.05,2026-07-05 08:48:17.051738+00
500247,KOTAKBANK,KOTAKBANK,BSE,,1,0.05,2026-07-05 08:48:17.051738+00
530299,KOTHARIPRO,KOTHARIPRO,BSE,,1,0.01,2026-07-05 08:48:17.051738+00
509732,KOTIC,KOTIC,BSE,,1,0.05,2026-07-05 08:48:17.051738+00
544726,KOTYARK,KOTYARK,BSE,,1,0.01,2026-07-05 08:48:17.051738+00
544139,KOURA,KOURA,BSE,,2000,0.01,2026-07-05 08:48:17.051738+00
523323,KOVAI,KOVAI,BSE,,1,0.05,2026-07-05 08:48:17.051738+00
539686,KPEL,KPEL,BSE,,1,0.05,2026-07-05 08:48:17.051738+00
544150,KPGEL,KPGEL,BSE,,250,0.05,2026-07-05 08:48:17.051738+00
542323,KPIGREEN,KPIGREEN,BSE,,1,0.05,2026-07-05 08:48:17.051738+00
522287,KPIL,KPIL,BSE,,1,0.05,2026-07-05 08:48:17.051738+00
542651,KPITTECH,KPITTECH,BSE,,1,0.05,2026-07-05 08:48:17.051738+00
539997,KPL,KPL,BSE,,1,0.05,2026-07-05 08:48:17.051738+00
532889,KPRMILL,KPRMILL,BSE,,1,0.05,2026-07-05 08:48:17.051738+00
505299,KPT,KPT,BSE,,1,0.05,2026-07-05 08:48:17.051738+00
542459,KRANTI,KRANTI,BSE,,1,0.01,2026-07-05 08:48:17.051738+00
530813,KRBL,KRBL,BSE,,1,0.05,2026-07-05 08:48:17.051738+00
524518,KREBSBIO,KREBSBIO,BSE,,1,0.01,2026-07-05 08:48:17.051738+00
530139,KREONFIN,KREONFIN,BSE,,1,0.01,2026-07-05 08:48:17.051738+00
531328,KRETTOSYS,KRETTOSYS,BSE,,1,0.01,2026-07-05 08:48:17.051738+00
533482,KRIDHANINF,KRIDHANINF,BSE,,1,0.01,2026-07-05 08:48:17.051738+00
500248,KRIFILIND,KRIFILIND,BSE,,1,0.01,2026-07-05 08:48:17.051738+00
544416,KRISHIVAL,KRISHIVAL,BSE,,1,0.05,2026-07-05 08:48:17.051738+00
504392,KRISHNA,KRISHNA,BSE,,1,0.01,2026-07-05 08:48:17.051738+00
890232,KRISHPP,KRISHPP,BSE,,1,0.05,2026-07-05 08:48:17.051738+00
526423,KRITI,KRITI,BSE,,1,0.01,2026-07-05 08:48:17.051738+00
533210,KRITINUT,KRITINUT,BSE,,1,0.01,2026-07-05 08:48:17.051738+00
544263,KRN,KRN,BSE,,1,0.05,2026-07-05 08:48:17.051738+00
544187,KRONOX,KRONOX,BSE,,1,0.05,2026-07-05 08:48:17.051738+00
544253,KROSS,KROSS,BSE,,1,0.05,2026-07-05 08:48:17.051738+00
514360,KRRAIL,KRRAIL,BSE,,1,0.01,2026-07-05 08:48:17.051738+00
543328,KRSNAA,KRSNAA,BSE,,1,0.05,2026-07-05 08:48:17.051738+00
544509,KRUPALU,KRUPALU,BSE,,1600,0.01,2026-07-05 08:48:17.051738+00
523550,KRYPTONQ,KRYPTONQ,BSE,,1,0.01,2026-07-05 08:48:17.051738+00
544149,KRYSTAL,KRYSTAL,BSE,,1,0.05,2026-07-05 08:48:17.051738+00
500249,KSB,KSB,BSE,,1,0.05,2026-07-05 08:48:17.051738+00
532899,KSCL,KSCL,BSE,,1,0.05,2026-07-05 08:48:17.051738+00
519421,KSE,KSE,BSE,,1,0.05,2026-07-05 08:48:17.051738+00
544664,KSHINTL,KSHINTL,BSE,,1,0.05,2026-07-05 08:48:17.051738+00
500235,KSL,KSL,BSE,,1,0.05,2026-07-05 08:48:17.051738+00
543599,KSOLVES,KSOLVES,BSE,,1,0.05,2026-07-05 08:48:17.051738+00
544615,KSR,KSR,BSE,,1,0.01,2026-07-05 08:48:17.051738+00
516038,KSSMART,KSSMART,BSE,,1,0.05,2026-07-05 08:48:17.051738+00
533289,KTIL,KTIL,BSE,,1,0.01,2026-07-05 08:48:17.051738+00
532652,KTKBANK,KTKBANK,BSE,,1,0.05,2026-07-05 08:48:17.051738+00
532937,KUANTUM,KUANTUM,BSE,,1,0.01,2026-07-05 08:48:17.051738+00
539408,KUBERJI,KUBERJI,BSE,,1,0.01,2026-07-05 08:48:17.051738+00
526869,KUMPFIN,KUMPFIN,BSE,,1,0.01,2026-07-05 08:48:17.051738+00
523594,KUNSTOFF,KUNSTOFF,BSE,,1,0.01,2026-07-05 08:48:17.051738+00
514240,KUSHIND,KUSHIND,BSE,,1,0.01,2026-07-05 08:48:17.051738+00
511048,KUSUMEL,KUSUMEL,BSE,,1,0.01,2026-07-05 08:48:17.051738+00
530421,KUWERIN,KUWERIN,BSE,,1,0.01,2026-07-05 08:48:17.051738+00
513369,KVFORGE,KVFORGE,BSE,,1,0.05,2026-07-05 08:48:17.051738+00
544554,KVSCASTING,KVSCASTING,BSE,,2000,0.01,2026-07-05 08:48:17.051738+00
544641,KVTOYS,KVTOYS,BSE,,600,0.05,2026-07-05 08:48:17.051738+00
544622,KWIL,KWIL,BSE,,1,0.01,2026-07-05 08:48:17.051738+00
511728,KZLFIN,KZLFIN,BSE,,1,0.01,2026-07-05 08:48:17.051738+00
543830,LABELKRAFT,LABELKRAFT,BSE,,2000,0.01,2026-07-05 08:48:17.051738+00
524202,LACTOSE,LACTOSE,BSE,,1,0.05,2026-07-05 08:48:17.051738+00
530577,LADDERUP,LADDERUP,BSE,,1,0.01,2026-07-05 08:48:17.051738+00
537707,LADDU,LADDU,BSE,,1,0.01,2026-07-05 08:48:17.051738+00
524522,LAFFANSQ,LAFFANSQ,BSE,,1,0.01,2026-07-05 08:48:17.051738+00
540026,LAHL,LAHL,BSE,,1,0.01,2026-07-05 08:48:17.051738+00
531842,LAHOTIOV,LAHOTIOV,BSE,,1,0.01,2026-07-05 08:48:17.051738+00
519612,LAKESHORE,LAKESHORE,BSE,,1,0.01,2026-07-05 08:48:17.051738+00
535387,LAKHOTIA,LAKHOTIA,BSE,,1,0.01,2026-07-05 08:48:17.051738+00
506079,LAKPRE,LAKPRE,BSE,,1,0.01,2026-07-05 08:48:17.051738+00
504258,LAKSELEC,LAKSELEC,BSE,,1,0.05,2026-07-05 08:48:17.051738+00
505302,LAKSHMIEW,LAKSHMIEW,BSE,,1,0.05,2026-07-05 08:48:17.051738+00
502958,LAKSHMIMIL,LAKSHMIMIL,BSE,,1,0.05,2026-07-05 08:48:17.051738+00
540952,LAL,LAL,BSE,,1,0.01,2026-07-05 08:48:17.051738+00
539524,LALPATHLAB,LALPATHLAB,BSE,,1,0.05,2026-07-05 08:48:17.051738+00
590075,LAMBODHARA,LAMBODHARA,BSE,,1,0.05,2026-07-05 08:48:17.051738+00
539841,LANCER,LANCER,BSE,,1,0.01,2026-07-05 08:48:17.051738+00
509048,LANCORHOL,LANCORHOL,BSE,,1,0.01,2026-07-05 08:48:17.051738+00
532275,LANDMARC,LANDMARC,BSE,,1,0.01,2026-07-05 08:48:17.051738+00
543714,LANDMARK,LANDMARK,BSE,,1,0.05,2026-07-05 08:48:17.051738+00
533090,LANDSMILL,LANDSMILL,BSE,,1,0.01,2026-07-05 08:48:17.051738+00
526947,LAOPALA,LAOPALA,BSE,,1,0.05,2026-07-05 08:48:17.051738+00
540702,LASA,LASA,BSE,,1,0.01,2026-07-05 08:48:17.051738+00
526961,LASTMILE,LASTMILE,BSE,,1,0.01,2026-07-05 08:48:17.051738+00
543398,LATENTVIEW,LATENTVIEW,BSE,,1,0.05,2026-07-05 08:48:17.051738+00
505693,LATIMMETAL,LATIMMETAL,BSE,,1,0.01,2026-07-05 08:48:17.051738+00
540222,LAURUSLABS,LAURUSLABS,BSE,,1,0.05,2026-07-05 08:48:17.051738+00
544339,LAXMIDENTL,LAXMIDENTL,BSE,,1,0.05,2026-07-05 08:48:17.051738+00
544465,LAXMIINDIA,LAXMIINDIA,BSE,,1,0.01,2026-07-05 08:48:17.051738+00
537669,LAXMIPATI,LAXMIPATI,BSE,,500,0.05,2026-07-05 08:48:17.051738+00
532019,LCCINFOTEC,LCCINFOTEC,BSE,,1,0.01,2026-07-05 08:48:17.051738+00
531288,LEADFIN,LEADFIN,BSE,,1,0.01,2026-07-05 08:48:17.051738+00
517415,LEENEE,LEENEE,BSE,,1,0.01,2026-07-05 08:48:17.051738+00
532829,LEHAR,LEHAR,BSE,,1,0.05,2026-07-05 08:48:17.051738+00
539814,LELAVOIR,LELAVOIR,BSE,,1,0.05,2026-07-05 08:48:17.051738+00
541233,LEMONTREE,LEMONTREE,BSE,,1,0.05,2026-07-05 08:48:17.051738+00
544600,LENSKART,LENSKART,BSE,,1,0.05,2026-07-05 08:48:17.051738+00
502250,LERTHAI,LERTHAI,BSE,,1,0.05,2026-07-05 08:48:17.051738+00
533602,LESHAIND,LESHAIND,BSE,,1,0.01,2026-07-05 08:48:17.051738+00
544797,LESL,LESL,BSE,,6000,0.01,2026-07-05 08:48:17.051738+00
541196,LEX,LEX,BSE,,2000,0.01,2026-07-05 08:48:17.051738+00
512345,LEXGLOBAL,LEXGLOBAL,BSE,,1,0.05,2026-07-05 08:48:17.051738+00
531944,LEXORAA,LEXORAA,BSE,,1,0.01,2026-07-05 08:48:17.051738+00
500250,LGBBROSLTD,LGBBROSLTD,BSE,,1,0.05,2026-07-05 08:48:17.051738+00
533007,LGBFORGE,LGBFORGE,BSE,,1,0.01,2026-07-05 08:48:17.051738+00
544576,LGEINDIA,LGEINDIA,BSE,,1,0.05,2026-07-05 08:48:17.051738+00
544341,LGLL,LGLL,BSE,,1600,0.01,2026-07-05 08:48:17.051738+00
544489,LGT,LGT,BSE,,1200,0.01,2026-07-05 08:48:17.051738+00
526596,LIBERTSHOE,LIBERTSHOE,BSE,,1,0.05,2026-07-05 08:48:17.051738+00
531027,LIBORD,LIBORD,BSE,,1,0.01,2026-07-05 08:48:17.051738+00
511593,LIBORDFIN,LIBORDFIN,BSE,,1,0.01,2026-07-05 08:48:17.051738+00
500253,LICHSGFIN,LICHSGFIN,BSE,,1,0.05,2026-07-05 08:48:17.051738+00
543526,LICI,LICI,BSE,,1,0.05,2026-07-05 08:48:17.051738+00
539480,LICNETFN50,LICNETFN50,BSE,,1,0.01,2026-07-05 08:48:17.051738+00
539487,LICNETFSEN,LICNETFSEN,BSE,,1,0.01,2026-07-05 08:48:17.051738+00
539784,LICNFNHGP,LICNFNHGP,BSE,,1,0.01,2026-07-05 08:48:17.051738+00
544123,LICNMID100,LICNMID100,BSE,,1,0.01,2026-07-05 08:48:17.051738+00
539927,LIKHAMI,LIKHAMI,BSE,,1,0.05,2026-07-05 08:48:17.051738+00
543240,LIKHITHA,LIKHITHA,BSE,,1,0.05,2026-07-05 08:48:17.051738+00
507759,LIMECHM,LIMECHM,BSE,,1,0.01,2026-07-05 08:48:17.051738+00
531241,LINC,LINC,BSE,,1,0.05,2026-07-05 08:48:17.051738+00
531633,LINCOLN,LINCOLN,BSE,,1,0.05,2026-07-05 08:48:17.051738+00
523457,LINDEINDIA,LINDEINDIA,BSE,,1,0.05,2026-07-05 08:48:17.051738+00
524748,LINKPH,LINKPH,BSE,,1,0.01,2026-07-05 08:48:17.051738+00
544796,LIOTECH,LIOTECH,BSE,,400,0.05,2026-07-05 08:48:17.051738+00
526604,LIPPISYS,LIPPISYS,BSE,,1,0.05,2026-07-05 08:48:17.051738+00
590139,LIQUID1,LIQUID1,BSE,,1,0.01,2026-07-05 08:48:17.051738+00
544366,LKMEHTA,LKMEHTA,BSE,,1600,0.01,2026-07-05 08:48:17.051738+00
540192,LKPSEC,LKPSEC,BSE,,1,0.01,2026-07-05 08:48:17.051738+00
540360,LLFICL,LLFICL,BSE,,1,0.01,2026-07-05 08:48:17.051738+00
539992,LLOYDSENGG,LLOYDSENGG,BSE,,1,0.01,2026-07-05 08:48:17.051738+00
512463,LLOYDSENT,LLOYDSENT,BSE,,1,0.01,2026-07-05 08:48:17.051738+00
512455,LLOYDSME,LLOYDSME,BSE,,1,0.05,2026-07-05 08:48:17.051738+00
500252,LMW,LMW,BSE,,1,0.05,2026-07-05 08:48:17.051738+00
543287,LODHA,LODHA,BSE,,1,0.05,2026-07-05 08:48:17.051738+00
543746,LOGICA,LOGICA,BSE,,600,0.05,2026-07-05 08:48:17.051738+00
544625,LOGICIEL,LOGICIEL,BSE,,600,0.01,2026-07-05 08:48:17.051738+00
532740,LOKESHMACH,LOKESHMACH,BSE,,1,0.05,2026-07-05 08:48:17.051738+00
504340,LONGSPUR,LONGSPUR,BSE,,1,0.01,2026-07-05 08:48:17.051738+00
534422,LOOKS,LOOKS,BSE,,1,0.01,2026-07-05 08:48:17.051738+00
500284,LORDSCHLO,LORDSCHLO,BSE,,1,0.05,2026-07-05 08:48:17.051738+00
530065,LORDSHOTL,LORDSHOTL,BSE,,1,0.01,2026-07-05 08:48:17.051738+00
523475,LOTUSCHO,LOTUSCHO,BSE,,1,0.05,2026-07-05 08:48:17.051738+00
544469,LOTUSDEV,LOTUSDEV,BSE,,1,0.05,2026-07-05 08:48:17.051738+00
532998,LOTUSEYE,LOTUSEYE,BSE,,1,0.05,2026-07-05 08:48:17.051738+00
533343,LOVABLE,LOVABLE,BSE,,1,0.01,2026-07-05 08:48:17.051738+00
543858,LOWVOL,LOWVOL,BSE,,1,0.01,2026-07-05 08:48:17.051738+00
540612,LOWVOLIETF,LOWVOLIETF,BSE,,1,0.01,2026-07-05 08:48:17.051738+00
539227,LOYAL,LOYAL,BSE,,1,0.05,2026-07-05 08:48:17.051738+00
514036,LOYALTEX,LOYALTEX,BSE,,1,0.05,2026-07-05 08:48:17.051738+00
533012,LPDC,LPDC,BSE,,1,0.01,2026-07-05 08:48:17.051738+00
500510,LT,LT,BSE,,1,0.05,2026-07-05 08:48:17.051738+00
544518,LTELEVATOR,LTELEVATOR,BSE,,800,0.05,2026-07-05 08:48:17.051738+00
533519,LTF,LTF,BSE,,1,0.05,2026-07-05 08:48:17.051738+00
532783,LTFOODS,LTFOODS,BSE,,1,0.05,2026-07-05 08:48:17.051738+00
540005,LTM,LTM,BSE,,1,0.05,2026-07-05 08:48:17.051738+00
540115,LTTS,LTTS,BSE,,1,0.05,2026-07-05 08:48:17.051738+00
526179,LUDLOWJUT,LUDLOWJUT,BSE,,1,0.05,2026-07-05 08:48:17.051738+00
517206,LUMAXIND,LUMAXIND,BSE,,1,0.05,2026-07-05 08:48:17.051738+00
532796,LUMAXTECH,LUMAXTECH,BSE,,1,0.05,2026-07-05 08:48:17.051738+00
500257,LUPIN,LUPIN,BSE,,1,0.05,2026-07-05 08:48:17.051738+00
539542,LUXIND,LUXIND,BSE,,1,0.05,2026-07-05 08:48:17.051738+00
544635,LUXURY,LUXURY,BSE,,1600,0.01,2026-07-05 08:48:17.051738+00
531402,LWSKNIT,LWSKNIT,BSE,,1,0.01,2026-07-05 08:48:17.051738+00
543277,LXCHEM,LXCHEM,BSE,,1,0.05,2026-07-05 08:48:17.051738+00
500259,LYKALABS,LYKALABS,BSE,,1,0.01,2026-07-05 08:48:17.051738+00
530689,LYKISLTD,LYKISLTD,BSE,,1,0.01,2026-07-05 08:48:17.051738+00
531441,LYONSCO,LYONSCO,BSE,,1,0.01,2026-07-05 08:48:17.051738+00
534532,LYPSAGEMS,LYPSAGEMS,BSE,,1,0.01,2026-07-05 08:48:17.051738+00
500520,M&M,M&M,BSE,,1,0.05,2026-07-05 08:48:17.051738+00
532720,M&MFIN,M&MFIN,BSE,,1,0.05,2026-07-05 08:48:17.051738+00
532906,MAANALU,MAANALU,BSE,,1,0.05,2026-07-05 08:48:17.051738+00
541973,MACH,MACH,BSE,,1500,0.01,2026-07-05 08:48:17.051738+00
544248,MACHLTD,MACHLTD,BSE,,600,0.05,2026-07-05 08:48:17.051738+00
543934,MACIND,MACIND,BSE,,1,0.05,2026-07-05 08:48:17.051738+00
523248,MACPLASQ,MACPLASQ,BSE,,1,0.05,2026-07-05 08:48:17.051738+00
532344,MADALA,MADALA,BSE,,1,0.05,2026-07-05 08:48:17.051738+00
515093,MADHAV,MADHAV,BSE,,1,0.01,2026-07-05 08:48:17.051738+00
539894,MADHAVIPL,MADHAVIPL,BSE,,1,0.01,2026-07-05 08:48:17.051738+00
531497,MADHUCON,MADHUCON,BSE,,1,0.01,2026-07-05 08:48:17.051738+00
515059,MADHUDIN,MADHUDIN,BSE,,1,0.01,2026-07-05 08:48:17.051738+00
511000,MADHUSE,MADHUSE,BSE,,1,0.01,2026-07-05 08:48:17.051738+00
590134,MADRASFERT,MADRASFERT,BSE,,1,0.01,2026-07-05 08:48:17.051738+00
543291,MAFANG,MAFANG,BSE,,1,0.01,2026-07-05 08:48:17.051738+00
500264,MAFATIND,MAFATIND,BSE,,1,0.05,2026-07-05 08:48:17.051738+00
543613,MAFIA,MAFIA,BSE,,4000,0.01,2026-07-05 08:48:17.051738+00
540650,MAGADSUGAR,MAGADSUGAR,BSE,,1,0.05,2026-07-05 08:48:17.051738+00
512377,MAGANTR,MAGANTR,BSE,,1,0.01,2026-07-05 08:48:17.051738+00
544188,MAGENTA,MAGENTA,BSE,,4000,0.01,2026-07-05 08:48:17.051738+00
517449,MAGNAELQ,MAGNAELQ,BSE,,1,0.05,2026-07-05 08:48:17.051738+00
532896,MAGNUM,MAGNUM,BSE,,1,0.01,2026-07-05 08:48:17.051738+00
517320,MAGNUS,MAGNUS,BSE,,1,0.01,2026-07-05 08:48:17.051738+00
532525,MAHABANK,MAHABANK,BSE,,1,0.01,2026-07-05 08:48:17.051738+00
505523,MAHACORP,MAHACORP,BSE,,1,0.01,2026-07-05 08:48:17.051738+00
544611,MAHALIFE,MAHALIFE,BSE,,1200,0.05,2026-07-05 08:48:17.051738+00
513460,MAHALXSE,MAHALXSE,BSE,,1,0.01,2026-07-05 08:48:17.051738+00
523384,MAHAPEXLTD,MAHAPEXLTD,BSE,,1,0.01,2026-07-05 08:48:17.051738+00
513554,MAHASTEEL,MAHASTEEL,BSE,,1,0.05,2026-07-05 08:48:17.051738+00
539383,MAHAVEER,MAHAVEER,BSE,,1,0.01,2026-07-05 08:48:17.051738+00
523754,MAHEPC,MAHEPC,BSE,,1,0.05,2026-07-05 08:48:17.051738+00
542503,MAHIP,MAHIP,BSE,,4000,0.01,2026-07-05 08:48:17.051738+00
543414,MAHKTECH,MAHKTECH,BSE,,1,0.01,2026-07-05 08:48:17.051738+00
532313,MAHLIFE,MAHLIFE,BSE,,1,0.05,2026-07-05 08:48:17.051738+00
540768,MAHLOG,MAHLOG,BSE,,1,0.05,2026-07-05 08:48:17.051738+00
500266,MAHSCOOTER,MAHSCOOTER,BSE,,1,0.05,2026-07-05 08:48:17.051738+00
500265,MAHSEAMLES,MAHSEAMLES,BSE,,1,0.05,2026-07-05 08:48:17.051738+00
543874,MAIDEN,MAIDEN,BSE,,1000,0.01,2026-07-05 08:48:17.051738+00
531540,MAINFRA,MAINFRA,BSE,,1,0.01,2026-07-05 08:48:17.051738+00
590078,MAITHANALL,MAITHANALL,BSE,,1,0.05,2026-07-05 08:48:17.051738+00
513430,MAITRI,MAITRI,BSE,,1,0.01,2026-07-05 08:48:17.051738+00
500267,MAJESAUT,MAJESAUT,BSE,,1,0.05,2026-07-05 08:48:17.051738+00
543454,MAKEINDIA,MAKEINDIA,BSE,,1,0.01,2026-07-05 08:48:17.051738+00
506919,MAKERSL,MAKERSL,BSE,,1,0.05,2026-07-05 08:48:17.051738+00
531613,MAL,MAL,BSE,,1,0.01,2026-07-05 08:48:17.051738+00
539400,MALLCOM,MALLCOM,BSE,,1,0.05,2026-07-05 08:48:17.051738+00
544351,MALPANI,MALPANI,BSE,,1600,0.01,2026-07-05 08:48:17.051738+00
539560,MALTLAND,MALTLAND,BSE,,1,0.01,2026-07-05 08:48:17.051738+00
532728,MALUPAPER,MALUPAPER,BSE,,1,0.01,2026-07-05 08:48:17.051738+00
544318,MAMATA,MAMATA,BSE,,1,0.05,2026-07-05 08:48:17.051738+00
539045,MANAKALUCO,MANAKALUCO,BSE,,1,0.01,2026-07-05 08:48:17.051738+00
539046,MANAKCOAT,MANAKCOAT,BSE,,1,0.05,2026-07-05 08:48:17.051738+00
532932,MANAKSIA,MANAKSIA,BSE,,1,0.01,2026-07-05 08:48:17.051738+00
539044,MANAKSTEEL,MANAKSTEEL,BSE,,1,0.01,2026-07-05 08:48:17.051738+00
500268,MANALIPETC,MANALIPETC,BSE,,1,0.01,2026-07-05 08:48:17.051738+00
531213,MANAPPURAM,MANAPPURAM,BSE,,1,0.05,2026-07-05 08:48:17.051738+00
540402,MANAS,MANAS,BSE,,300,0.05,2026-07-05 08:48:17.051738+00
544262,MANBA,MANBA,BSE,,1,0.05,2026-07-05 08:48:17.051738+00
512595,MANBRO,MANBRO,BSE,,1,0.01,2026-07-05 08:48:17.051738+00
505850,MANCREDIT,MANCREDIT,BSE,,1,0.05,2026-07-05 08:48:17.051738+00
532637,MANGALAM,MANGALAM,BSE,,1,0.01,2026-07-05 08:48:17.051738+00
544287,MANGALCOMP,MANGALCOMP,BSE,,3000,0.01,2026-07-05 08:48:17.051738+00
537800,MANGIND,MANGIND,BSE,,1,0.01,2026-07-05 08:48:17.051738+00
503626,MANGLAM,MANGLAM,BSE,,1,0.01,2026-07-05 08:48:17.051738+00
502157,MANGLMCEM,MANGLMCEM,BSE,,1,0.05,2026-07-05 08:48:17.051738+00
513269,MANINDS,MANINDS,BSE,,1,0.05,2026-07-05 08:48:17.051738+00
533169,MANINFRA,MANINFRA,BSE,,1,0.05,2026-07-05 08:48:17.051738+00
544768,MANIVENI,MANIVENI,BSE,,2000,0.01,2026-07-05 08:48:17.051738+00
543904,MANKIND,MANKIND,BSE,,1,0.05,2026-07-05 08:48:17.051738+00
544400,MANOJJEWEL,MANOJJEWEL,BSE,,2000,0.01,2026-07-05 08:48:17.051738+00
540396,MANOMAY,MANOMAY,BSE,,1,0.05,2026-07-05 08:48:17.051738+00
541974,MANORAMA,MANORAMA,BSE,,1,0.05,2026-07-05 08:48:17.051738+00
514418,MANORG,MANORG,BSE,,1,0.05,2026-07-05 08:48:17.051738+00
530537,MANRAJH,MANRAJH,BSE,,1,0.01,2026-07-05 08:48:17.051738+00
511758,MANSIFIN,MANSIFIN,BSE,,1,0.01,2026-07-05 08:48:17.051738+00
511577,MANTRA,MANTRA,BSE,,1,0.01,2026-07-05 08:48:17.051738+00
544493,MANUFGBEES,MANUFGBEES,BSE,,1,0.01,2026-07-05 08:48:17.051738+00
505324,MANUGRAPH,MANUGRAPH,BSE,,1,0.01,2026-07-05 08:48:17.051738+00
543463,MANYAVAR,MANYAVAR,BSE,,1,0.05,2026-07-05 08:48:17.051738+00
543425,MAPMYINDIA,MAPMYINDIA,BSE,,1,0.05,2026-07-05 08:48:17.051738+00
509762,MAPROIN,MAPROIN,BSE,,1,0.01,2026-07-05 08:48:17.051738+00
521018,MARALOVER,MARALOVER,BSE,,1,0.01,2026-07-05 08:48:17.051738+00
503101,MARATHON,MARATHON,BSE,,1,0.05,2026-07-05 08:48:17.051738+00
531281,MARBLE,MARBLE,BSE,,1,0.05,2026-07-05 08:48:17.051738+00
523566,MARBU,MARBU,BSE,,1,0.01,2026-07-05 08:48:17.051738+00
544437,MARCLOIRE,MARCLOIRE,BSE,,1200,0.01,2026-07-05 08:48:17.051738+00
500206,MARGOFIN,MARGOFIN,BSE,,1,0.01,2026-07-05 08:48:17.051738+00
531642,MARICO,MARICO,BSE,,1,0.05,2026-07-05 08:48:17.051738+00
531503,MARIS,MARIS,BSE,,1,0.01,2026-07-05 08:48:17.051738+00
543364,MARKOLINES,MARKOLINES,BSE,,1,0.05,2026-07-05 08:48:17.051738+00
524404,MARKSANS,MARKSANS,BSE,,1,0.05,2026-07-05 08:48:17.051738+00
517467,MARSONS,MARSONS,BSE,,1,0.05,2026-07-05 08:48:17.051738+00
532500,MARUTI,MARUTI,BSE,,1,0.05,2026-07-05 08:48:17.051738+00
540749,MASFIN,MASFIN,BSE,,1,0.05,2026-07-05 08:48:17.051738+00
543365,MASPTOP50,MASPTOP50,BSE,,1,0.01,2026-07-05 08:48:17.051738+00
523704,MASTEK,MASTEK,BSE,,1,0.05,2026-07-05 08:48:17.051738+00
511768,MASTERTR,MASTERTR,BSE,,1,0.01,2026-07-05 08:48:17.051738+00
540704,MATRIMONY,MATRIMONY,BSE,,1,0.05,2026-07-05 08:48:17.051738+00
523371,MAWANASUG,MAWANASUG,BSE,,1,0.05,2026-07-05 08:48:17.051738+00
544008,MAXESTATES,MAXESTATES,BSE,,1,0.05,2026-07-05 08:48:17.051738+00
521167,MAXGROW,MAXGROW,BSE,,1,0.01,2026-07-05 08:48:17.051738+00
543220,MAXHEALTH,MAXHEALTH,BSE,,1,0.05,2026-07-05 08:48:17.051738+00
534338,MAXHEIGHTS,MAXHEIGHTS,BSE,,1,0.01,2026-07-05 08:48:17.051738+00
540401,MAXIMUS,MAXIMUS,BSE,,1,0.01,2026-07-05 08:48:17.051738+00
543223,MAXIND,MAXIND,BSE,,1,0.05,2026-07-05 08:48:17.051738+00
531680,MAYUR,MAYUR,BSE,,1,0.01,2026-07-05 08:48:17.051738+00
531221,MAYURFL,MAYURFL,BSE,,1,0.01,2026-07-05 08:48:17.051738+00
522249,MAYURUNIQ,MAYURUNIQ,BSE,,1,0.05,2026-07-05 08:48:17.051738+00
523792,MAZDA,MAZDA,BSE,,1,0.05,2026-07-05 08:48:17.051738+00
543237,MAZDOCK,MAZDOCK,BSE,,1,0.05,2026-07-05 08:48:17.051738+00
544470,MBEL,MBEL,BSE,,1,0.05,2026-07-05 08:48:17.051738+00
533152,MBLINFRA,MBLINFRA,BSE,,1,0.01,2026-07-05 08:48:17.051738+00
507836,MCCHRLS-B,MCCHRLS-B,BSE,,1,0.05,2026-07-05 08:48:17.051738+00
544106,MCFL,MCFL,BSE,,600,0.05,2026-07-05 08:48:17.051738+00
532654,MCLEODRUSS,MCLEODRUSS,BSE,,1,0.01,2026-07-05 08:48:17.051738+00
538891,MCLOUD,MCLOUD,BSE,,1,0.01,2026-07-05 08:48:17.051738+00
511401,MCLTD,MCLTD,BSE,,1,0.01,2026-07-05 08:48:17.051738+00
544073,MCPL,MCPL,BSE,,1000,0.05,2026-07-05 08:48:17.051738+00
534091,MCX,MCX,BSE,,1,0.05,2026-07-05 08:48:17.051738+00
544673,MDRC,MDRC,BSE,,1600,0.01,2026-07-05 08:48:17.051738+00
513303,MDRNSTL,MDRNSTL,BSE,,1,0.01,2026-07-05 08:48:17.051738+00
539762,MEAPL,MEAPL,BSE,,1,0.01,2026-07-05 08:48:17.051738+00
543654,MEDANTA,MEDANTA,BSE,,1,0.05,2026-07-05 08:48:17.051738+00
503685,MEDIAONE,MEDIAONE,BSE,,1,0.01,2026-07-05 08:48:17.051738+00
544088,MEDIASSIST,MEDIASSIST,BSE,,1,0.05,2026-07-05 08:48:17.051738+00
531146,MEDICAMEQ,MEDICAMEQ,BSE,,1,0.05,2026-07-05 08:48:17.051738+00
523144,MEDICAPQ,MEDICAPQ,BSE,,1,0.01,2026-07-05 08:48:17.051738+00
540937,MEDICO,MEDICO,BSE,,1,0.01,2026-07-05 08:48:17.051738+00
543427,MEDPLUS,MEDPLUS,BSE,,1,0.05,2026-07-05 08:48:17.051738+00
512505,MEENST,MEENST,BSE,,1,0.01,2026-07-05 08:48:17.051738+00
540519,MEERA,MEERA,BSE,,1,0.01,2026-07-05 08:48:17.051738+00
544632,MEESHO,MEESHO,BSE,,1,0.05,2026-07-05 08:48:17.051738+00
531176,MEFCOMCAP,MEFCOMCAP,BSE,,1,0.01,2026-07-05 08:48:17.051738+00
531417,MEGACOR,MEGACOR,BSE,,1,0.01,2026-07-05 08:48:17.051738+00
523888,MEGAMONT,MEGAMONT,BSE,,1,0.05,2026-07-05 08:48:17.051738+00
541352,MEGASTAR,MEGASTAR,BSE,,1,0.05,2026-07-05 08:48:17.051738+00
539012,MEGRISOFT,MEGRISOFT,BSE,,1,0.01,2026-07-05 08:48:17.051738+00
540730,MEHAI,MEHAI,BSE,,1,0.01,2026-07-05 08:48:17.051738+00
511377,MEHIF,MEHIF,BSE,,1,0.01,2026-07-05 08:48:17.051738+00
511738,MEHSECU,MEHSECU,BSE,,1,0.01,2026-07-05 08:48:17.051738+00
544472,MEHUL,MEHUL,BSE,,1600,0.01,2026-07-05 08:48:17.051738+00
544492,MEIL,MEIL,BSE,,1,0.05,2026-07-05 08:48:17.051738+00
531127,MENAMANI,MENAMANI,BSE,,1,0.01,2026-07-05 08:48:17.051738+00
531727,MENNPIS,MENNPIS,BSE,,1,0.01,2026-07-05 08:48:17.051738+00
523828,MENONBE,MENONBE,BSE,,1,0.05,2026-07-05 08:48:17.051738+00
539126,MEP,MEP,BSE,,1,0.01,2026-07-05 08:48:17.051738+00
538942,MERCANTILE,MERCANTILE,BSE,,1,0.01,2026-07-05 08:48:17.051738+00
512415,MERCTRD,MERCTRD,BSE,,1,0.01,2026-07-05 08:48:17.051738+00
531357,MERCURYEV,MERCURYEV,BSE,,1,0.01,2026-07-05 08:48:17.051738+00
538964,MERCURYLAB,MERCURYLAB,BSE,,1,0.05,2026-07-05 08:48:17.051738+00
534535,META,META,BSE,,1,0.01,2026-07-05 08:48:17.051738+00
544441,METAINFO,METAINFO,BSE,,800,0.01,2026-07-05 08:48:17.051738+00
544268,METAL,METAL,BSE,,1,0.01,2026-07-05 08:48:17.051738+00
99919014,METAL,S&P BSE METAL,BSE,AMXIDX,1,0.00,2026-07-05 08:48:17.051738+00
531810,METALCO,METALCO,BSE,,1,0.01,2026-07-05 08:48:17.051738+00
544229,METALIETF,METALIETF,BSE,,1,0.01,2026-07-05 08:48:17.051738+00
544637,METHODHUB,METHODHUB,BSE,,600,0.01,2026-07-05 08:48:17.051738+00
543426,METROBRAND,METROBRAND,BSE,,1,0.05,2026-07-05 08:48:17.051738+00
500159,METROGLOBL,METROGLOBL,BSE,,1,0.05,2026-07-05 08:48:17.051738+00
542650,METROPOLIS,METROPOLIS,BSE,,1,0.05,2026-07-05 08:48:17.051738+00
538401,METSL,METSL,BSE,,1,0.05,2026-07-05 08:48:17.051738+00
526622,MFLINDIA,MFLINDIA,BSE,,1,0.01,2026-07-05 08:48:17.051738+00
544233,MFML,MFML,BSE,,1,0.01,2026-07-05 08:48:17.051738+00
513721,MFSINTRCRP,MFSINTRCRP,BSE,,1,0.01,2026-07-05 08:48:17.051738+00
500271,MFSL,MFSL,BSE,,1,0.05,2026-07-05 08:48:17.051738+00
544273,MGEL,MGEL,BSE,,1,0.01,2026-07-05 08:48:17.051738+00
531319,MGIL,MGIL,BSE,,1,0.01,2026-07-05 08:48:17.051738+00
539957,MGL,MGL,BSE,,1,0.05,2026-07-05 08:48:17.051738+00
540150,MHEL,MHEL,BSE,,750,0.01,2026-07-05 08:48:17.051738+00
544592,MHLSDD,MHLSDD,BSE,,1,0.01,2026-07-05 08:48:17.051738+00
544593,MHLSDDR,MHLSDDR,BSE,,1,0.01,2026-07-05 08:48:17.051738+00
544591,MHLSDG,MHLSDG,BSE,,1,0.01,2026-07-05 08:48:17.051738+00
544589,MHLSRD,MHLSRD,BSE,,1,0.01,2026-07-05 08:48:17.051738+00
544590,MHLSRDR,MHLSRDR,BSE,,1,0.01,2026-07-05 08:48:17.051738+00
544588,MHLSRG,MHLSRG,BSE,,1,0.01,2026-07-05 08:48:17.051738+00
514450,MHLXMIRU,MHLXMIRU,BSE,,1,0.05,2026-07-05 08:48:17.051738+00
533088,MHRIL,MHRIL,BSE,,1,0.05,2026-07-05 08:48:17.051738+00
526795,MHSGRMS,MHSGRMS,BSE,,100,0.01,2026-07-05 08:48:17.051738+00
532850,MICEL,MICEL,BSE,,1,0.01,2026-07-05 08:48:17.051738+00
523343,MICROSE,MICROSE,BSE,,1,0.01,2026-07-05 08:48:17.051738+00
590144,MID150BEES,MID150BEES,BSE,,1,0.01,2026-07-05 08:48:17.051738+00
544193,MID150CASE,MID150CASE,BSE,,1,0.01,2026-07-05 08:48:17.051738+00
544655,MIDCAPADD,MIDCAPADD,BSE,,1,0.01,2026-07-05 08:48:17.051738+00
543975,MIDCAPBETA,MIDCAPBETA,BSE,,1,0.01,2026-07-05 08:48:17.051738+00
543481,MIDCAPETF,MIDCAPETF,BSE,,1,0.01,2026-07-05 08:48:17.051738+00
542921,MIDCAPIETF,MIDCAPIETF,BSE,,1,0.01,2026-07-05 08:48:17.051738+00
526251,MIDEASTP,MIDEASTP,BSE,,1,0.01,2026-07-05 08:48:17.051738+00
541195,MIDHANI,MIDHANI,BSE,,1,0.05,2026-07-05 08:48:17.051738+00
500277,MIDINDIA,MIDINDIA,BSE,,1,0.01,2026-07-05 08:48:17.051738+00
531597,MIDPOLY,MIDPOLY,BSE,,1,0.01,2026-07-05 08:48:17.051738+00
543438,MIDQ50ADD,MIDQ50ADD,BSE,,1,0.01,2026-07-05 08:48:17.051738+00
539980,MIDSELIETF,MIDSELIETF,BSE,,1,0.01,2026-07-05 08:48:17.051738+00
544180,MIDSMALL,MIDSMALL,BSE,,1,0.01,2026-07-05 08:48:17.051738+00
526570,MIDWEST,MIDWEST,BSE,,1,0.05,2026-07-05 08:48:17.051738+00
544587,MIDWESTLTD,MIDWESTLTD,BSE,,1,0.05,2026-07-05 08:48:17.051738+00
538895,MIHIKA,MIHIKA,BSE,,1,0.01,2026-07-05 08:48:17.051738+00
538668,MIIL,MIIL,BSE,,1,0.05,2026-07-05 08:48:17.051738+00
539938,MIL,MIL,BSE,,1,0.01,2026-07-05 08:48:17.051738+00
541337,MILEFUR,MILEFUR,BSE,,3000,0.01,2026-07-05 08:48:17.051738+00
531338,MILESTONE,MILESTONE,BSE,,1,0.01,2026-07-05 08:48:17.051738+00
511187,MILLENNIUM,MILLENNIUM,BSE,,1,0.01,2026-07-05 08:48:17.051738+00
522235,MINALIND,MINALIND,BSE,,1,0.01,2026-07-05 08:48:17.051738+00
531456,MINAXI,MINAXI,BSE,,1,0.01,2026-07-05 08:48:17.051738+00
538962,MINDACORP,MINDACORP,BSE,,1,0.05,2026-07-05 08:48:17.051738+00
517344,MINDTECK,MINDTECK,BSE,,1,0.05,2026-07-05 08:48:17.051738+00
523373,MINID,MINID,BSE,,1,0.01,2026-07-05 08:48:17.051738+00
526642,MIRZAINT,MIRZAINT,BSE,,1,0.01,2026-07-05 08:48:17.051738+00
544015,MISHDESIGN,MISHDESIGN,BSE,,500,0.01,2026-07-05 08:48:17.051738+00
539220,MISHKA,MISHKA,BSE,,1,0.01,2026-07-05 08:48:17.051738+00
539594,MISHTANN,MISHTANN,BSE,,1,0.01,2026-07-05 08:48:17.051738+00
542801,MISQUITA,MISQUITA,BSE,,1000,0.01,2026-07-05 08:48:17.051738+00
523782,MITSHI,MITSHI,BSE,,1,0.01,2026-07-05 08:48:17.051738+00
540078,MITSU,MITSU,BSE,,1,0.05,2026-07-05 08:48:17.051738+00
544575,MITTALSTL,MITTALSTL,BSE,,1000,0.01,2026-07-05 08:48:17.051738+00
522036,MIVENMACH,MIVENMACH,BSE,,1,0.01,2026-07-05 08:48:17.051738+00
531537,MIZVEN,MIZVEN,BSE,,1,0.05,2026-07-05 08:48:17.051738+00
538890,MKEXIM,MKEXIM,BSE,,1,0.01,2026-07-05 08:48:17.051738+00
543919,MKPL,MKPL,BSE,,1,0.01,2026-07-05 08:48:17.051738+00
521244,MKPMOB,MKPMOB,BSE,,1,0.05,2026-07-05 08:48:17.051738+00
526891,MKTCREAT,MKTCREAT,BSE,,1,0.01,2026-07-05 08:48:17.051738+00
514238,MKVENTURES,MKVENTURES,BSE,,1,0.05,2026-07-05 08:48:17.051738+00
512153,MLINDLTD,MLINDLTD,BSE,,1,0.01,2026-07-05 08:48:17.051738+00
507621,MLKFOOD,MLKFOOD,BSE,,1,0.01,2026-07-05 08:48:17.051738+00
522241,MMFL,MMFL,BSE,,1,0.05,2026-07-05 08:48:17.051738+00
535910,MMLF,MMLF,BSE,,1,0.01,2026-07-05 08:48:17.051738+00
509196,MMRUBBR-B,MMRUBBR-B,BSE,,1,0.01,2026-07-05 08:48:17.051738+00
513377,MMTC,MMTC,BSE,,1,0.01,2026-07-05 08:48:17.051738+00
512267,MMWL,MMWL,BSE,,1,0.01,2026-07-05 08:48:17.051738+00
544623,MNFL,MNFL,BSE,,1200,0.05,2026-07-05 08:48:17.051738+00
539767,MNIL,MNIL,BSE,,1,0.01,2026-07-05 08:48:17.051738+00
507938,MNPLFIN,MNPLFIN,BSE,,100,0.01,2026-07-05 08:48:17.051738+00
539682,MOBAVENUE,MOBAVENUE,BSE,,1,0.05,2026-07-05 08:48:17.051738+00
544305,MOBIKWIK,MOBIKWIK,BSE,,1,0.05,2026-07-05 08:48:17.051738+00
590149,MOCAPITAL,MOCAPITAL,BSE,,1,0.01,2026-07-05 08:48:17.051738+00
519287,MODAIRY,MODAIRY,BSE,,1,0.01,2026-07-05 08:48:17.051738+00
590152,MODEFENCE,MODEFENCE,BSE,,1,0.01,2026-07-05 08:48:17.051738+00
519003,MODINATUR,MODINATUR,BSE,,1,0.05,2026-07-05 08:48:17.051738+00
515008,MODINSU,MODINSU,BSE,,1,0.05,2026-07-05 08:48:17.051738+00
503776,MODIPON,MODIPON,BSE,,1,0.01,2026-07-05 08:48:17.051738+00
500890,MODIRUBBER,MODIRUBBER,BSE,,1,0.05,2026-07-05 08:48:17.051738+00
543539,MODIS,MODIS,BSE,,1,0.05,2026-07-05 08:48:17.051738+00
506261,MODISONLTD,MODISONLTD,BSE,,1,0.05,2026-07-05 08:48:17.051738+00
517336,MODMA,MODMA,BSE,,100,0.01,2026-07-05 08:48:17.051738+00
509760,MODRNSH,MODRNSH,BSE,,1,0.01,2026-07-05 08:48:17.051738+00
500282,MODTHREAD,MODTHREAD,BSE,,1,0.01,2026-07-05 08:48:17.051738+00
504273,MODULEX,MODULEX,BSE,,1,0.01,2026-07-05 08:48:17.051738+00
503772,MODWOOL,MODWOOL,BSE,,1,0.01,2026-07-05 08:48:17.051738+00
543563,MOHEALTH,MOHEALTH,BSE,,1,0.01,2026-07-05 08:48:17.051738+00
532140,MOHITE,MOHITE,BSE,,1,0.01,2026-07-05 08:48:17.051738+00
531453,MOHITIND,MOHITIND,BSE,,1,0.01,2026-07-05 08:48:17.051738+00
530169,MOHITPPR,MOHITPPR,BSE,,1,0.01,2026-07-05 08:48:17.051738+00
533286,MOIL,MOIL,BSE,,1,0.05,2026-07-05 08:48:17.051738+00
543331,MOL,MOL,BSE,,1,0.01,2026-07-05 08:48:17.051738+00
526263,MOLDTECH,MOLDTECH,BSE,,1,0.05,2026-07-05 08:48:17.051738+00
533080,MOLDTKPAC,MOLDTKPAC,BSE,,1,0.05,2026-07-05 08:48:17.051738+00
543501,MOLOWVOL,MOLOWVOL,BSE,,1,0.01,2026-07-05 08:48:17.051738+00
536960,MOM100,MOM100,BSE,,1,0.01,2026-07-05 08:48:17.051738+00
543568,MOM30IETF,MOM30IETF,BSE,,1,0.01,2026-07-05 08:48:17.051738+00
590115,MOM50,MOM50,BSE,,1,0.01,2026-07-05 08:48:17.051738+00
543575,MOMENTUM,MOMENTUM,BSE,,1,0.01,2026-07-05 08:48:17.051738+00
590151,MOMENTUM50,MOMENTUM50,BSE,,1,0.01,2026-07-05 08:48:17.051738+00
543465,MOMOMENTUM,MOMOMENTUM,BSE,,1,0.01,2026-07-05 08:48:17.051738+00
511551,MONARCH,MONARCH,BSE,,1,0.05,2026-07-05 08:48:17.051738+00
538446,MONEYBOXX,MONEYBOXX,BSE,,1,0.01,2026-07-05 08:48:17.051738+00
530167,MONGIPA,MONGIPA,BSE,,1,0.01,2026-07-05 08:48:17.051738+00
590153,MONIFTY500,MONIFTY500,BSE,,1,0.01,2026-07-05 08:48:17.051738+00
544451,MONIKA,MONIKA,BSE,,400,0.05,2026-07-05 08:48:17.051738+00
532078,MONIND,MONIND,BSE,,1,0.01,2026-07-05 08:48:17.051738+00
505343,MONOT,MONOT,BSE,,1,0.01,2026-07-05 08:48:17.051738+00
543437,MONQ50,MONQ50,BSE,,1,0.01,2026-07-05 08:48:17.051738+00
538836,MONTECARLO,MONTECARLO,BSE,,1,0.05,2026-07-05 08:48:17.051738+00
543577,MOQUALITY,MOQUALITY,BSE,,1,0.01,2026-07-05 08:48:17.051738+00
532621,MORARJEE,MORARJEE,BSE,,1,0.01,2026-07-05 08:48:17.051738+00
511549,MORARKFI,MORARKFI,BSE,,1,0.01,2026-07-05 08:48:17.051738+00
590150,MOREALTY,MOREALTY,BSE,,1,0.01,2026-07-05 08:48:17.051738+00
500288,MOREPENLAB,MOREPENLAB,BSE,,1,0.01,2026-07-05 08:48:17.051738+00
526237,MORGAN,MORGAN,BSE,,1,0.01,2026-07-05 08:48:17.051738+00
532407,MOSCHIP,MOSCHIP,BSE,,1,0.05,2026-07-05 08:48:17.051738+00
590148,MOSMALL250,MOSMALL250,BSE,,1,0.01,2026-07-05 08:48:17.051738+00
517334,MOTHERSON,MOTHERSON,BSE,,1,0.05,2026-07-05 08:48:17.051738+00
532892,MOTILALOFS,MOTILALOFS,BSE,,1,0.05,2026-07-05 08:48:17.051738+00
544053,MOTISONS,MOTISONS,BSE,,1,0.01,2026-07-05 08:48:17.051738+00
501343,MOTOGENFIN,MOTOGENFIN,BSE,,1,0.01,2026-07-05 08:48:17.051738+00
542864,MOUNT,MOUNT,BSE,,1,0.01,2026-07-05 08:48:17.051738+00
543576,MOVALUE,MOVALUE,BSE,,1,0.01,2026-07-05 08:48:17.051738+00
506543,MPAGI,MPAGI,BSE,,1,0.01,2026-07-05 08:48:17.051738+00
532723,MPDL,MPDL,BSE,,1,0.01,2026-07-05 08:48:17.051738+00
532470,MPFSL,MPFSL,BSE,,1,0.01,2026-07-05 08:48:17.051738+00
526299,MPHASIS,MPHASIS,BSE,,1,0.05,2026-07-05 08:48:17.051738+00
500450,MPILCORPL,MPILCORPL,BSE,,1,0.05,2026-07-05 08:48:17.051738+00
544553,MPKSTEELS,MPKSTEELS,BSE,,800,0.05,2026-07-05 08:48:17.051738+00
526143,MPL,MPL,BSE,,1,0.01,2026-07-05 08:48:17.051738+00
532440,MPSLTD,MPSLTD,BSE,,1,0.05,2026-07-05 08:48:17.051738+00
540809,MRCAGRO,MRCAGRO,BSE,,1,0.01,2026-07-05 08:48:17.051738+00
500290,MRF,MRF,BSE,,1,0.05,2026-07-05 08:48:17.051738+00
543262,MRP,MRP,BSE,,1000,0.01,2026-07-05 08:48:17.051738+00
500109,MRPL,MRPL,BSE,,1,0.05,2026-07-05 08:48:17.051738+00
544773,MRTX,MRTX,BSE,,1000,0.05,2026-07-05 08:48:17.051738+00
512065,MRUTR,MRUTR,BSE,,1,0.01,2026-07-05 08:48:17.051738+00
544695,MSAFE,MSAFE,BSE,,1000,0.05,2026-07-05 08:48:17.051738+00
544766,MSCI360,MSCI360,BSE,,1,0.01,2026-07-05 08:48:17.051738+00
544620,MSCIADD,MSCIADD,BSE,,1,0.01,2026-07-05 08:48:17.051738+00
513544,MSCTC,MSCTC,BSE,,1,0.01,2026-07-05 08:48:17.051738+00
544453,MSECL,MSECL,BSE,,600,0.05,2026-07-05 08:48:17.051738+00
539275,MSL,MSL,BSE,,1,0.05,2026-07-05 08:48:17.051738+00
532650,MSPL,MSPL,BSE,,1,0.01,2026-07-05 08:48:17.051738+00
542597,MSTCLTD,MSTCLTD,BSE,,1,0.05,2026-07-05 08:48:17.051738+00
543498,MSUMI,MSUMI,BSE,,1,0.01,2026-07-05 08:48:17.051738+00
543270,MTARTECH,MTARTECH,BSE,,1,0.05,2026-07-05 08:48:17.051738+00
534312,MTEDUCARE,MTEDUCARE,BSE,,1,0.01,2026-07-05 08:48:17.051738+00
544751,MTL,MTL,BSE,,1200,0.01,2026-07-05 08:48:17.051738+00
500108,MTNL,MTNL,BSE,,1,0.01,2026-07-05 08:48:17.051738+00
540254,MTPL,MTPL,BSE,,1,0.01,2026-07-05 08:48:17.051738+00
751124,MTPL-RE,MTPL-RE,BSE,,1,0.01,2026-07-05 08:48:17.051738+00
539819,MUDRA,MUDRA,BSE,,1,0.01,2026-07-05 08:48:17.051738+00
542774,MUFIN,MUFIN,BSE,,1,0.05,2026-07-05 08:48:17.051738+00
544058,MUFTI,MUFTI,BSE,,1,0.01,2026-07-05 08:48:17.051738+00
500460,MUKANDLTD,MUKANDLTD,BSE,,1,0.05,2026-07-05 08:48:17.051738+00
523832,MUKATPIP,MUKATPIP,BSE,,1,0.01,2026-07-05 08:48:17.051738+00
530341,MUKESHB,MUKESHB,BSE,,1,0.05,2026-07-05 08:48:17.051738+00
544135,MUKKA,MUKKA,BSE,,1,0.01,2026-07-05 08:48:17.051738+00
535204,MUKTA,MUKTA,BSE,,1,0.01,2026-07-05 08:48:17.051738+00
532357,MUKTAARTS,MUKTAARTS,BSE,,1,0.01,2026-07-05 08:48:17.051738+00
539219,MUL,MUL,BSE,,1,0.01,2026-07-05 08:48:17.051738+00
501477,MULLER,MULLER,BSE,,1,0.05,2026-07-05 08:48:17.051738+00
526169,MULTIBASE,MULTIBASE,BSE,,1,0.05,2026-07-05 08:48:17.051738+00
544241,MULTICAP,MULTICAP,BSE,,1,0.01,2026-07-05 08:48:17.051738+00
505594,MULTIIN,MULTIIN,BSE,,1,0.01,2026-07-05 08:48:17.051738+00
511200,MUNCAPM,MUNCAPM,BSE,,1,0.05,2026-07-05 08:48:17.051738+00
520059,MUNJALAU,MUNJALAU,BSE,,1,0.01,2026-07-05 08:48:17.051738+00
520043,MUNJALSHOW,MUNJALSHOW,BSE,,1,0.05,2026-07-05 08:48:17.051738+00
531821,MUNOTHFI,MUNOTHFI,BSE,,1,0.01,2026-07-05 08:48:17.051738+00
515037,MURUDCERA,MURUDCERA,BSE,,1,0.01,2026-07-05 08:48:17.051738+00
511766,MUTHOOTCAP,MUTHOOTCAP,BSE,,1,0.05,2026-07-05 08:48:17.051738+00
533398,MUTHOOTFIN,MUTHOOTFIN,BSE,,1,0.05,2026-07-05 08:48:17.051738+00
544055,MUTHOOTMF,MUTHOOTMF,BSE,,1,0.05,2026-07-05 08:48:17.051738+00
543995,MVGJL,MVGJL,BSE,,1,0.05,2026-07-05 08:48:17.051738+00
544764,MWL,MWL,BSE,,1,0.05,2026-07-05 08:48:17.051738+00
538862,MYMONEY,MYMONEY,BSE,,1,0.01,2026-07-05 08:48:17.051738+00
506734,MYSORPETRO,MYSORPETRO,BSE,,1,0.01,2026-07-05 08:48:17.051738+00
535205,MYSTICELE,MYSTICELE,BSE,,1,0.01,2026-07-05 08:48:17.051738+00
544313,NACDAC,NACDAC,BSE,,4000,0.01,2026-07-05 08:48:17.051738+00
524709,NACLIND,NACLIND,BSE,,1,0.05,2026-07-05 08:48:17.051738+00
532362,NAGPI,NAGPI,BSE,,1,0.05,2026-07-05 08:48:17.051738+00
532895,NAGREEKCAP,NAGREEKCAP,BSE,,1,0.01,2026-07-05 08:48:17.051738+00
521109,NAGREEKEXP,NAGREEKEXP,BSE,,1,0.01,2026-07-05 08:48:17.051738+00
531832,NAGTECH,NAGTECH,BSE,,1,0.01,2026-07-05 08:48:17.051738+00
532952,NAHARCAP,NAHARCAP,BSE,,1,0.05,2026-07-05 08:48:17.051738+00
519136,NAHARINDUS,NAHARINDUS,BSE,,1,0.05,2026-07-05 08:48:17.051738+00
523391,NAHARPOLY,NAHARPOLY,BSE,,1,0.05,2026-07-05 08:48:17.051738+00
500296,NAHARSPING,NAHARSPING,BSE,,1,0.05,2026-07-05 08:48:17.051738+00
539402,NAKSH,NAKSH,BSE,,1,0.01,2026-07-05 08:48:17.051738+00
538395,NAM,NAM,BSE,,1,0.01,2026-07-05 08:48:17.051738+00
540767,NAM-INDIA,NAM-INDIA,BSE,,1,0.05,2026-07-05 08:48:17.051738+00
544668,NANTA,NANTA,BSE,,600,0.05,2026-07-05 08:48:17.051738+00
500298,NAPEROL,NAPEROL,BSE,,1,0.05,2026-07-05 08:48:17.051738+00
538926,NAPL,NAPL,BSE,,1,0.05,2026-07-05 08:48:17.051738+00
544373,NAPSGLOBAL,NAPSGLOBAL,BSE,,1600,0.01,2026-07-05 08:48:17.051738+00
543643,NARMADA,NARMADA,BSE,,1,0.01,2026-07-05 08:48:17.051738+00
544680,NARMADESH,NARMADESH,BSE,,240,0.05,2026-07-05 08:48:17.051738+00
517431,NARMP,NARMP,BSE,,1,0.01,2026-07-05 08:48:17.051738+00
531416,NARPROP,NARPROP,BSE,,1,0.01,2026-07-05 08:48:17.051738+00
524654,NATCAPSUQ,NATCAPSUQ,BSE,,1,0.05,2026-07-05 08:48:17.051738+00
524816,NATCOPHARM,NATCOPHARM,BSE,,1,0.05,2026-07-05 08:48:17.051738+00
531289,NATFIT,NATFIT,BSE,,1,0.05,2026-07-05 08:48:17.051738+00
531651,NATGENI,NATGENI,BSE,,1,0.01,2026-07-05 08:48:17.051738+00
537291,NATHBIOGEN,NATHBIOGEN,BSE,,1,0.05,2026-07-05 08:48:17.051738+00
502587,NATHIND,NATHIND,BSE,,1,0.01,2026-07-05 08:48:17.051738+00
531834,NATHUEC,NATHUEC,BSE,,1,0.01,2026-07-05 08:48:17.051738+00
532234,NATIONALUM,NATIONALUM,BSE,,1,0.05,2026-07-05 08:48:17.051738+00
504882,NATIONSTD,NATIONSTD,BSE,,1,0.05,2026-07-05 08:48:17.051738+00
526616,NATPLAS,NATPLAS,BSE,,1,0.01,2026-07-05 08:48:17.051738+00
531287,NATPLASTI,NATPLASTI,BSE,,1,0.05,2026-07-05 08:48:17.051738+00
516062,NATPLY,NATPLY,BSE,,1,0.01,2026-07-05 08:48:17.051738+00
530119,NATRAJPR,NATRAJPR,BSE,,1,0.01,2026-07-05 08:48:17.051738+00
543207,NATURAL,NATURAL,BSE,,1,0.01,2026-07-05 08:48:17.051738+00
532777,NAUKRI,NAUKRI,BSE,,1,0.05,2026-07-05 08:48:17.051738+00
513023,NAVA,NAVA,BSE,,1,0.05,2026-07-05 08:48:17.051738+00
539521,NAVIGANT,NAVIGANT,BSE,,1250,0.01,2026-07-05 08:48:17.051738+00
532504,NAVINFLUOR,NAVINFLUOR,BSE,,1,0.05,2026-07-05 08:48:17.051738+00
539332,NAVKARCORP,NAVKARCORP,BSE,,1,0.05,2026-07-05 08:48:17.051738+00
531494,NAVKARURB,NAVKARURB,BSE,,1,0.01,2026-07-05 08:48:17.051738+00
508989,NAVNETEDUL,NAVNETEDUL,BSE,,1,0.05,2026-07-05 08:48:17.051738+00
543280,NAZARA,NAZARA,BSE,,1,0.05,2026-07-05 08:48:17.051738+00
534309,NBCC,NBCC,BSE,,1,0.05,2026-07-05 08:48:17.051738+00
523242,NBFOOT,NBFOOT,BSE,,100,0.01,2026-07-05 08:48:17.051738+00
543351,NBL,NBL,BSE,,1200,0.05,2026-07-05 08:48:17.051738+00
500294,NCC,NCC,BSE,,1,0.05,2026-07-05 08:48:17.051738+00
519506,NCCBLUE,NCCBLUE,BSE,,100,0.01,2026-07-05 08:48:17.051738+00
502168,NCLIND,NCLIND,BSE,,1,0.05,2026-07-05 08:48:17.051738+00
530557,NCLRESE,NCLRESE,BSE,,1,0.01,2026-07-05 08:48:17.051738+00
544510,NCML,NCML,BSE,,1600,0.01,2026-07-05 08:48:17.051738+00
511535,NDASEC,NDASEC,BSE,,1,0.01,2026-07-05 08:48:17.051738+00
532641,NDL,NDL,BSE,,1,0.01,2026-07-05 08:48:17.051738+00
500189,NDLVENTURE,NDLVENTURE,BSE,,1,0.05,2026-07-05 08:48:17.051738+00
543214,NDRAUTO,NDRAUTO,BSE,,1,0.05,2026-07-05 08:48:17.051738+00
532529,NDTV,NDTV,BSE,,1,0.01,2026-07-05 08:48:17.051738+00
508670,NEAGI,NEAGI,BSE,,1,0.05,2026-07-05 08:48:17.051738+00
534615,NECCLTD,NECCLTD,BSE,,1,0.01,2026-07-05 08:48:17.051738+00
532649,NECLIFE,NECLIFE,BSE,,1,0.01,2026-07-05 08:48:17.051738+00
531049,NEELKAN,NEELKAN,BSE,,1,0.01,2026-07-05 08:48:17.051738+00
512565,NEELKANTH,NEELKANTH,BSE,,1,0.01,2026-07-05 08:48:17.051738+00
539409,NEERAJ,NEERAJ,BSE,,1,0.01,2026-07-05 08:48:17.051738+00
544434,NEETUYOSHI,NEETUYOSHI,BSE,,800,0.05,2026-07-05 08:48:17.051738+00
539016,NEIL,NEIL,BSE,,1,0.01,2026-07-05 08:48:17.051738+00
532864,NELCAST,NELCAST,BSE,,1,0.05,2026-07-05 08:48:17.051738+00
504112,NELCO,NELCO,BSE,,1,0.05,2026-07-05 08:48:17.051738+00
542665,NEOGEN,NEOGEN,BSE,,1,0.05,2026-07-05 08:48:17.051738+00
514332,NEOINFRA,NEOINFRA,BSE,,1,0.01,2026-07-05 08:48:17.051738+00
544647,NEPHROPLUS,NEPHROPLUS,BSE,,1,0.05,2026-07-05 08:48:17.051738+00
544663,NEPLOG,NEPLOG,BSE,,1000,0.01,2026-07-05 08:48:17.051738+00
505355,NESCO,NESCO,BSE,,1,0.05,2026-07-05 08:48:17.051738+00
500790,NESTLEIND,NESTLEIND,BSE,,1,0.05,2026-07-05 08:48:17.051738+00
590160,NETF,NETF,BSE,,1,0.01,2026-07-05 08:48:17.051738+00
509040,NETLINK,NETLINK,BSE,,1,0.05,2026-07-05 08:48:17.051738+00
543247,NETPIX,NETPIX,BSE,,4000,0.01,2026-07-05 08:48:17.051738+00
511658,NETTLINX,NETTLINX,BSE,,1,0.01,2026-07-05 08:48:17.051738+00
543945,NETWEB,NETWEB,BSE,,1,0.05,2026-07-05 08:48:17.051738+00
532798,NETWORK18,NETWORK18,BSE,,1,0.01,2026-07-05 08:48:17.051738+00
532887,NEUEON,NEUEON,BSE,,1,0.01,2026-07-05 08:48:17.051738+00
524558,NEULANDLAB,NEULANDLAB,BSE,,1,0.05,2026-07-05 08:48:17.051738+00
540900,NEWGEN,NEWGEN,BSE,,1,0.05,2026-07-05 08:48:17.051738+00
531959,NEWINFRA,NEWINFRA,BSE,,1,0.01,2026-07-05 08:48:17.051738+00
540243,NEWLIGHT,NEWLIGHT,BSE,,1,0.01,2026-07-05 08:48:17.051738+00
508867,NEWMKTAVE,NEWMKTAVE,BSE,,1,0.01,2026-07-05 08:48:17.051738+00
514060,NEWTRAC,NEWTRAC,BSE,,1,0.01,2026-07-05 08:48:17.051738+00
508905,NEXOME,NEXOME,BSE,,1,0.05,2026-07-05 08:48:17.051738+00
544352,NEXT30ADD,NEXT30ADD,BSE,,1,0.01,2026-07-05 08:48:17.051738+00
542922,NEXT50,NEXT50,BSE,,1,0.01,2026-07-05 08:48:17.051738+00
544674,NEXT50ADD,NEXT50ADD,BSE,,1,0.01,2026-07-05 08:48:17.051738+00
540669,NEXT50BETA,NEXT50BETA,BSE,,1,0.01,2026-07-05 08:48:17.051738+00
541809,NEXT50IETF,NEXT50IETF,BSE,,1,0.01,2026-07-05 08:48:17.051738+00
532416,NEXTMEDIA,NEXTMEDIA,BSE,,1,0.01,2026-07-05 08:48:17.051738+00
538874,NEXUSSURGL,NEXUSSURGL,BSE,,1,0.01,2026-07-05 08:48:17.051738+00
544265,NEXXUS,NEXXUS,BSE,,1200,0.01,2026-07-05 08:48:17.051738+00
523630,NFL,NFL,BSE,,1,0.01,2026-07-05 08:48:17.051738+00
541418,NGIL,NGIL,BSE,,1,0.01,2026-07-05 08:48:17.051738+00
530897,NGIND,NGIND,BSE,,1,0.05,2026-07-05 08:48:17.051738+00
524774,NGLFINE,NGLFINE,BSE,,1,0.05,2026-07-05 08:48:17.051738+00
539551,NH,NH,BSE,,1,0.05,2026-07-05 08:48:17.051738+00
517554,NHCFOODS,NHCFOODS,BSE,,1,0.01,2026-07-05 08:48:17.051738+00
544245,NHL,NHL,BSE,,1600,0.01,2026-07-05 08:48:17.051738+00
533098,NHPC,NHPC,BSE,,1,0.01,2026-07-05 08:48:17.051738+00
540769,NIACL,NIACL,BSE,,1,0.05,2026-07-05 08:48:17.051738+00
535136,NIBE,NIBE,BSE,,1,0.05,2026-07-05 08:48:17.051738+00
535458,NIBL,NIBL,BSE,,1,0.01,2026-07-05 08:48:17.051738+00
526721,NICCOPAR,NICCOPAR,BSE,,1,0.01,2026-07-05 08:48:17.051738+00
512103,NIDHGRN,NIDHGRN,BSE,,1,0.05,2026-07-05 08:48:17.051738+00
537483,NIF100BEES,NIF100BEES,BSE,,1,0.01,2026-07-05 08:48:17.051738+00
537008,NIF100IETF,NIF100IETF,BSE,,1,0.01,2026-07-05 08:48:17.051738+00
537708,NIFTY1,NIFTY1,BSE,,1,0.01,2026-07-05 08:48:17.051738+00
543440,NIFTYADD,NIFTYADD,BSE,,1,0.01,2026-07-05 08:48:17.051738+00
590103,NIFTYBEES,NIFTYBEES,BSE,,1,0.01,2026-07-05 08:48:17.051738+00
539313,NIFTYBETA,NIFTYBETA,BSE,,1,0.01,2026-07-05 08:48:17.051738+00
544092,NIFTYBETF,NIFTYBETF,BSE,,1,0.01,2026-07-05 08:48:17.051738+00
544586,NIFTYCASE,NIFTYCASE,BSE,,1,0.01,2026-07-05 08:48:17.051738+00
542131,NIFTYETF,NIFTYETF,BSE,,1,0.01,2026-07-05 08:48:17.051738+00
537007,NIFTYIETF,NIFTYIETF,BSE,,1,0.01,2026-07-05 08:48:17.051738+00
543574,NIFTYQLITY,NIFTYQLITY,BSE,,1,0.01,2026-07-05 08:48:17.051738+00
531083,NIHARINF,NIHARINF,BSE,,1,0.01,2026-07-05 08:48:17.051738+00
500304,NIITLTD,NIITLTD,BSE,,1,0.05,2026-07-05 08:48:17.051738+00
543952,NIITMTS,NIITMTS,BSE,,1,0.05,2026-07-05 08:48:17.051738+00
526159,NIKHILAD,NIKHILAD,BSE,,1,0.01,2026-07-05 08:48:17.051738+00
531272,NIKKIGL,NIKKIGL,BSE,,1,0.01,2026-07-05 08:48:17.051738+00
543282,NIKSTECH,NIKSTECH,BSE,,300,0.05,2026-07-05 08:48:17.051738+00
502294,NILACHAL,NILACHAL,BSE,,1,0.01,2026-07-05 08:48:17.051738+00
530377,NILAINFRA,NILAINFRA,BSE,,1,0.01,2026-07-05 08:48:17.051738+00
542231,NILASPACES,NILASPACES,BSE,,1,0.01,2026-07-05 08:48:17.051738+00
530129,NILE,NILE,BSE,,1,0.05,2026-07-05 08:48:17.051738+00
523385,NILKAMAL,NILKAMAL,BSE,,1,0.05,2026-07-05 08:48:17.051738+00
511714,NIMBSPROJ,NIMBSPROJ,BSE,,1,0.05,2026-07-05 08:48:17.051738+00
539843,NINSYS,NINSYS,BSE,,1,0.05,2026-07-05 08:48:17.051738+00
504058,NIPPOBATRY,NIPPOBATRY,BSE,,1,0.05,2026-07-05 08:48:17.051738+00
532986,NIRAJ,NIRAJ,BSE,,1,0.01,2026-07-05 08:48:17.051738+00
512425,NIRAVCOM,NIRAVCOM,BSE,,1,0.05,2026-07-05 08:48:17.051738+00
500307,NIRLON,NIRLON,BSE,,1,0.05,2026-07-05 08:48:17.051738+00
543194,NIRMITEE,NIRMITEE,BSE,,900,0.05,2026-07-05 08:48:17.051738+00
544495,NISMGMT,NISMGMT,BSE,,1200,0.01,2026-07-05 08:48:17.051738+00
544296,NISUS,NISUS,BSE,,400,0.05,2026-07-05 08:48:17.051738+00
532722,NITCO,NITCO,BSE,,1,0.05,2026-07-05 08:48:17.051738+00
508875,NITINCAST,NITINCAST,BSE,,1,0.05,2026-07-05 08:48:17.051738+00
532698,NITINSPIN,NITINSPIN,BSE,,1,0.05,2026-07-05 08:48:17.051738+00
506532,NITTAGELA,NITTAGELA,BSE,,1,0.05,2026-07-05 08:48:17.051738+00
544286,NIVABUPA,NIVABUPA,BSE,,1,0.01,2026-07-05 08:48:17.051738+00
542206,NIVAKA,NIVAKA,BSE,,1,0.01,2026-07-05 08:48:17.051738+00
538772,NIYOGIN,NIYOGIN,BSE,,1,0.01,2026-07-05 08:48:17.051738+00
519494,NKIND,NKIND,BSE,,1,0.01,2026-07-05 08:48:17.051738+00
513683,NLCINDIA,NLCINDIA,BSE,,1,0.05,2026-07-05 08:48:17.051738+00
531212,NLFL,NLFL,BSE,,1,0.01,2026-07-05 08:48:17.051738+00
526371,NMDC,NMDC,BSE,,1,0.01,2026-07-05 08:48:17.051738+00
522289,NMSGLOBAL,NMSGLOBAL,BSE,,1,0.01,2026-07-05 08:48:17.051738+00
539200,NOBPOL,NOBPOL,BSE,,1,0.01,2026-07-05 08:48:17.051738+00
500730,NOCIL,NOCIL,BSE,,1,0.05,2026-07-05 08:48:17.051738+00
532481,NOIDATOLL,NOIDATOLL,BSE,,1,0.01,2026-07-05 08:48:17.051738+00
507813,NOL,NOL,BSE,,1,0.01,2026-07-05 08:48:17.051738+00
519528,NORBTEAEXP,NORBTEAEXP,BSE,,1,0.01,2026-07-05 08:48:17.051738+00
524414,NORRIS,NORRIS,BSE,,1,0.01,2026-07-05 08:48:17.051738+00
544260,NORTHARC,NORTHARC,BSE,,1,0.05,2026-07-05 08:48:17.051738+00
539110,NORTHLINK,NORTHLINK,BSE,,1,0.01,2026-07-05 08:48:17.051738+00
531465,NOUVEAU,NOUVEAU,BSE,,1,0.01,2026-07-05 08:48:17.051738+00
544100,NOVAAGRI,NOVAAGRI,BSE,,1,0.01,2026-07-05 08:48:17.051738+00
500672,NOVARTIND,NOVARTIND,BSE,,1,0.05,2026-07-05 08:48:17.051738+00
542771,NOVATEOR,NOVATEOR,BSE,,3000,0.01,2026-07-05 08:48:17.051738+00
536565,NOVELIX,NOVELIX,BSE,,1,0.01,2026-07-05 08:48:17.051738+00
513566,NOVIS,NOVIS,BSE,,1,0.01,2026-07-05 08:48:17.051738+00
544735,NOVUS,NOVUS,BSE,,1000,0.05,2026-07-05 08:48:17.051738+00
544269,NPFL,NPFL,BSE,,6000,0.01,2026-07-05 08:48:17.051738+00
544205,NPL,NPL,BSE,,1,0.05,2026-07-05 08:48:17.051738+00
530127,NPRFIN,NPRFIN,BSE,,1,0.01,2026-07-05 08:48:17.051738+00
544396,NPST,NPST,BSE,,1,0.05,2026-07-05 08:48:17.051738+00
516082,NRAIL,NRAIL,BSE,,1,0.05,2026-07-05 08:48:17.051738+00
530367,NRBBEARING,NRBBEARING,BSE,,1,0.05,2026-07-05 08:48:17.051738+00
544571,NSBBPO,NSBBPO,BSE,,1000,0.01,2026-07-05 08:48:17.051738+00
544467,NSDL,NSDL,BSE,,1,0.05,2026-07-05 08:48:17.051738+00
532256,NSIL,NSIL,BSE,,1,0.05,2026-07-05 08:48:17.051738+00
542628,NSL,NSL,BSE,,1,0.05,2026-07-05 08:48:17.051738+00
543768,NSLNISP,NSLNISP,BSE,,1,0.01,2026-07-05 08:48:17.051738+00
526723,NTCIND,NTCIND,BSE,,1,0.05,2026-07-05 08:48:17.051738+00
532555,NTPC,NTPC,BSE,,1,0.05,2026-07-05 08:48:17.051738+00
544289,NTPCGREEN,NTPCGREEN,BSE,,1,0.01,2026-07-05 08:48:17.051738+00
531209,NUCLEUS,NUCLEUS,BSE,,1,0.05,2026-07-05 08:48:17.051738+00
544370,NUKLEUS,NUKLEUS,BSE,,600,0.05,2026-07-05 08:48:17.051738+00
543264,NURECA,NURECA,BSE,,1,0.05,2026-07-05 08:48:17.051738+00
531304,NUTECGLOB,NUTECGLOB,BSE,,1,0.01,2026-07-05 08:48:17.051738+00
543988,NUVAMA,NUVAMA,BSE,,1,0.05,2026-07-05 08:48:17.051738+00
543334,NUVOCO,NUVOCO,BSE,,1,0.05,2026-07-05 08:48:17.051738+00
539945,NV20IETF,NV20IETF,BSE,,1,0.01,2026-07-05 08:48:17.051738+00
543522,NVENTURES,NVENTURES,BSE,,750,0.05,2026-07-05 08:48:17.051738+00
531889,NWIL,NWIL,BSE,,1,0.01,2026-07-05 08:48:17.051738+00
543384,NYKAA,NYKAA,BSE,,1,0.05,2026-07-05 08:48:17.051738+00
504378,NYSSACORP,NYSSACORP,BSE,,1,0.01,2026-07-05 08:48:17.051738+00
500078,OAL,OAL,BSE,,1,0.05,2026-07-05 08:48:17.051738+00
751125,OASISE-RE,OASISE-RE,BSE,,1,0.01,2026-07-05 08:48:17.051738+00
512489,OASISEC,OASISEC,BSE,,1,0.01,2026-07-05 08:48:17.051738+00
541206,OBCL,OBCL,BSE,,1,0.01,2026-07-05 08:48:17.051738+00
533273,OBEROIRLTY,OBEROIRLTY,BSE,,1,0.05,2026-07-05 08:48:17.051738+00
544278,OCCLLTD,OCCLLTD,BSE,,1,0.05,2026-07-05 08:48:17.051738+00
540405,OCEANIC,OCEANIC,BSE,,1,0.01,2026-07-05 08:48:17.051738+00
538894,OCTAL,OCTAL,BSE,,1,0.01,2026-07-05 08:48:17.051738+00
521062,OCTAVE,OCTAVE,BSE,,1,0.01,2026-07-05 08:48:17.051738+00
542938,OCTAVIUSPL,OCTAVIUSPL,BSE,,1,0.01,2026-07-05 08:48:17.051738+00
540416,OCTAWARE,OCTAWARE,BSE,,1600,0.01,2026-07-05 08:48:17.051738+00
544301,ODIGMA,ODIGMA,BSE,,1,0.01,2026-07-05 08:48:17.051738+00
531996,ODYCORP,ODYCORP,BSE,,1,0.01,2026-07-05 08:48:17.051738+00
530175,ODYSSEY,ODYSSEY,BSE,,1,0.01,2026-07-05 08:48:17.051738+00
532466,OFSS,OFSS,BSE,,1,0.05,2026-07-05 08:48:17.051738+00
533106,OIL,OIL,BSE,,1,0.05,2026-07-05 08:48:17.051738+00
500313,OILCOUNTUB,OILCOUNTUB,BSE,,1,0.01,2026-07-05 08:48:17.051738+00
544216,OILIETF,OILIETF,BSE,,1,0.01,2026-07-05 08:48:17.051738+00
530805,OIVL,OIVL,BSE,,1,0.01,2026-07-05 08:48:17.051738+00
526415,OKPLA,OKPLA,BSE,,1,0.01,2026-07-05 08:48:17.051738+00
544225,OLAELEC,OLAELEC,BSE,,1,0.01,2026-07-05 08:48:17.051738+00
543578,OLATECH,OLATECH,BSE,,925,0.01,2026-07-05 08:48:17.051738+00
532439,OLECTRA,OLECTRA,BSE,,1,0.05,2026-07-05 08:48:17.051738+00
534190,OLPCL,OLPCL,BSE,,1,0.01,2026-07-05 08:48:17.051738+00
521105,OLYMPTX,OLYMPTX,BSE,,1,0.01,2026-07-05 08:48:17.051738+00
507609,OLYOI,OLYOI,BSE,,1,0.01,2026-07-05 08:48:17.051738+00
520021,OMAXAUTO,OMAXAUTO,BSE,,1,0.05,2026-07-05 08:48:17.051738+00
532880,OMAXE,OMAXE,BSE,,1,0.01,2026-07-05 08:48:17.051738+00
519479,OMEAG,OMEAG,BSE,,1,0.01,2026-07-05 08:48:17.051738+00
544564,OMFREIGHT,OMFREIGHT,BSE,,1,0.01,2026-07-05 08:48:17.051738+00
531092,OMINFRAL,OMINFRAL,BSE,,1,0.01,2026-07-05 08:48:17.051738+00
532167,OMKARPH,OMKARPH,BSE,,1,0.01,2026-07-05 08:48:17.051738+00
544559,OML,OML,BSE,,1600,0.01,2026-07-05 08:48:17.051738+00
544720,OMNI,OMNI,BSE,,1,0.05,2026-07-05 08:48:17.051738+00
532340,OMNIAX,OMNIAX,BSE,,1,0.01,2026-07-05 08:48:17.051738+00
543400,OMNIPOTENT,OMNIPOTENT,BSE,,2000,0.01,2026-07-05 08:48:17.051738+00
514324,OMNITEX,OMNITEX,BSE,,1,0.05,2026-07-05 08:48:17.051738+00
544750,OMPOWER,OMPOWER,BSE,,1,0.05,2026-07-05 08:48:17.051738+00
514330,ONEGLOBAL,ONEGLOBAL,BSE,,1,0.05,2026-07-05 08:48:17.051738+00
533632,ONELIFECAP,ONELIFECAP,BSE,,1,0.01,2026-07-05 08:48:17.051738+00
544748,ONEPOINT,ONEPOINT,BSE,,1,0.01,2026-07-05 08:48:17.051738+00
544292,ONESOURCE,ONESOURCE,BSE,,1,0.05,2026-07-05 08:48:17.051738+00
500312,ONGC,ONGC,BSE,,1,0.05,2026-07-05 08:48:17.051738+00
500279,ONIDA,ONIDA,BSE,,1,0.01,2026-07-05 08:48:17.051738+00
513119,ONIXSOLAR,ONIXSOLAR,BSE,,1,0.05,2026-07-05 08:48:17.051738+00
532944,ONMOBILE,ONMOBILE,BSE,,1,0.01,2026-07-05 08:48:17.051738+00
540386,ONTIC,ONTIC,BSE,,1,0.01,2026-07-05 08:48:17.051738+00
517536,ONWARDTEC,ONWARDTEC,BSE,,1,0.05,2026-07-05 08:48:17.051738+00
535657,OONE,OONE,BSE,,1,0.01,2026-07-05 08:48:17.051738+00
539116,OPCHAINS,OPCHAINS,BSE,,5000,0.01,2026-07-05 08:48:17.051738+00
530135,OPTIEMUS,OPTIEMUS,BSE,,1,0.05,2026-07-05 08:48:17.051738+00
531254,OPTIFIN,OPTIFIN,BSE,,1,0.01,2026-07-05 08:48:17.051738+00
512626,ORBTEXP,ORBTEXP,BSE,,1,0.05,2026-07-05 08:48:17.051738+00
532271,ORCHASP,ORCHASP,BSE,,1,0.01,2026-07-05 08:48:17.051738+00
524372,ORCHPHARMA,ORCHPHARMA,BSE,,1,0.05,2026-07-05 08:48:17.051738+00
543997,ORGANICREC,ORGANICREC,BSE,,600,0.05,2026-07-05 08:48:17.051738+00
531157,ORGCOAT,ORGCOAT,BSE,,1,0.01,2026-07-05 08:48:17.051738+00
507690,ORIBEVER,ORIBEVER,BSE,,1,0.05,2026-07-05 08:48:17.051738+00
513121,ORICONENT,ORICONENT,BSE,,1,0.01,2026-07-05 08:48:17.051738+00
532817,ORIENTALTL,ORIENTALTL,BSE,,1,0.01,2026-07-05 08:48:17.051738+00
530365,ORIENTBELL,ORIENTBELL,BSE,,1,0.05,2026-07-05 08:48:17.051738+00
535754,ORIENTCEM,ORIENTCEM,BSE,,1,0.05,2026-07-05 08:48:17.051738+00
504879,ORIENTCER,ORIENTCER,BSE,,1,0.01,2026-07-05 08:48:17.051738+00
541301,ORIENTELEC,ORIENTELEC,BSE,,1,0.05,2026-07-05 08:48:17.051738+00
500314,ORIENTHOT,ORIENTHOT,BSE,,1,0.05,2026-07-05 08:48:17.051738+00
526325,ORIENTLTD,ORIENTLTD,BSE,,1,0.01,2026-07-05 08:48:17.051738+00
502420,ORIENTPPR,ORIENTPPR,BSE,,1,0.01,2026-07-05 08:48:17.051738+00
544235,ORIENTTECH,ORIENTTECH,BSE,,1,0.05,2026-07-05 08:48:17.051738+00
531512,ORIENTTR,ORIENTTR,BSE,,1,0.01,2026-07-05 08:48:17.051738+00
531859,ORIRAIL,ORIRAIL,BSE,,1,0.05,2026-07-05 08:48:17.051738+00
590086,ORISSAMINE,ORISSAMINE,BSE,,1,0.05,2026-07-05 08:48:17.051738+00
544595,ORKLAINDIA,ORKLAINDIA,BSE,,1,0.05,2026-07-05 08:48:17.051738+00
531626,OROSMITHS,OROSMITHS,BSE,,1,0.01,2026-07-05 08:48:17.051738+00
539015,ORTEL,ORTEL,BSE,,1,0.01,2026-07-05 08:48:17.051738+00
539287,ORTINGLOBE,ORTINGLOBE,BSE,,1,0.01,2026-07-05 08:48:17.051738+00
509782,OSEASPR,OSEASPR,BSE,,1,0.01,2026-07-05 08:48:17.051738+00
540198,OSIAJEE,OSIAJEE,BSE,,1,0.05,2026-07-05 08:48:17.051738+00
500317,OSWALAGRO,OSWALAGRO,BSE,,1,0.01,2026-07-05 08:48:17.051738+00
539290,OSWALGREEN,OSWALGREEN,BSE,,1,0.01,2026-07-05 08:48:17.051738+00
544418,OSWALPUMPS,OSWALPUMPS,BSE,,1,0.05,2026-07-05 08:48:17.051738+00
523151,OTCO,OTCO,BSE,,1,0.01,2026-07-05 08:48:17.051738+00
544498,OVAL,OVAL,BSE,,1600,0.01,2026-07-05 08:48:17.051738+00
530741,OVOBELE,OVOBELE,BSE,,1,0.05,2026-07-05 08:48:17.051738+00
514414,OXFORDIN,OXFORDIN,BSE,,1,0.01,2026-07-05 08:48:17.051738+00
524636,OXYGENTAPH,OXYGENTAPH,BSE,,1,0.01,2026-07-05 08:48:17.051738+00
543637,PACE,PACE,BSE,,1200,0.01,2026-07-05 08:48:17.051738+00
544550,PACEDIGITK,PACEDIGITK,BSE,,1,0.05,2026-07-05 08:48:17.051738+00
523483,PACIFICI,PACIFICI,BSE,,1,0.05,2026-07-05 08:48:17.051738+00
531779,PADALPO,PADALPO,BSE,,1,0.01,2026-07-05 08:48:17.051738+00
531395,PADAMCO,PADAMCO,BSE,,1,0.01,2026-07-05 08:48:17.051738+00
526905,PADMAIND,PADMAIND,BSE,,1,0.01,2026-07-05 08:48:17.051738+00
532350,PADMALAYAT,PADMALAYAT,BSE,,1,0.01,2026-07-05 08:48:17.051738+00
532827,PAGEIND,PAGEIND,BSE,,1,0.05,2026-07-05 08:48:17.051738+00
532900,PAISALO,PAISALO,BSE,,1,0.01,2026-07-05 08:48:17.051738+00
544657,PAJSON,PAJSON,BSE,,600,0.05,2026-07-05 08:48:17.051738+00
516030,PAKKA,PAKKA,BSE,,1,0.01,2026-07-05 08:48:17.051738+00
540648,PALASHSECU,PALASHSECU,BSE,,1,0.01,2026-07-05 08:48:17.051738+00
539121,PALCO,PALCO,BSE,,1,0.05,2026-07-05 08:48:17.051738+00
541444,PALMJEWELS,PALMJEWELS,BSE,,1,0.01,2026-07-05 08:48:17.051738+00
532521,PALREDTEC,PALREDTEC,BSE,,1,0.01,2026-07-05 08:48:17.051738+00
538742,PANABYTE,PANABYTE,BSE,,1,0.01,2026-07-05 08:48:17.051738+00
531349,PANACEABIO,PANACEABIO,BSE,,1,0.05,2026-07-05 08:48:17.051738+00
504093,PANAENERG,PANAENERG,BSE,,1,0.05,2026-07-05 08:48:17.051738+00
538860,PANAFIC,PANAFIC,BSE,,1,0.01,2026-07-05 08:48:17.051738+00
524820,PANAMAPET,PANAMAPET,BSE,,1,0.05,2026-07-05 08:48:17.051738+00
508941,PANCARBON,PANCARBON,BSE,,1,0.05,2026-07-05 08:48:17.051738+00
513511,PANCHMAHQ,PANCHMAHQ,BSE,,1,0.05,2026-07-05 08:48:17.051738+00
531726,PANCHSHEEL,PANCHSHEEL,BSE,,1,0.05,2026-07-05 08:48:17.051738+00
500322,PANCM,PANCM,BSE,,1,0.01,2026-07-05 08:48:17.051738+00
517397,PANELEC,PANELEC,BSE,,1,0.01,2026-07-05 08:48:17.051738+00
544698,PANHR,PANHR,BSE,,1600,0.01,2026-07-05 08:48:17.051738+00
524055,PANIDPR,PANIDPR,BSE,,1,0.01,2026-07-05 08:48:17.051738+00
511525,PANINDIAC,PANINDIAC,BSE,,1,0.01,2026-07-05 08:48:17.051738+00
526345,PANJON,PANJON,BSE,,1,0.01,2026-07-05 08:48:17.051738+00
531280,PANKAJPO,PANKAJPO,BSE,,1,0.01,2026-07-05 08:48:17.051738+00
539469,PANORAMA,PANORAMA,BSE,,1,0.01,2026-07-05 08:48:17.051738+00
539143,PANTH,PANTH,BSE,,1,0.01,2026-07-05 08:48:17.051738+00
530555,PARACABLES,PARACABLES,BSE,,1,0.01,2026-07-05 08:48:17.051738+00
543530,PARADEEP,PARADEEP,BSE,,1,0.05,2026-07-05 08:48:17.051738+00
539889,PARAGMILK,PARAGMILK,BSE,,1,0.05,2026-07-05 08:48:17.051738+00
531255,PARAGONF,PARAGONF,BSE,,1,0.01,2026-07-05 08:48:17.051738+00
543367,PARAS,PARAS,BSE,,1,0.05,2026-07-05 08:48:17.051738+00
521246,PARASPETRO,PARASPETRO,BSE,,1,0.01,2026-07-05 08:48:17.051738+00
524628,PARKERAC,PARKERAC,BSE,,1,0.01,2026-07-05 08:48:17.051738+00
544645,PARKHOSPS,PARKHOSPS,BSE,,1,0.05,2026-07-05 08:48:17.051738+00
544111,PARKHOTELS,PARKHOTELS,BSE,,1,0.05,2026-07-05 08:48:17.051738+00
532911,PARLEIND,PARLEIND,BSE,,1,0.01,2026-07-05 08:48:17.051738+00
540359,PARMAX,PARMAX,BSE,,1,0.01,2026-07-05 08:48:17.051738+00
507970,PARMCOS-B,PARMCOS-B,BSE,,1,0.01,2026-07-05 08:48:17.051738+00
544330,PARMESHWAR,PARMESHWAR,BSE,,1000,0.05,2026-07-05 08:48:17.051738+00
540467,PARMSILK,PARMSILK,BSE,,1,0.05,2026-07-05 08:48:17.051738+00
506128,PARNAXLAB,PARNAXLAB,BSE,,1,0.05,2026-07-05 08:48:17.051738+00
542694,PARSHVA,PARSHVA,BSE,,1,0.05,2026-07-05 08:48:17.051738+00
511176,PARSHWANA,PARSHWANA,BSE,,1,0.01,2026-07-05 08:48:17.051738+00
532780,PARSVNATH,PARSVNATH,BSE,,1,0.01,2026-07-05 08:48:17.051738+00
541347,PARVATI,PARVATI,BSE,,1,0.01,2026-07-05 08:48:17.051738+00
521080,PASARI,PASARI,BSE,,1,0.01,2026-07-05 08:48:17.051738+00
544448,PASHUPATI,PASHUPATI,BSE,,1,0.01,2026-07-05 08:48:17.051738+00
500456,PASUPTAC,PASUPTAC,BSE,,1,0.01,2026-07-05 08:48:17.051738+00
503092,PASUSPG,PASUSPG,BSE,,1,0.01,2026-07-05 08:48:17.051738+00
500368,PATANJALI,PATANJALI,BSE,,1,0.05,2026-07-05 08:48:17.051738+00
544460,PATELCHEM,PATELCHEM,BSE,,1600,0.05,2026-07-05 08:48:17.051738+00
531120,PATELENG,PATELENG,BSE,,1,0.01,2026-07-05 08:48:17.051738+00
544487,PATELRMART,PATELRMART,BSE,,1,0.05,2026-07-05 08:48:17.051738+00
517417,PATELSAI,PATELSAI,BSE,,1,0.05,2026-07-05 08:48:17.051738+00
524031,PATIDAR,PATIDAR,BSE,,1,0.01,2026-07-05 08:48:17.051738+00
526381,PATINTLOG,PATINTLOG,BSE,,1,0.01,2026-07-05 08:48:17.051738+00
543798,PATRON,PATRON,BSE,,4000,0.01,2026-07-05 08:48:17.051738+00
514326,PATSPINLTD,PATSPINLTD,BSE,,1,0.01,2026-07-05 08:48:17.051738+00
532742,PAUSHAKLTD,PAUSHAKLTD,BSE,,1,0.05,2026-07-05 08:48:17.051738+00
543915,PAVNAIND,PAVNAIND,BSE,,1,0.01,2026-07-05 08:48:17.051738+00
543396,PAYTM,PAYTM,BSE,,1,0.05,2026-07-05 08:48:17.051738+00
532676,PBAINFRA,PBAINFRA,BSE,,1,0.01,2026-07-05 08:48:17.051738+00
539352,PBFL,PBFL,BSE,,10000,0.01,2026-07-05 08:48:17.051738+00
506580,PBGLOBAL,PBGLOBAL,BSE,,1,0.01,2026-07-05 08:48:17.051738+00
514087,PBMPOLY,PBMPOLY,BSE,,1,0.01,2026-07-05 08:48:17.051738+00
506590,PCBL,PCBL,BSE,,1,0.05,2026-07-05 08:48:17.051738+00
524136,PCCOSMA,PCCOSMA,BSE,,1,0.05,2026-07-05 08:48:17.051738+00
534809,PCJEWELLER,PCJEWELLER,BSE,,1,0.01,2026-07-05 08:48:17.051738+00
543814,PCL,PCL,BSE,,1000,0.01,2026-07-05 08:48:17.051738+00
517119,PCS,PCS,BSE,,1,0.01,2026-07-05 08:48:17.051738+00
539785,PDMJEPAPER,PDMJEPAPER,BSE,,1,0.01,2026-07-05 08:48:17.051738+00
538730,PDSL,PDSL,BSE,,1,0.05,2026-07-05 08:48:17.051738+00
523260,PEARLPOLY,PEARLPOLY,BSE,,1,0.01,2026-07-05 08:48:17.051738+00
539273,PECOS,PECOS,BSE,,500,0.05,2026-07-05 08:48:17.051738+00
531352,PEETISEC,PEETISEC,BSE,,1,0.01,2026-07-05 08:48:17.051738+00
533100,PEIL,PEIL,BSE,,1,0.01,2026-07-05 08:48:17.051738+00
513228,PENIND,PENIND,BSE,,1,0.05,2026-07-05 08:48:17.051738+00
503031,PENINLAND,PENINLAND,BSE,,1,0.01,2026-07-05 08:48:17.051738+00
526435,PERFEPA,PERFEPA,BSE,,1,0.01,2026-07-05 08:48:17.051738+00
504132,PERMAGN,PERMAGN,BSE,,1,0.05,2026-07-05 08:48:17.051738+00
533179,PERSISTENT,PERSISTENT,BSE,,1,0.05,2026-07-05 08:48:17.051738+00
517172,PERVASIVE,PERVASIVE,BSE,,1,0.01,2026-07-05 08:48:17.051738+00
544141,PESB,PESB,BSE,,800,0.05,2026-07-05 08:48:17.051738+00
524046,PETPLST,PETPLST,BSE,,1,0.05,2026-07-05 08:48:17.051738+00
532522,PETRONET,PETRONET,BSE,,1,0.05,2026-07-05 08:48:17.051738+00
532810,PFC,PFC,BSE,,1,0.05,2026-07-05 08:48:17.051738+00
500680,PFIZER,PFIZER,BSE,,1,0.05,2026-07-05 08:48:17.051738+00
544259,PFL,PFL,BSE,,3000,0.01,2026-07-05 08:48:17.051738+00
531769,PFLINFOTC,PFLINFOTC,BSE,,1,0.01,2026-07-05 08:48:17.051738+00
532748,PFOCUS,PFOCUS,BSE,,1,0.05,2026-07-05 08:48:17.051738+00
533344,PFS,PFS,BSE,,1,0.01,2026-07-05 08:48:17.051738+00
543540,PGCRL,PGCRL,BSE,,600,0.05,2026-07-05 08:48:17.051738+00
533581,PGEL,PGEL,BSE,,1,0.05,2026-07-05 08:48:17.051738+00
526747,PGFOILQ,PGFOILQ,BSE,,1,0.05,2026-07-05 08:48:17.051738+00
500459,PGHH,PGHH,BSE,,1,0.05,2026-07-05 08:48:17.051738+00
500126,PGHL,PGHL,BSE,,1,0.05,2026-07-05 08:48:17.051738+00
532808,PGIL,PGIL,BSE,,1,0.05,2026-07-05 08:48:17.051738+00
590142,PHARMABEES,PHARMABEES,BSE,,1,0.01,2026-07-05 08:48:17.051738+00
524572,PHARMAID,PHARMAID,BSE,,1,0.01,2026-07-05 08:48:17.051738+00
500143,PHCAP,PHCAP,BSE,,1,0.05,2026-07-05 08:48:17.051738+00
544791,PHLSDDI,PHLSDDI,BSE,,1,0.01,2026-07-05 08:48:17.051738+00
544792,PHLSDDP,PHLSDDP,BSE,,1,0.01,2026-07-05 08:48:17.051738+00
544790,PHLSDG,PHLSDG,BSE,,1,0.01,2026-07-05 08:48:17.051738+00
544788,PHLSRDI,PHLSRDI,BSE,,1,0.01,2026-07-05 08:48:17.051738+00
544789,PHLSRDP,PHLSRDP,BSE,,1,0.01,2026-07-05 08:48:17.051738+00
544787,PHLSRG,PHLSRG,BSE,,1,0.01,2026-07-05 08:48:17.051738+00
503100,PHOENIXLTD,PHOENIXLTD,BSE,,1,0.05,2026-07-05 08:48:17.051738+00
526481,PHOENXINTL,PHOENXINTL,BSE,,1,0.01,2026-07-05 08:48:17.051738+00
542123,PHOSPHATE,PHOSPHATE,BSE,,1,0.05,2026-07-05 08:48:17.051738+00
509084,PHOTON,PHOTON,BSE,,1,0.05,2026-07-05 08:48:17.051738+00
526588,PHOTOQUP,PHOTOQUP,BSE,,1,0.01,2026-07-05 08:48:17.051738+00
523620,PHRMASI,PHRMASI,BSE,,1,0.01,2026-07-05 08:48:17.051738+00
524808,PHYTO,PHYTO,BSE,,1,0.01,2026-07-05 08:48:17.051738+00
530305,PICCADIL,PICCADIL,BSE,,1,0.05,2026-07-05 08:48:17.051738+00
507498,PICCASUG,PICCASUG,BSE,,1,0.01,2026-07-05 08:48:17.051738+00
532355,PICTUREHS,PICTUREHS,BSE,,1,0.01,2026-07-05 08:48:17.051738+00
500331,PIDILITIND,PIDILITIND,BSE,,1,0.05,2026-07-05 08:48:17.051738+00
543912,PIGL,PIGL,BSE,,1,0.05,2026-07-05 08:48:17.051738+00
523642,PIIND,PIIND,BSE,,1,0.05,2026-07-05 08:48:17.051738+00
539883,PILANIINVS,PILANIINVS,BSE,,1,0.05,2026-07-05 08:48:17.051738+00
500327,PILITA,PILITA,BSE,,1,0.01,2026-07-05 08:48:17.051738+00
544606,PINELABS,PINELABS,BSE,,1,0.05,2026-07-05 08:48:17.051738+00
514300,PIONEEREMB,PIONEEREMB,BSE,,1,0.01,2026-07-05 08:48:17.051738+00
507864,PIONRINV,PIONRINV,BSE,,1,0.01,2026-07-05 08:48:17.051738+00
544178,PIOTEX,PIOTEX,BSE,,1200,0.01,2026-07-05 08:48:17.051738+00
544597,PIRAMALFIN,PIRAMALFIN,BSE,,1,0.05,2026-07-05 08:48:17.051738+00
513519,PITTIENG,PITTIENG,BSE,,1,0.05,2026-07-05 08:48:17.051738+00
500333,PIXTRANS,PIXTRANS,BSE,,1,0.05,2026-07-05 08:48:17.051738+00
539401,PJL,PJL,BSE,,750,0.05,2026-07-05 08:48:17.051738+00
523648,PLASTIBLEN,PLASTIBLEN,BSE,,1,0.05,2026-07-05 08:48:17.051738+00
544134,PLATIND,PLATIND,BSE,,1,0.05,2026-07-05 08:48:17.051738+00
544003,PLAZACABLE,PLAZACABLE,BSE,,1,0.01,2026-07-05 08:48:17.051738+00
534060,PMCFIN,PMCFIN,BSE,,1,0.01,2026-07-05 08:48:17.051738+00
539113,PML,PML,BSE,,1,0.05,2026-07-05 08:48:17.051738+00
532461,PNB,PNB,BSE,,1,0.05,2026-07-05 08:48:17.051738+00
532366,PNBGILTS,PNBGILTS,BSE,,1,0.01,2026-07-05 08:48:17.051738+00
540173,PNBHOUSING,PNBHOUSING,BSE,,1,0.05,2026-07-05 08:48:17.051738+00
532387,PNC,PNC,BSE,,1,0.01,2026-07-05 08:48:17.051738+00
539150,PNCINFRA,PNCINFRA,BSE,,1,0.05,2026-07-05 08:48:17.051738+00
544256,PNGJL,PNGJL,BSE,,1,0.05,2026-07-05 08:48:17.051738+00
544718,PNGSREVA,PNGSREVA,BSE,,1,0.05,2026-07-05 08:48:17.051738+00
524210,PNTKYOR,PNTKYOR,BSE,,1,0.01,2026-07-05 08:48:17.051738+00
543352,POBS,POBS,BSE,,600,0.05,2026-07-05 08:48:17.051738+00
532626,POCL,POCL,BSE,,1,0.05,2026-07-05 08:48:17.051738+00
524570,PODDARMENT,PODDARMENT,BSE,,1,0.05,2026-07-05 08:48:17.051738+00
539195,POEL,POEL,BSE,,1,0.05,2026-07-05 08:48:17.051738+00
532486,POKARNA,POKARNA,BSE,,1,0.05,2026-07-05 08:48:17.051738+00
543390,POLICYBZR,POLICYBZR,BSE,,1,0.05,2026-07-05 08:48:17.051738+00
507645,POLSON,POLSON,BSE,,1,0.05,2026-07-05 08:48:17.051738+00
542652,POLYCAB,POLYCAB,BSE,,1,0.05,2026-07-05 08:48:17.051738+00
506605,POLYCHEM,POLYCHEM,BSE,,1,0.05,2026-07-05 08:48:17.051738+00
526043,POLYCHMP,POLYCHMP,BSE,,1,0.01,2026-07-05 08:48:17.051738+00
531397,POLYCON,POLYCON,BSE,,1,0.01,2026-07-05 08:48:17.051738+00
531454,POLYLINK,POLYLINK,BSE,,1,0.01,2026-07-05 08:48:17.051738+00
537573,POLYMAC,POLYMAC,BSE,,800,0.01,2026-07-05 08:48:17.051738+00
531768,POLYMED,POLYMED,BSE,,1,0.05,2026-07-05 08:48:17.051738+00
524051,POLYPLEX,POLYPLEX,BSE,,1,0.05,2026-07-05 08:48:17.051738+00
539354,POLYSPIN,POLYSPIN,BSE,,1,0.01,2026-07-05 08:48:17.051738+00
532460,PONNIERODE,PONNIERODE,BSE,,1,0.05,2026-07-05 08:48:17.051738+00
540727,POOJA,POOJA,BSE,,1,0.01,2026-07-05 08:48:17.051738+00
532011,POOJAENT,POOJAENT,BSE,,1,0.01,2026-07-05 08:48:17.051738+00
519359,POONADAL,POONADAL,BSE,,1,0.01,2026-07-05 08:48:17.051738+00
524000,POONAWALLA,POONAWALLA,BSE,,1,0.05,2026-07-05 08:48:17.051738+00
531971,POPEES,POPEES,BSE,,1,0.05,2026-07-05 08:48:17.051738+00
531870,POPULARES,POPULARES,BSE,,1,0.01,2026-07-05 08:48:17.051738+00
532933,PORWAL,PORWAL,BSE,,1,0.01,2026-07-05 08:48:17.051738+00
532898,POWERGRID,POWERGRID,BSE,,1,0.05,2026-07-05 08:48:17.051738+00
544744,POWERICA,POWERICA,BSE,,1,0.05,2026-07-05 08:48:17.051738+00
543187,POWERINDIA,POWERINDIA,BSE,,1,0.05,2026-07-05 08:48:17.051738+00
539302,POWERMECH,POWERMECH,BSE,,1,0.05,2026-07-05 08:48:17.051738+00
532934,PPAP,PPAP,BSE,,1,0.05,2026-07-05 08:48:17.051738+00
544383,PPARIVAH,PPARIVAH,BSE,,1200,0.05,2026-07-05 08:48:17.051738+00
542684,PPL,PPL,BSE,,1,0.05,2026-07-05 08:48:17.051738+00
543635,PPLPHARMA,PPLPHARMA,BSE,,1,0.05,2026-07-05 08:48:17.051738+00
540717,PQIF,PQIF,BSE,,1,0.01,2026-07-05 08:48:17.051738+00
544379,PRABHA,PRABHA,BSE,,1,0.05,2026-07-05 08:48:17.051738+00
890236,PRABHAPP,PRABHAPP,BSE,,1,0.01,2026-07-05 08:48:17.051738+00
530361,PRABHHANS,PRABHHANS,BSE,,1,0.01,2026-07-05 08:48:17.051738+00
513532,PRADPME,PRADPME,BSE,,1,0.05,2026-07-05 08:48:17.051738+00
531746,PRAENG,PRAENG,BSE,,1,0.01,2026-07-05 08:48:17.051738+00
500192,PRAGBOS,PRAGBOS,BSE,,1,0.01,2026-07-05 08:48:17.051738+00
522205,PRAJIND,PRAJIND,BSE,,1,0.05,2026-07-05 08:48:17.051738+00
506022,PRAKASH,PRAKASH,BSE,,1,0.05,2026-07-05 08:48:17.051738+00
533239,PRAKASHSTL,PRAKASHSTL,BSE,,1,0.01,2026-07-05 08:48:17.051738+00
544538,PRARUH,PRARUH,BSE,,2000,0.01,2026-07-05 08:48:17.051738+00
526490,PRATIK,PRATIK,BSE,,1,0.01,2026-07-05 08:48:17.051738+00
531257,PRATIKSH,PRATIKSH,BSE,,1,0.01,2026-07-05 08:48:17.051738+00
531637,PRAVEG,PRAVEG,BSE,,1,0.05,2026-07-05 08:48:17.051738+00
540901,PRAXIS,PRAXIS,BSE,,1,0.01,2026-07-05 08:48:17.051738+00
539636,PRECAM,PRECAM,BSE,,1,0.05,2026-07-05 08:48:17.051738+00
517258,PRECISIO,PRECISIO,BSE,,1,0.05,2026-07-05 08:48:17.051738+00
523539,PRECWIRE,PRECWIRE,BSE,,1,0.05,2026-07-05 08:48:17.051738+00
511016,PREMCAP,PREMCAP,BSE,,1,0.01,2026-07-05 08:48:17.051738+00
530331,PREMCO,PREMCO,BSE,,1,0.05,2026-07-05 08:48:17.051738+00
526247,PREMEXPLN,PREMEXPLN,BSE,,1,0.05,2026-07-05 08:48:17.051738+00
500540,PREMIER,PREMIER,BSE,,1,0.01,2026-07-05 08:48:17.051738+00
544238,PREMIERENE,PREMIERENE,BSE,,1,0.05,2026-07-05 08:48:17.051738+00
514354,PREMIERPOL,PREMIERPOL,BSE,,1,0.01,2026-07-05 08:48:17.051738+00
509835,PREMSYN,PREMSYN,BSE,,1,0.01,2026-07-05 08:48:17.051738+00
531802,PRERINFRA,PRERINFRA,BSE,,1,0.01,2026-07-05 08:48:17.051738+00
533274,PRESTIGE,PRESTIGE,BSE,,1,0.05,2026-07-05 08:48:17.051738+00
543363,PREVEST,PREVEST,BSE,,200,0.05,2026-07-05 08:48:17.051738+00
540293,PRICOLLTD,PRICOLLTD,BSE,,1,0.05,2026-07-05 08:48:17.051738+00
519262,PRIMAGR,PRIMAGR,BSE,,1,0.01,2026-07-05 08:48:17.051738+00
531246,PRIMAIN,PRIMAIN,BSE,,1,0.01,2026-07-05 08:48:17.051738+00
530589,PRIMAPLA,PRIMAPLA,BSE,,1,0.05,2026-07-05 08:48:17.051738+00
535514,PRIMECAPM,PRIMECAPM,BSE,,1,0.01,2026-07-05 08:48:17.051738+00
540404,PRIMEFRESH,PRIMEFRESH,BSE,,1,0.05,2026-07-05 08:48:17.051738+00
530695,PRIMEPRO,PRIMEPRO,BSE,,1,0.01,2026-07-05 08:48:17.051738+00
500337,PRIMESECU,PRIMESECU,BSE,,1,0.05,2026-07-05 08:48:17.051738+00
521149,PRIMEURB,PRIMEURB,BSE,,1,0.01,2026-07-05 08:48:17.051738+00
519299,PRIMIND,PRIMIND,BSE,,1,0.01,2026-07-05 08:48:17.051738+00
506852,PRIMO,PRIMO,BSE,,1,0.01,2026-07-05 08:48:17.051738+00
542907,PRINCEPIPE,PRINCEPIPE,BSE,,1,0.05,2026-07-05 08:48:17.051738+00
531735,PRISMFN,PRISMFN,BSE,,100,0.01,2026-07-05 08:48:17.051738+00
512217,PRISMMEDI,PRISMMEDI,BSE,,1,0.01,2026-07-05 08:48:17.051738+00
501314,PRISMX,PRISMX,BSE,,1,0.01,2026-07-05 08:48:17.051738+00
531688,PRITHVIEXCH,PRITHVIEXCH,BSE,,1,0.05,2026-07-05 08:48:17.051738+00
539359,PRITIKAUTO,PRITIKAUTO,BSE,,1,0.01,2026-07-05 08:48:17.051738+00
530117,PRIVISCL,PRIVISCL,BSE,,1,0.05,2026-07-05 08:48:17.051738+00
524580,PRIYALT,PRIYALT,BSE,,1,0.01,2026-07-05 08:48:17.051738+00
540703,PROCLB,PROCLB,BSE,,1,0.01,2026-07-05 08:48:17.051738+00
544643,PRODOCS,PRODOCS,BSE,,1000,0.05,2026-07-05 08:48:17.051738+00
511557,PROFINC,PROFINC,BSE,,1,0.01,2026-07-05 08:48:17.051738+00
526494,PROMACT,PROMACT,BSE,,1,0.01,2026-07-05 08:48:17.051738+00
543375,PROMAX,PROMAX,BSE,,2500,0.01,2026-07-05 08:48:17.051738+00
544410,PROSTARM,PROSTARM,BSE,,1,0.05,2026-07-05 08:48:17.051738+00
544021,PROTEAN,PROTEAN,BSE,,1,0.05,2026-07-05 08:48:17.051738+00
534675,PROZONER,PROZONER,BSE,,1,0.01,2026-07-05 08:48:17.051738+00
500338,PRSMJOHNSN,PRSMJOHNSN,BSE,,1,0.05,2026-07-05 08:48:17.051738+00
519014,PRSNTIN,PRSNTIN,BSE,,1,0.01,2026-07-05 08:48:17.051738+00
543527,PRUDENT,PRUDENT,BSE,,1,0.05,2026-07-05 08:48:17.051738+00
500342,PRUDMOULI,PRUDMOULI,BSE,,1,0.01,2026-07-05 08:48:17.051738+00
533295,PSB,PSB,BSE,,1,0.01,2026-07-05 08:48:17.051738+00
505502,PSITINFRA,PSITINFRA,BSE,,1,0.01,2026-07-05 08:48:17.051738+00
544378,PSPL,PSPL,BSE,,1000,0.01,2026-07-05 08:48:17.051738+00
540544,PSPPROJECT,PSPPROJECT,BSE,,1,0.05,2026-07-05 08:48:17.051738+00
590107,PSUBANK,PSUBANK,BSE,,1,0.01,2026-07-05 08:48:17.051738+00
543948,PSUBANKADD,PSUBANKADD,BSE,,1,0.01,2026-07-05 08:48:17.051738+00
590108,PSUBNKBEES,PSUBNKBEES,BSE,,1,0.01,2026-07-05 08:48:17.051738+00
543819,PSUBNKIETF,PSUBNKIETF,BSE,,1,0.01,2026-07-05 08:48:17.051738+00
532524,PTC,PTC,BSE,,1,0.05,2026-07-05 08:48:17.051738+00
539006,PTCIL,PTCIL,BSE,,1,0.05,2026-07-05 08:48:17.051738+00
509220,PTL,PTL,BSE,,1,0.01,2026-07-05 08:48:17.051738+00
512591,PULSRIN,PULSRIN,BSE,,1,0.01,2026-07-05 08:48:17.051738+00
512461,PUNCTRD,PUNCTRD,BSE,,100,0.01,2026-07-05 08:48:17.051738+00
506618,PUNJABCHEM,PUNJABCHEM,BSE,,1,0.05,2026-07-05 08:48:17.051738+00
500346,PUNJCOMMU,PUNJCOMMU,BSE,,1,0.01,2026-07-05 08:48:17.051738+00
530077,PURETROP,PURETROP,BSE,,1,0.05,2026-07-05 08:48:17.051738+00
523315,PURITY,PURITY,BSE,,100,0.01,2026-07-05 08:48:17.051738+00
538993,PUROHITCON,PUROHITCON,BSE,,1,0.01,2026-07-05 08:48:17.051738+00
540159,PURPLE,PURPLE,BSE,,1,0.01,2026-07-05 08:48:17.051738+00
544191,PURPLEFIN,PURPLEFIN,BSE,,1,0.01,2026-07-05 08:48:17.051738+00
544627,PURPLEWAVE,PURPLEWAVE,BSE,,1000,0.05,2026-07-05 08:48:17.051738+00
538647,PURSHOTTAM,PURSHOTTAM,BSE,,1,0.01,2026-07-05 08:48:17.051738+00
532891,PURVA,PURVA,BSE,,1,0.05,2026-07-05 08:48:17.051738+00
531562,PUSHPIN,PUSHPIN,BSE,,100,0.01,2026-07-05 08:48:17.051738+00
517556,PVP,PVP,BSE,,1,0.01,2026-07-05 08:48:17.051738+00
532689,PVRINOX,PVRINOX,BSE,,1,0.05,2026-07-05 08:48:17.051738+00
544144,PVSL,PVSL,BSE,,1,0.01,2026-07-05 08:48:17.051738+00
542758,PVTBANIETF,PVTBANIETF,BSE,,1,0.01,2026-07-05 08:48:17.051738+00
543949,PVTBANKADD,PVTBANKADD,BSE,,1,0.01,2026-07-05 08:48:17.051738+00
536659,PVVINFRA,PVVINFRA,BSE,,1,0.01,2026-07-05 08:48:17.051738+00
531437,PWASML,PWASML,BSE,,1,0.01,2026-07-05 08:48:17.051738+00
544609,PWL,PWL,BSE,,1,0.05,2026-07-05 08:48:17.051738+00
543969,PYRAMID,PYRAMID,BSE,,1,0.05,2026-07-05 08:48:17.051738+00
534109,PYXISFIN,PYXISFIN,BSE,,4000,0.01,2026-07-05 08:48:17.051738+00
538646,QGO,QGO,BSE,,1,0.01,2026-07-05 08:48:17.051738+00
544091,QLL,QLL,BSE,,400,0.05,2026-07-05 08:48:17.051738+00
590110,QNIFTY,QNIFTY,BSE,,1,0.01,2026-07-05 08:48:17.051738+00
544367,QPOWER,QPOWER,BSE,,1,0.05,2026-07-05 08:48:17.051738+00
543460,QRIL,QRIL,BSE,,500,0.01,2026-07-05 08:48:17.051738+00
544336,QUADFUTURE,QUADFUTURE,BSE,,1,0.05,2026-07-05 08:48:17.051738+00
511116,QUADRANT,QUADRANT,BSE,,1,0.01,2026-07-05 08:48:17.051738+00
543956,QUAL30IETF,QUAL30IETF,BSE,,1,0.01,2026-07-05 08:48:17.051738+00
530281,QUANTDIA,QUANTDIA,BSE,,1,0.01,2026-07-05 08:48:17.051738+00
539978,QUESS,QUESS,BSE,,1,0.05,2026-07-05 08:48:17.051738+00
500069,QUESTCAP,QUESTCAP,BSE,,1,0.05,2026-07-05 08:48:17.051738+00
543982,QUESTFLOW,QUESTFLOW,BSE,,200,0.05,2026-07-05 08:48:17.051738+00
539678,QUICKHEAL,QUICKHEAL,BSE,,1,0.05,2026-07-05 08:48:17.051738+00
539515,QUINT,QUINT,BSE,,1,0.01,2026-07-05 08:48:17.051738+00
524502,RAAJMEDI,RAAJMEDI,BSE,,100,0.01,2026-07-05 08:48:17.051738+00
538540,RAAMA,RAAMA,BSE,,1,0.01,2026-07-05 08:48:17.051738+00
537785,RACE,RACE,BSE,,1,0.05,2026-07-05 08:48:17.051738+00
544503,RACHIT,RACHIT,BSE,,1000,0.05,2026-07-05 08:48:17.051738+00
520073,RACLGEAR,RACLGEAR,BSE,,1,0.05,2026-07-05 08:48:17.051738+00
541703,RACONTEUR,RACONTEUR,BSE,,1600,0.01,2026-07-05 08:48:17.051738+00
590070,RADAAN,RADAAN,BSE,,1,0.01,2026-07-05 08:48:17.051738+00
531273,RADHEDE,RADHEDE,BSE,,1,0.01,2026-07-05 08:48:17.051738+00
540125,RADHIKAJWE,RADHIKAJWE,BSE,,1,0.01,2026-07-05 08:48:17.051738+00
543732,RADIANTCMS,RADIANTCMS,BSE,,1,0.01,2026-07-05 08:48:17.051738+00
532497,RADICO,RADICO,BSE,,1,0.05,2026-07-05 08:48:17.051738+00
540366,RADIOCITY,RADIOCITY,BSE,,1,0.01,2026-07-05 08:48:17.051738+00
531412,RADIXIND,RADIXIND,BSE,,1,0.05,2026-07-05 08:48:17.051738+00
538921,RAFL,RAFL,BSE,,625,0.01,2026-07-05 08:48:17.051738+00
526813,RAGHUNAT,RAGHUNAT,BSE,,1,0.01,2026-07-05 08:48:17.051738+00
514316,RAGHUSYN,RAGHUSYN,BSE,,1,0.05,2026-07-05 08:48:17.051738+00
531552,RAGHUTOB,RAGHUTOB,BSE,,1,0.01,2026-07-05 08:48:17.051738+00
540270,RAIDEEPIND,RAIDEEPIND,BSE,,1,0.01,2026-07-05 08:48:17.051738+00
543265,RAILTEL,RAILTEL,BSE,,1,0.05,2026-07-05 08:48:17.051738+00
500339,RAIN,RAIN,BSE,,1,0.05,2026-07-05 08:48:17.051738+00
543524,RAINBOW,RAINBOW,BSE,,1,0.05,2026-07-05 08:48:17.051738+00
531694,RAINBOWF,RAINBOWF,BSE,,1,0.01,2026-07-05 08:48:17.051738+00
503127,RAJABAH,RAJABAH,BSE,,1,0.05,2026-07-05 08:48:17.051738+00
544291,RAJESH,RAJESH,BSE,,100,0.05,2026-07-05 08:48:17.051738+00
531500,RAJESHEXPO,RAJESHEXPO,BSE,,1,0.01,2026-07-05 08:48:17.051738+00
526823,RAJINFRA,RAJINFRA,BSE,,1,0.01,2026-07-05 08:48:17.051738+00
539495,RAJKOTINV,RAJKOTINV,BSE,,1,0.01,2026-07-05 08:48:17.051738+00
514028,RAJKSYN,RAJKSYN,BSE,,1,0.01,2026-07-05 08:48:17.051738+00
541601,RAJNISH,RAJNISH,BSE,,1,0.01,2026-07-05 08:48:17.051738+00
522257,RAJOOENG,RAJOOENG,BSE,,1,0.01,2026-07-05 08:48:17.051738+00
530111,RAJPACK,RAJPACK,BSE,,1,0.01,2026-07-05 08:48:17.051738+00
532503,RAJPALAYAM,RAJPALAYAM,BSE,,1,0.05,2026-07-05 08:48:17.051738+00
539090,RAJPUTANA,RAJPUTANA,BSE,,1,0.01,2026-07-05 08:48:17.051738+00
517522,RAJRATAN,RAJRATAN,BSE,,1,0.05,2026-07-05 08:48:17.051738+00
530699,RAJRILTD,RAJRILTD,BSE,,1,0.01,2026-07-05 08:48:17.051738+00
526873,RAJSEC,RAJSEC,BSE,,1,0.01,2026-07-05 08:48:17.051738+00
506975,RAJSPTR,RAJSPTR,BSE,,100,0.01,2026-07-05 08:48:17.051738+00
500354,RAJSREESUG,RAJSREESUG,BSE,,1,0.01,2026-07-05 08:48:17.051738+00
530253,RAJTUBE,RAJTUBE,BSE,,1,0.01,2026-07-05 08:48:17.051738+00
532826,RAJTV,RAJTV,BSE,,1,0.01,2026-07-05 08:48:17.051738+00
511185,RAJVI,RAJVI,BSE,,1,0.01,2026-07-05 08:48:17.051738+00
544236,RAL,RAL,BSE,,1200,0.01,2026-07-05 08:48:17.051738+00
526095,RALEGRA,RALEGRA,BSE,,1,0.01,2026-07-05 08:48:17.051738+00
500355,RALLIS,RALLIS,BSE,,1,0.05,2026-07-05 08:48:17.051738+00
500356,RAMANEWS,RAMANEWS,BSE,,1,0.01,2026-07-05 08:48:17.051738+00
524037,RAMAPHO,RAMAPHO,BSE,,1,0.05,2026-07-05 08:48:17.051738+00
500357,RAMAPPR-B,RAMAPPR-B,BSE,,1,0.01,2026-07-05 08:48:17.051738+00
539309,RAMASTEEL,RAMASTEEL,BSE,,1,0.01,2026-07-05 08:48:17.051738+00
523289,RAMAVISION,RAMAVISION,BSE,,1,0.05,2026-07-05 08:48:17.051738+00
544803,RAMBHAJO,RAMBHAJO,BSE,,1,0.05,2026-07-05 08:48:17.051738+00
500260,RAMCOCEM,RAMCOCEM,BSE,,1,0.05,2026-07-05 08:48:17.051738+00
532369,RAMCOIND,RAMCOIND,BSE,,1,0.05,2026-07-05 08:48:17.051738+00
532370,RAMCOSYS,RAMCOSYS,BSE,,1,0.05,2026-07-05 08:48:17.051738+00
514223,RAMGOPOLY,RAMGOPOLY,BSE,,1,0.01,2026-07-05 08:48:17.051738+00
530951,RAMINFO,RAMINFO,BSE,,1,0.01,2026-07-05 08:48:17.051738+00
533262,RAMKY,RAMKY,BSE,,1,0.05,2026-07-05 08:48:17.051738+00
522281,RAMRAT,RAMRAT,BSE,,1,0.05,2026-07-05 08:48:17.051738+00
530925,RAMSONS,RAMSONS,BSE,,1,0.01,2026-07-05 08:48:17.051738+00
507490,RANASUG,RANASUG,BSE,,1,0.01,2026-07-05 08:48:17.051738+00
531228,RANDER,RANDER,BSE,,1,0.01,2026-07-05 08:48:17.051738+00
505800,RANEHOLDIN,RANEHOLDIN,BSE,,1,0.05,2026-07-05 08:48:17.051738+00
541945,RANJEET,RANJEET,BSE,,8000,0.01,2026-07-05 08:48:17.051738+00
531572,RANJITSE,RANJITSE,BSE,,1,0.01,2026-07-05 08:48:17.051738+00
531583,RAP,RAP,BSE,,1,0.01,2026-07-05 08:48:17.051738+00
500360,RAPICUT,RAPICUT,BSE,,1,0.05,2026-07-05 08:48:17.051738+00
544237,RAPID,RAPID,BSE,,800,0.05,2026-07-05 08:48:17.051738+00
501351,RAPIDIN,RAPIDIN,BSE,,1,0.01,2026-07-05 08:48:17.051738+00
522207,RASANDIK,RASANDIK,BSE,,1,0.01,2026-07-05 08:48:17.051738+00
531233,RASIELEC,RASIELEC,BSE,,1,0.01,2026-07-05 08:48:17.051738+00
507966,RASRESOR,RASRESOR,BSE,,1,0.01,2026-07-05 08:48:17.051738+00
543417,RATEGAIN,RATEGAIN,BSE,,1,0.05,2026-07-05 08:48:17.051738+00
532918,RATHIBAR,RATHIBAR,BSE,,1,0.01,2026-07-05 08:48:17.051738+00
504903,RATHIST,RATHIST,BSE,,1,0.01,2026-07-05 08:48:17.051738+00
540796,RATNABHUMI,RATNABHUMI,BSE,,1,0.05,2026-07-05 08:48:17.051738+00
520111,RATNAMANI,RATNAMANI,BSE,,1,0.05,2026-07-05 08:48:17.051738+00
543978,RATNAVEER,RATNAVEER,BSE,,1,0.05,2026-07-05 08:48:17.051738+00
537840,RAUNAQ,RAUNAQ,BSE,,1,0.01,2026-07-05 08:48:17.051738+00
507300,RAVALSUGAR,RAVALSUGAR,BSE,,1,0.05,2026-07-05 08:48:17.051738+00
544629,RAVEL,RAVEL,BSE,,1000,0.05,2026-07-05 08:48:17.051738+00
541634,RAWEDGE,RAWEDGE,BSE,,1,0.01,2026-07-05 08:48:17.051738+00
526640,RAYALEMA,RAYALEMA,BSE,,1,0.01,2026-07-05 08:48:17.051738+00
500330,RAYMOND,RAYMOND,BSE,,1,0.05,2026-07-05 08:48:17.051738+00
544240,RAYMONDLSL,RAYMONDLSL,BSE,,1,0.05,2026-07-05 08:48:17.051738+00
544420,RAYMONDREL,RAYMONDREL,BSE,,1,0.05,2026-07-05 08:48:17.051738+00
543248,RBA,RBA,BSE,,1,0.01,2026-07-05 08:48:17.051738+00
540065,RBLBANK,RBLBANK,BSE,,1,0.05,2026-07-05 08:48:17.051738+00
544060,RBZJEWEL,RBZJEWEL,BSE,,1,0.05,2026-07-05 08:48:17.051738+00
543285,RCAN,RCAN,BSE,,400,0.01,2026-07-05 08:48:17.051738+00
538707,RCCL,RCCL,BSE,,1,0.01,2026-07-05 08:48:17.051738+00
524230,RCF,RCF,BSE,,1,0.05,2026-07-05 08:48:17.051738+00
539673,RCL,RCL,BSE,,1,0.01,2026-07-05 08:48:17.051738+00
532712,RCOM,RCOM,BSE,,1,0.01,2026-07-05 08:48:17.051738+00
533285,RDBIPL,RDBIPL,BSE,,1,0.01,2026-07-05 08:48:17.051738+00
533608,RDBRL,RDBRL,BSE,,1,0.05,2026-07-05 08:48:17.051738+00
544640,RDEL,RDEL,BSE,,1200,0.01,2026-07-05 08:48:17.051738+00
544552,RDGAIL,RDGAIL,BSE,,1200,0.05,2026-07-05 08:48:17.051738+00
530053,REALECO,REALECO,BSE,,1,0.01,2026-07-05 08:48:17.051738+00
532955,RECLTD,RECLTD,BSE,,1,0.05,2026-07-05 08:48:17.051738+00
544755,RECODE,RECODE,BSE,,800,0.05,2026-07-05 08:48:17.051738+00
532805,REDINGTON,REDINGTON,BSE,,1,0.05,2026-07-05 08:48:17.051738+00
543957,REDTAPE,REDTAPE,BSE,,1,0.05,2026-07-05 08:48:17.051738+00
543617,REETECH,REETECH,BSE,,1200,0.01,2026-07-05 08:48:17.051738+00
532884,REFEX,REFEX,BSE,,1,0.05,2026-07-05 08:48:17.051738+00
544485,REGAAL,REGAAL,BSE,,1,0.01,2026-07-05 08:48:17.051738+00
531033,REGAL,REGAL,BSE,,1,0.01,2026-07-05 08:48:17.051738+00
517393,REGANTO,REGANTO,BSE,,1,0.01,2026-07-05 08:48:17.051738+00
515018,REGENCERAM,REGENCERAM,BSE,,1,0.01,2026-07-05 08:48:17.051738+00
540175,REGENCY,REGENCY,BSE,,1,0.01,2026-07-05 08:48:17.051738+00
512624,REGENTRP,REGENTRP,BSE,,1,0.01,2026-07-05 08:48:17.051738+00
543208,REGIS,REGIS,BSE,,1,0.01,2026-07-05 08:48:17.051738+00
530517,RELAXO,RELAXO,BSE,,1,0.05,2026-07-05 08:48:17.051738+00
503162,RELCHEMQ,RELCHEMQ,BSE,,1,0.05,2026-07-05 08:48:17.051738+00
544207,RELIABLE,RELIABLE,BSE,,1,0.05,2026-07-05 08:48:17.051738+00
532124,RELIABVEN,RELIABVEN,BSE,,1,0.01,2026-07-05 08:48:17.051738+00
500325,RELIANCE,RELIANCE,BSE,,1,0.05,2026-07-05 08:48:17.051738+00
539760,RELICAB,RELICAB,BSE,,1,0.01,2026-07-05 08:48:17.051738+00
511712,RELICTEC,RELICTEC,BSE,,1,0.01,2026-07-05 08:48:17.051738+00
532915,RELIGARE,RELIGARE,BSE,,1,0.05,2026-07-05 08:48:17.051738+00
504341,RELTD,RELTD,BSE,,1,0.05,2026-07-05 08:48:17.051738+00
513043,REMIEDEL,REMIEDEL,BSE,,1,0.05,2026-07-05 08:48:17.051738+00
530919,REMSONSIND,REMSONSIND,BSE,,1,0.01,2026-07-05 08:48:17.051738+00
532670,RENUKA,RENUKA,BSE,,1,0.01,2026-07-05 08:48:17.051738+00
535322,REPCOHOME,REPCOHOME,BSE,,1,0.05,2026-07-05 08:48:17.051738+00
544463,REPONO,REPONO,BSE,,1200,0.01,2026-07-05 08:48:17.051738+00
532687,REPRO,REPRO,BSE,,1,0.05,2026-07-05 08:48:17.051738+00
543805,RESGEN,RESGEN,BSE,,750,0.01,2026-07-05 08:48:17.051738+00
524218,RESONANCE,RESONANCE,BSE,,1,0.05,2026-07-05 08:48:17.051738+00
505509,RESPONIND,RESPONIND,BSE,,1,0.05,2026-07-05 08:48:17.051738+00
538273,RESPONSINF,RESPONSINF,BSE,,1,0.01,2026-07-05 08:48:17.051738+00
515085,RESTILE,RESTILE,BSE,,1,0.01,2026-07-05 08:48:17.051738+00
544391,RETAGGIO,RETAGGIO,BSE,,3000,0.01,2026-07-05 08:48:17.051738+00
544197,RETAIL,RETAIL,BSE,,1,0.01,2026-07-05 08:48:17.051738+00
543902,RETINA,RETINA,BSE,,2000,0.01,2026-07-05 08:48:17.051738+00
524504,REVAMEDIA,REVAMEDIA,BSE,,1,0.01,2026-07-05 08:48:17.051738+00
531888,REXNORD,REXNORD,BSE,,1,0.01,2026-07-05 08:48:17.051738+00
543744,REXSEAL,REXSEAL,BSE,,500,0.05,2026-07-05 08:48:17.051738+00
544771,RFIL,RFIL,BSE,,2000,0.01,2026-07-05 08:48:17.051738+00
511740,RFL,RFL,BSE,,1,0.05,2026-07-05 08:48:17.051738+00
543256,RFLL,RFLL,BSE,,1,0.01,2026-07-05 08:48:17.051738+00
539435,RFSL,RFSL,BSE,,1,0.01,2026-07-05 08:48:17.051738+00
539691,RGCORP,RGCORP,BSE,,1,0.01,2026-07-05 08:48:17.051738+00
539669,RGF,RGF,BSE,,1,0.01,2026-07-05 08:48:17.051738+00
539922,RGIL,RGIL,BSE,,1,0.05,2026-07-05 08:48:17.051738+00
532923,RGL,RGL,BSE,,1,0.05,2026-07-05 08:48:17.051738+00
519191,RGRL,RGRL,BSE,,1,0.01,2026-07-05 08:48:17.051738+00
543590,RHETAN,RHETAN,BSE,,1,0.01,2026-07-05 08:48:17.051738+00
540709,RHFL,RHFL,BSE,,1,0.01,2026-07-05 08:48:17.051738+00
534076,RHIM,RHIM,BSE,,1,0.05,2026-07-05 08:48:17.051738+00
543901,RHL,RHL,BSE,,1,0.05,2026-07-05 08:48:17.051738+00
531952,RIBATEX,RIBATEX,BSE,,1,0.01,2026-07-05 08:48:17.051738+00
530271,RICHUNV,RICHUNV,BSE,,1,0.01,2026-07-05 08:48:17.051738+00
520008,RICOAUTO,RICOAUTO,BSE,,1,0.05,2026-07-05 08:48:17.051738+00
524480,RIDDHI,RIDDHI,BSE,,1,0.05,2026-07-05 08:48:17.051738+00
540590,RIDDHICORP,RIDDHICORP,BSE,,1,0.01,2026-07-05 08:48:17.051738+00
504365,RIDHISYN,RIDHISYN,BSE,,1,0.01,2026-07-05 08:48:17.051738+00
523445,RIIL,RIIL,BSE,,1,0.05,2026-07-05 08:48:17.051738+00
544340,RIKHAV,RIKHAV,BSE,,1600,0.01,2026-07-05 08:48:17.051738+00
517035,RIR,RIR,BSE,,1,0.05,2026-07-05 08:48:17.051738+00
530251,RISAINTL,RISAINTL,BSE,,1,0.01,2026-07-05 08:48:17.051738+00
543977,RISHABH,RISHABH,BSE,,1,0.05,2026-07-05 08:48:17.051738+00
531539,RISHDIGA,RISHDIGA,BSE,,1,0.01,2026-07-05 08:48:17.051738+00
526861,RISHILASE,RISHILASE,BSE,,1,0.05,2026-07-05 08:48:17.051738+00
526492,RISHIROOP,RISHIROOP,BSE,,1,0.01,2026-07-05 08:48:17.051738+00
523021,RISHITECH,RISHITECH,BSE,,1,0.01,2026-07-05 08:48:17.051738+00
514177,RISHYRN,RISHYRN,BSE,,1,0.01,2026-07-05 08:48:17.051738+00
542383,RITCO,RITCO,BSE,,1,0.05,2026-07-05 08:48:17.051738+00
541556,RITES,RITES,BSE,,1,0.05,2026-07-05 08:48:17.051738+00
519097,RITESHIN,RITESHIN,BSE,,1,0.01,2026-07-05 08:48:17.051738+00
540843,RITHWIKFMS,RITHWIKFMS,BSE,,1000,0.05,2026-07-05 08:48:17.051738+00
544804,RIYAASAT,RIYAASAT,BSE,,1200,0.05,2026-07-05 08:48:17.051738+00
509845,RJSHAH,RJSHAH,BSE,,50,0.05,2026-07-05 08:48:17.051738+00
511169,RKDAGRRTL,RKDAGRRTL,BSE,,1,0.01,2026-07-05 08:48:17.051738+00
533294,RKDL,RKDL,BSE,,1,0.01,2026-07-05 08:48:17.051738+00
532527,RKFORGE,RKFORGE,BSE,,1,0.05,2026-07-05 08:48:17.051738+00
544136,RKSWAMY,RKSWAMY,BSE,,1,0.05,2026-07-05 08:48:17.051738+00
512618,RLF,RLF,BSE,,1,0.01,2026-07-05 08:48:17.051738+00
540358,RMC,RMC,BSE,,1,0.05,2026-07-05 08:48:17.051738+00
544456,RMDRIP,RMDRIP,BSE,,1,0.01,2026-07-05 08:48:17.051738+00
532661,RML,RML,BSE,,1,0.05,2026-07-05 08:48:17.051738+00
538119,RNBDENIMS,RNBDENIMS,BSE,,1,0.01,2026-07-05 08:48:17.051738+00
517286,RNITAI,RNITAI,BSE,,1,0.01,2026-07-05 08:48:17.051738+00
543787,ROBU,ROBU,BSE,,165,0.05,2026-07-05 08:48:17.051738+00
531822,RODIUM,RODIUM,BSE,,1,0.05,2026-07-05 08:48:17.051738+00
532699,ROHLTD,ROHLTD,BSE,,1,0.05,2026-07-05 08:48:17.051738+00
543171,ROJL,ROJL,BSE,,1,0.01,2026-07-05 08:48:17.051738+00
505807,ROLCOEN,ROLCOEN,BSE,,50,0.05,2026-07-05 08:48:17.051738+00
543325,ROLEXRINGS,ROLEXRINGS,BSE,,1,0.05,2026-07-05 08:48:17.051738+00
502448,ROLLT,ROLLT,BSE,,1,0.01,2026-07-05 08:48:17.051738+00
533093,ROML,ROML,BSE,,1,0.01,2026-07-05 08:48:17.051738+00
542145,RONI,RONI,BSE,,1800,0.01,2026-07-05 08:48:17.051738+00
530991,ROOPAIND,ROOPAIND,BSE,,1,0.01,2026-07-05 08:48:17.051738+00
542599,ROOPSHRI,ROOPSHRI,BSE,,3000,0.01,2026-07-05 08:48:17.051738+00
531324,ROSELABS,ROSELABS,BSE,,1,0.01,2026-07-05 08:48:17.051738+00
512115,ROSEMER,ROSEMER,BSE,,1,0.01,2026-07-05 08:48:17.051738+00
543213,ROSSARI,ROSSARI,BSE,,1,0.05,2026-07-05 08:48:17.051738+00
533168,ROSSELLIND,ROSSELLIND,BSE,,1,0.01,2026-07-05 08:48:17.051738+00
544294,ROSSTECH,ROSSTECH,BSE,,1,0.05,2026-07-05 08:48:17.051738+00
517500,ROTO,ROTO,BSE,,1,0.01,2026-07-05 08:48:17.051738+00
543228,ROUTE,ROUTE,BSE,,1,0.05,2026-07-05 08:48:17.051738+00
544143,ROYAL,ROYAL,BSE,,500,0.01,2026-07-05 08:48:17.051738+00
526193,ROYALCU,ROYALCU,BSE,,1,0.01,2026-07-05 08:48:17.051738+00
512047,ROYALIND,ROYALIND,BSE,,1,0.01,2026-07-05 08:48:17.051738+00
539837,RPEL,RPEL,BSE,,1,0.05,2026-07-05 08:48:17.051738+00
532983,RPGLIFE,RPGLIFE,BSE,,1,0.05,2026-07-05 08:48:17.051738+00
532939,RPOWER,RPOWER,BSE,,1,0.01,2026-07-05 08:48:17.051738+00
533284,RPPINFRA,RPPINFRA,BSE,,1,0.01,2026-07-05 08:48:17.051738+00
542333,RPSGVENT,RPSGVENT,BSE,,1,0.05,2026-07-05 08:48:17.051738+00
544119,RPTECH,RPTECH,BSE,,1,0.05,2026-07-05 08:48:17.051738+00
544346,RRECL,RRECL,BSE,,1,0.05,2026-07-05 08:48:17.051738+00
530525,RRETAIL,RRETAIL,BSE,,1,0.01,2026-07-05 08:48:17.051738+00
511626,RRFIN,RRFIN,BSE,,1,0.01,2026-07-05 08:48:17.051738+00
531307,RRIL,RRIL,BSE,,1,0.01,2026-07-05 08:48:17.051738+00
543981,RRKABEL,RRKABEL,BSE,,1,0.05,2026-07-05 08:48:17.051738+00
531667,RRMETAL,RRMETAL,BSE,,1,0.01,2026-07-05 08:48:17.051738+00
530917,RRSECUR,RRSECUR,BSE,,100,0.01,2026-07-05 08:48:17.051738+00
530179,RSCINT,RSCINT,BSE,,1,0.01,2026-07-05 08:48:17.051738+00
539875,RSDFIN,RSDFIN,BSE,,1,0.01,2026-07-05 08:48:17.051738+00
544731,RSL,RSL,BSE,,1,0.05,2026-07-05 08:48:17.051738+00
517447,RSSOFTWARE,RSSOFTWARE,BSE,,1,0.01,2026-07-05 08:48:17.051738+00
540082,RSTL,RSTL,BSE,,450,0.05,2026-07-05 08:48:17.051738+00
500350,RSWM,RSWM,BSE,,1,0.05,2026-07-05 08:48:17.051738+00
532735,RSYSTEMS,RSYSTEMS,BSE,,1,0.05,2026-07-05 08:48:17.051738+00
538611,RTFL,RTFL,BSE,,1,0.01,2026-07-05 08:48:17.051738+00
534597,RTNINDIA,RTNINDIA,BSE,,1,0.01,2026-07-05 08:48:17.051738+00
533122,RTNPOWER,RTNPOWER,BSE,,1,0.01,2026-07-05 08:48:17.051738+00
531215,RTSPOWR,RTSPOWR,BSE,,1,0.05,2026-07-05 08:48:17.051738+00
500367,RUBFILA,RUBFILA,BSE,,1,0.01,2026-07-05 08:48:17.051738+00
544578,RUBICON,RUBICON,BSE,,1,0.05,2026-07-05 08:48:17.051738+00
503169,RUBYMILLS,RUBYMILLS,BSE,,1,0.05,2026-07-05 08:48:17.051738+00
509020,RUCHINFRA,RUCHINFRA,BSE,,1,0.01,2026-07-05 08:48:17.051738+00
532785,RUCHIRA,RUCHIRA,BSE,,1,0.05,2026-07-05 08:48:17.051738+00
539226,RUDRA,RUDRA,BSE,,1,0.01,2026-07-05 08:48:17.051738+00
514010,RUDRAECO,RUDRAECO,BSE,,1,0.01,2026-07-05 08:48:17.051738+00
544121,RUDRAGAS,RUDRAGAS,BSE,,1000,0.01,2026-07-05 08:48:17.051738+00
530449,RUNGTAIR,RUNGTAIR,BSE,,1,0.01,2026-07-05 08:48:17.051738+00
533552,RUPA,RUPA,BSE,,1,0.05,2026-07-05 08:48:17.051738+00
533470,RUSHIL,RUSHIL,BSE,,1,0.01,2026-07-05 08:48:17.051738+00
543669,RUSTOMJEE,RUSTOMJEE,BSE,,1,0.05,2026-07-05 08:48:17.051738+00
543251,RVHL,RVHL,BSE,,1,0.01,2026-07-05 08:48:17.051738+00
542649,RVNL,RVNL,BSE,,1,0.05,2026-07-05 08:48:17.051738+00
544246,RVTH,RVTH,BSE,,1,0.05,2026-07-05 08:48:17.051738+00
517273,S&SPOWER,S&SPOWER,BSE,,1,0.05,2026-07-05 08:48:17.051738+00
544526,SAATVIKGL,SAATVIKGL,BSE,,1,0.05,2026-07-05 08:48:17.051738+00
539112,SAB,SAB,BSE,,1,0.05,2026-07-05 08:48:17.051738+00
540081,SABEVENTS,SABEVENTS,BSE,,1,0.01,2026-07-05 08:48:17.051738+00
530461,SABOOSOD,SABOOSOD,BSE,,1,0.01,2026-07-05 08:48:17.051738+00
531869,SACHEMT,SACHEMT,BSE,,1,0.01,2026-07-05 08:48:17.051738+00
532710,SADBHAV,SADBHAV,BSE,,1,0.01,2026-07-05 08:48:17.051738+00
539346,SADBHIN,SADBHIN,BSE,,1,0.01,2026-07-05 08:48:17.051738+00
506642,SADHNANIQ,SADHNANIQ,BSE,,1,0.01,2026-07-05 08:48:17.051738+00
523025,SAFARI,SAFARI,BSE,,1,0.05,2026-07-05 08:48:17.051738+00
544257,SAFE,SAFE,BSE,,500,0.05,2026-07-05 08:48:17.051738+00
544596,SAFECURE,SAFECURE,BSE,,1200,0.01,2026-07-05 08:48:17.051738+00
531436,SAFFRON,SAFFRON,BSE,,1,0.01,2026-07-05 08:48:17.051738+00
540143,SAGARSOFT,SAGARSOFT,BSE,,1,0.01,2026-07-05 08:48:17.051738+00
511254,SAGARSYST,SAGARSYST,BSE,,1,0.01,2026-07-05 08:48:17.051738+00
502090,SAGCEM,SAGCEM,BSE,,1,0.05,2026-07-05 08:48:17.051738+00
544282,SAGILITY,SAGILITY,BSE,,1,0.01,2026-07-05 08:48:17.051738+00
511533,SAHARAHOUS,SAHARAHOUS,BSE,,1,0.01,2026-07-05 08:48:17.051738+00
511754,SAHLIBHFI,SAHLIBHFI,BSE,,1,0.01,2026-07-05 08:48:17.051738+00
532841,SAHYADRI,SAHYADRI,BSE,,1,0.05,2026-07-05 08:48:17.051738+00
531931,SAICAPI,SAICAPI,BSE,,1,0.05,2026-07-05 08:48:17.051738+00
512097,SAICOM,SAICOM,BSE,,1,0.01,2026-07-05 08:48:17.051738+00
500113,SAIL,SAIL,BSE,,1,0.05,2026-07-05 08:48:17.051738+00
543541,SAILANI,SAILANI,BSE,,1600,0.01,2026-07-05 08:48:17.051738+00
544306,SAILIFE,SAILIFE,BSE,,1,0.05,2026-07-05 08:48:17.051738+00
530265,SAINIK,SAINIK,BSE,,1,0.01,2026-07-05 08:48:17.051738+00
544742,SAIPARENT,SAIPARENT,BSE,,1,0.05,2026-07-05 08:48:17.051738+00
507315,SAKHTISUG,SAKHTISUG,BSE,,1,0.01,2026-07-05 08:48:17.051738+00
590051,SAKSOFT,SAKSOFT,BSE,,1,0.05,2026-07-05 08:48:17.051738+00
511066,SAKTHIFIN,SAKTHIFIN,BSE,,1,0.01,2026-07-05 08:48:17.051738+00
532713,SAKUMA,SAKUMA,BSE,,1,0.01,2026-07-05 08:48:17.051738+00
540642,SALASAR,SALASAR,BSE,,1,0.01,2026-07-05 08:48:17.051738+00
539353,SALAUTO,SALAUTO,BSE,,1,0.05,2026-07-05 08:48:17.051738+00
540181,SALEM,SALEM,BSE,,1,0.01,2026-07-05 08:48:17.051738+00
526554,SALGUTI,SALGUTI,BSE,,1,0.01,2026-07-05 08:48:17.051738+00
590056,SALONA,SALONA,BSE,,1,0.05,2026-07-05 08:48:17.051738+00
500370,SALORAINTL,SALORAINTL,BSE,,1,0.01,2026-07-05 08:48:17.051738+00
503635,SALSAIN,SALSAIN,BSE,,1,0.05,2026-07-05 08:48:17.051738+00
532604,SALSTEEL,SALSTEEL,BSE,,1,0.01,2026-07-05 08:48:17.051738+00
517059,SALZERELEC,SALZERELEC,BSE,,1,0.05,2026-07-05 08:48:17.051738+00
521240,SAMBANDAM,SAMBANDAM,BSE,,1,0.05,2026-07-05 08:48:17.051738+00
511630,SAMBHAAV,SAMBHAAV,BSE,,1,0.01,2026-07-05 08:48:17.051738+00
544430,SAMBHV,SAMBHV,BSE,,1,0.05,2026-07-05 08:48:17.051738+00
543984,SAMHI,SAMHI,BSE,,1,0.05,2026-07-05 08:48:17.051738+00
532005,SAMINDUS,SAMINDUS,BSE,,1,0.01,2026-07-05 08:48:17.051738+00
520075,SAMKRG,SAMKRG,BSE,,1,0.05,2026-07-05 08:48:17.051738+00
535789,SAMMAANCAP,SAMMAANCAP,BSE,,1,0.05,2026-07-05 08:48:17.051738+00
543376,SAMOR,SAMOR,BSE,,1,0.01,2026-07-05 08:48:17.051738+00
534598,SAMPANN,SAMPANN,BSE,,1,0.01,2026-07-05 08:48:17.051738+00
544520,SAMPAT,SAMPAT,BSE,,1200,0.01,2026-07-05 08:48:17.051738+00
530617,SAMPRE,SAMPRE,BSE,,1,0.01,2026-07-05 08:48:17.051738+00
543229,SAMRATFORG,SAMRATFORG,BSE,,1,0.05,2026-07-05 08:48:17.051738+00
530125,SAMRATPH,SAMRATPH,BSE,,1,0.05,2026-07-05 08:48:17.051738+00
539267,SAMSRITA,SAMSRITA,BSE,,1,0.01,2026-07-05 08:48:17.051738+00
500371,SAMTELIN,SAMTELIN,BSE,,1,0.01,2026-07-05 08:48:17.051738+00
521206,SAMTEX,SAMTEX,BSE,,1,0.01,2026-07-05 08:48:17.051738+00
530025,SAMYAKINT,SAMYAKINT,BSE,,1,0.01,2026-07-05 08:48:17.051738+00
544314,SANATHAN,SANATHAN,BSE,,1,0.05,2026-07-05 08:48:17.051738+00
521222,SANBLUE,SANBLUE,BSE,,1,0.01,2026-07-05 08:48:17.051738+00
511563,SANCF,SANCF,BSE,,1,0.01,2026-07-05 08:48:17.051738+00
543897,SANCODE,SANCODE,BSE,,500,0.05,2026-07-05 08:48:17.051738+00
523116,SANCTRN,SANCTRN,BSE,,1,0.05,2026-07-05 08:48:17.051738+00
526725,SANDESH,SANDESH,BSE,,1,0.05,2026-07-05 08:48:17.051738+00
541163,SANDHAR,SANDHAR,BSE,,1,0.05,2026-07-05 08:48:17.051738+00
504918,SANDUMA,SANDUMA,BSE,,1,0.05,2026-07-05 08:48:17.051738+00
524703,SANDUPHQ,SANDUPHQ,BSE,,1,0.01,2026-07-05 08:48:17.051738+00
538714,SANGAMFIN,SANGAMFIN,BSE,,1,0.01,2026-07-05 08:48:17.051738+00
514234,SANGAMIND,SANGAMIND,BSE,,1,0.05,2026-07-05 08:48:17.051738+00
530073,SANGHVIMOV,SANGHVIMOV,BSE,,1,0.05,2026-07-05 08:48:17.051738+00
532435,SANINFRA,SANINFRA,BSE,,1,0.01,2026-07-05 08:48:17.051738+00
531569,SANJIVIN,SANJIVIN,BSE,,1,0.05,2026-07-05 08:48:17.051738+00
500674,SANOFI,SANOFI,BSE,,1,0.05,2026-07-05 08:48:17.051738+00
544250,SANOFICONR,SANOFICONR,BSE,,1,0.05,2026-07-05 08:48:17.051738+00
516096,SANPA,SANPA,BSE,,1,0.05,2026-07-05 08:48:17.051738+00
543358,SANSERA,SANSERA,BSE,,1,0.05,2026-07-05 08:48:17.051738+00
544217,SANSTAR,SANSTAR,BSE,,1,0.05,2026-07-05 08:48:17.051738+00
514280,SANTETX,SANTETX,BSE,,1,0.05,2026-07-05 08:48:17.051738+00
519260,SANWARIA,SANWARIA,BSE,,1,0.01,2026-07-05 08:48:17.051738+00
538992,SAPL,SAPL,BSE,,1,0.05,2026-07-05 08:48:17.051738+00
543397,SAPPHIRE,SAPPHIRE,BSE,,1,0.05,2026-07-05 08:48:17.051738+00
538795,SAPPL,SAPPL,BSE,,1,0.05,2026-07-05 08:48:17.051738+00
504614,SARDAEN,SARDAEN,BSE,,1,0.05,2026-07-05 08:48:17.051738+00
532163,SAREGAMA,SAREGAMA,BSE,,1,0.05,2026-07-05 08:48:17.051738+00
526885,SARLAPOLY,SARLAPOLY,BSE,,1,0.01,2026-07-05 08:48:17.051738+00
530993,SARTHAKGL,SARTHAKGL,BSE,,1,0.01,2026-07-05 08:48:17.051738+00
531930,SARTHAKIND,SARTHAKIND,BSE,,1,0.01,2026-07-05 08:48:17.051738+00
514412,SARUPINDUS,SARUPINDUS,BSE,,1,0.05,2026-07-05 08:48:17.051738+00
543688,SARVESHWAR,SARVESHWAR,BSE,,1,0.01,2026-07-05 08:48:17.051738+00
539124,SARVOTTAM,SARVOTTAM,BSE,,1,0.01,2026-07-05 08:48:17.051738+00
532663,SASKEN,SASKEN,BSE,,1,0.05,2026-07-05 08:48:17.051738+00
533202,SATCH,SATCH,BSE,,1,0.01,2026-07-05 08:48:17.051738+00
539201,SATIA,SATIA,BSE,,1,0.01,2026-07-05 08:48:17.051738+00
539404,SATIN,SATIN,BSE,,1,0.05,2026-07-05 08:48:17.051738+00
544189,SATTRIX,SATTRIX,BSE,,500,0.05,2026-07-05 08:48:17.051738+00
539519,SATTVASUKU,SATTVASUKU,BSE,,1,0.01,2026-07-05 08:48:17.051738+00
539218,SAUMYA,SAUMYA,BSE,,1,0.05,2026-07-05 08:48:17.051738+00
502175,SAURASHCEM,SAURASHCEM,BSE,,1,0.01,2026-07-05 08:48:17.051738+00
512634,SAVERA,SAVERA,BSE,,1,0.05,2026-07-05 08:48:17.051738+00
531893,SAWACA,SAWACA,BSE,,1,0.01,2026-07-05 08:48:17.051738+00
523710,SAYAJIHOTL,SAYAJIHOTL,BSE,,1,0.05,2026-07-05 08:48:17.051738+00
540728,SAYAJIIND,SAYAJIIND,BSE,,1,0.05,2026-07-05 08:48:17.051738+00
542725,SBC,SBC,BSE,,1,0.01,2026-07-05 08:48:17.051738+00
513097,SBCL,SBCL,BSE,,1,0.05,2026-07-05 08:48:17.051738+00
532102,SBECSUG,SBECSUG,BSE,,1,0.01,2026-07-05 08:48:17.051738+00
517360,SBECSYS,SBECSYS,BSE,,1,0.01,2026-07-05 08:48:17.051738+00
543959,SBFC,SBFC,BSE,,1,0.01,2026-07-05 08:48:17.051738+00
521131,SBFL,SBFL,BSE,,1,0.01,2026-07-05 08:48:17.051738+00
543218,SBGLP,SBGLP,BSE,,1,0.01,2026-07-05 08:48:17.051738+00
544385,SBIBPB,SBIBPB,BSE,,1,0.01,2026-07-05 08:48:17.051738+00
543066,SBICARD,SBICARD,BSE,,1,0.05,2026-07-05 08:48:17.051738+00
540719,SBILIFE,SBILIFE,BSE,,1,0.05,2026-07-05 08:48:17.051738+00
544722,SBIMIDMOM,SBIMIDMOM,BSE,,1,0.01,2026-07-05 08:48:17.051738+00
500112,SBIN,SBIN,BSE,,1,0.05,2026-07-05 08:48:17.051738+00
544215,SBINEQWETF,SBINEQWETF,BSE,,1,0.01,2026-07-05 08:48:17.051738+00
544745,SBINMID150,SBINMID150,BSE,,1,0.01,2026-07-05 08:48:17.051738+00
535276,SBISENSEX,SBISENSEX,BSE,,1,0.01,2026-07-05 08:48:17.051738+00
544763,SBISMLETF,SBISMLETF,BSE,,1,0.01,2026-07-05 08:48:17.051738+00
544762,SBIVALETF,SBIVALETF,BSE,,1,0.01,2026-07-05 08:48:17.051738+00
543366,SBLI,SBLI,BSE,,1200,0.01,2026-07-05 08:48:17.051738+00
540782,SBRANDS,SBRANDS,BSE,,1000,0.01,2026-07-05 08:48:17.051738+00
544074,SBVCL,SBVCL,BSE,,600,0.05,2026-07-05 08:48:17.051738+00
526081,SCAGRO,SCAGRO,BSE,,1,0.01,2026-07-05 08:48:17.051738+00
531797,SCANPRO,SCANPRO,BSE,,1,0.05,2026-07-05 08:48:17.051738+00
511672,SCANSTL,SCANSTL,BSE,,1,0.01,2026-07-05 08:48:17.051738+00
543537,SCARNOSE,SCARNOSE,BSE,,1000,0.01,2026-07-05 08:48:17.051738+00
506906,SCBL,SCBL,BSE,,1,0.01,2026-07-05 08:48:17.051738+00
538857,SCC,SCC,BSE,,1,0.01,2026-07-05 08:48:17.051738+00
544746,SCDL,SCDL,BSE,,1600,0.01,2026-07-05 08:48:17.051738+00
505790,SCHAEFFLER,SCHAEFFLER,BSE,,1,0.05,2026-07-05 08:48:17.051738+00
540497,SCHAND,SCHAND,BSE,,1,0.05,2026-07-05 08:48:17.051738+00
534139,SCHNEIDER,SCHNEIDER,BSE,,1,0.05,2026-07-05 08:48:17.051738+00
523598,SCI,SCI,BSE,,1,0.05,2026-07-05 08:48:17.051738+00
544142,SCILAL,SCILAL,BSE,,1,0.01,2026-07-05 08:48:17.051738+00
544411,SCODATUBES,SCODATUBES,BSE,,1,0.05,2026-07-05 08:48:17.051738+00
531234,SCOOBEEDAY,SCOOBEEDAY,BSE,,1,0.01,2026-07-05 08:48:17.051738+00
540757,SCPL,SCPL,BSE,,1,0.05,2026-07-05 08:48:17.051738+00
539526,SCTL,SCTL,BSE,,1,0.01,2026-07-05 08:48:17.051738+00
507514,SDBL,SDBL,BSE,,1,0.01,2026-07-05 08:48:17.051738+00
535647,SDC,SDC,BSE,,10000,0.01,2026-07-05 08:48:17.051738+00
524727,SDL,SDL,BSE,,1,0.01,2026-07-05 08:48:17.051738+00
543782,SEALMATIC,SEALMATIC,BSE,,180,0.05,2026-07-05 08:48:17.051738+00
526807,SEAMECLTD,SEAMECLTD,BSE,,1,0.05,2026-07-05 08:48:17.051738+00
514264,SEASONST,SEASONST,BSE,,1,0.01,2026-07-05 08:48:17.051738+00
533268,SEATV,SEATV,BSE,,1,0.01,2026-07-05 08:48:17.051738+00
543234,SECMARK,SECMARK,BSE,,1,0.05,2026-07-05 08:48:17.051738+00
512161,SECURKLOUD,SECURKLOUD,BSE,,1,0.01,2026-07-05 08:48:17.051738+00
544723,SEDEMAC,SEDEMAC,BSE,,1,0.05,2026-07-05 08:48:17.051738+00
539921,SEIL,SEIL,BSE,,1,0.05,2026-07-05 08:48:17.051738+00
532993,SEJALLTD,SEJALLTD,BSE,,1,0.05,2026-07-05 08:48:17.051738+00
515043,SEKURITIND,SEKURITIND,BSE,,1,0.05,2026-07-05 08:48:17.051738+00
509423,SEL,SEL,BSE,,1,0.01,2026-07-05 08:48:17.051738+00
544376,SELECTIPO,SELECTIPO,BSE,,1,0.01,2026-07-05 08:48:17.051738+00
544786,SELECTRIC,SELECTRIC,BSE,,1,0.05,2026-07-05 08:48:17.051738+00
532886,SELMC,SELMC,BSE,,1,0.01,2026-07-05 08:48:17.051738+00
505368,SEMAC,SEMAC,BSE,,1,0.05,2026-07-05 08:48:17.051738+00
543515,SEML,SEML,BSE,,375,0.01,2026-07-05 08:48:17.051738+00
543936,SENCO,SENCO,BSE,,1,0.05,2026-07-05 08:48:17.051738+00
544319,SENORES,SENORES,BSE,,1,0.05,2026-07-05 08:48:17.051738+00
532985,SENSEX1,SENSEX1,BSE,,1,0.01,2026-07-05 08:48:17.051738+00
543947,SENSEXADD,SENSEXADD,BSE,,1,0.01,2026-07-05 08:48:17.051738+00
543853,SENSEXAXIS,SENSEXAXIS,BSE,,1,0.01,2026-07-05 08:48:17.051738+00
538683,SENSEXBEES,SENSEXBEES,BSE,,1,0.01,2026-07-05 08:48:17.051738+00
539312,SENSEXBETA,SENSEXBETA,BSE,,1,0.01,2026-07-05 08:48:17.051738+00
543999,SENSEXETF,SENSEXETF,BSE,,1,0.01,2026-07-05 08:48:17.051738+00
555555,SENSEXIETF,SENSEXIETF,BSE,,1,0.01,2026-07-05 08:48:17.051738+00
532945,SEPC,SEPC,BSE,,1,0.01,2026-07-05 08:48:17.051738+00
512399,SERA,SERA,BSE,,1,0.01,2026-07-05 08:48:17.051738+00
531794,SESHACHAL,SESHACHAL,BSE,,1,0.01,2026-07-05 08:48:17.051738+00
502450,SESHAPAPER,SESHAPAPER,BSE,,1,0.05,2026-07-05 08:48:17.051738+00
505075,SETCO,SETCO,BSE,,1,0.01,2026-07-05 08:48:17.051738+00
539031,SETFBSE100,SETFBSE100,BSE,,1,0.01,2026-07-05 08:48:17.051738+00
590138,SETFNIF50,SETFNIF50,BSE,,1,0.01,2026-07-05 08:48:17.051738+00
590137,SETFNIFBK,SETFNIFBK,BSE,,1,0.01,2026-07-05 08:48:17.051738+00
541972,SETFSN50,SETFSN50,BSE,,1,0.01,2026-07-05 08:48:17.051738+00
544333,SETL,SETL,BSE,,1,0.05,2026-07-05 08:48:17.051738+00
533605,SETUINFRA,SETUINFRA,BSE,,1,0.01,2026-07-05 08:48:17.051738+00
544428,SEVL,SEVL,BSE,,1200,0.01,2026-07-05 08:48:17.051738+00
524324,SEYAIND,SEYAIND,BSE,,1,0.01,2026-07-05 08:48:17.051738+00
540203,SFL,SFL,BSE,,1,0.05,2026-07-05 08:48:17.051738+00
526532,SFPIL,SFPIL,BSE,,1,0.01,2026-07-05 08:48:17.051738+00
543519,SFSL,SFSL,BSE,,1500,0.01,2026-07-05 08:48:17.051738+00
501479,SFTL,SFTL,BSE,,50,0.01,2026-07-05 08:48:17.051738+00
539199,SGFIN,SGFIN,BSE,,1,0.05,2026-07-05 08:48:17.051738+00
543391,SGFRL,SGFRL,BSE,,750,0.01,2026-07-05 08:48:17.051738+00
541929,SGIL,SGIL,BSE,,1,0.05,2026-07-05 08:48:17.051738+00
532730,SGL,SGL,BSE,,1,0.01,2026-07-05 08:48:17.051738+00
526544,SGLRES,SGLRES,BSE,,1,0.01,2026-07-05 08:48:17.051738+00
512329,SGMART,SGMART,BSE,,1,0.05,2026-07-05 08:48:17.051738+00
531812,SGNTE,SGNTE,BSE,,1,0.01,2026-07-05 08:48:17.051738+00
540737,SGRL,SGRL,BSE,,1,0.05,2026-07-05 08:48:17.051738+00
544685,SHADOWFAX,SHADOWFAX,BSE,,1,0.05,2026-07-05 08:48:17.051738+00
533275,SHAH,SHAH,BSE,,1,0.01,2026-07-05 08:48:17.051738+00
513436,SHAHALLOYS,SHAHALLOYS,BSE,,1,0.01,2026-07-05 08:48:17.051738+00
509870,SHAHCON,SHAHCON,BSE,,1,0.01,2026-07-05 08:48:17.051738+00
519031,SHAHFOOD,SHAHFOOD,BSE,,1,0.05,2026-07-05 08:48:17.051738+00
526508,SHAHISHIP,SHAHISHIP,BSE,,1,0.01,2026-07-05 08:48:17.051738+00
542862,SHAHLON,SHAHLON,BSE,,1,0.01,2026-07-05 08:48:17.051738+00
501423,SHAILY,SHAILY,BSE,,1,0.05,2026-07-05 08:48:17.051738+00
526841,SHAKTIPR,SHAKTIPR,BSE,,1,0.01,2026-07-05 08:48:17.051738+00
531431,SHAKTIPUMP,SHAKTIPUMP,BSE,,1,0.05,2026-07-05 08:48:17.051738+00
540797,SHALBY,SHALBY,BSE,,1,0.05,2026-07-05 08:48:17.051738+00
532455,SHALIWIR,SHALIWIR,BSE,,1,0.01,2026-07-05 08:48:17.051738+00
509874,SHALPAINTS,SHALPAINTS,BSE,,1,0.01,2026-07-05 08:48:17.051738+00
512499,SHALPRO,SHALPRO,BSE,,1,0.01,2026-07-05 08:48:17.051738+00
540259,SHANGAR,SHANGAR,BSE,,1,0.01,2026-07-05 08:48:17.051738+00
540425,SHANKARA,SHANKARA,BSE,,1,0.05,2026-07-05 08:48:17.051738+00
544365,SHANMUGA,SHANMUGA,BSE,,2000,0.01,2026-07-05 08:48:17.051738+00
544059,SHANTIDENM,SHANTIDENM,BSE,,2000,0.01,2026-07-05 08:48:17.051738+00
522034,SHANTIGEAR,SHANTIGEAR,BSE,,1,0.05,2026-07-05 08:48:17.051738+00
544459,SHANTIGOLD,SHANTIGOLD,BSE,,1,0.05,2026-07-05 08:48:17.051738+00
534708,SHANTIGURU,SHANTIGURU,BSE,,3000,0.01,2026-07-05 08:48:17.051738+00
531925,SHAQUAK,SHAQUAK,BSE,,1,0.01,2026-07-05 08:48:17.051738+00
538666,SHARDACROP,SHARDACROP,BSE,,1,0.05,2026-07-05 08:48:17.051738+00
535602,SHARDAMOTR,SHARDAMOTR,BSE,,1,0.05,2026-07-05 08:48:17.051738+00
512393,SHARDUL,SHARDUL,BSE,,1,0.01,2026-07-05 08:48:17.051738+00
540725,SHAREINDIA,SHAREINDIA,BSE,,1,0.05,2026-07-05 08:48:17.051738+00
590109,SHARIABEES,SHARIABEES,BSE,,1,0.01,2026-07-05 08:48:17.051738+00
540786,SHARIKA,SHARIKA,BSE,,1,0.01,2026-07-05 08:48:17.051738+00
524548,SHARMEH,SHARMEH,BSE,,1,0.01,2026-07-05 08:48:17.051738+00
538212,SHARPINV,SHARPINV,BSE,,1,0.01,2026-07-05 08:48:17.051738+00
543341,SHARPLINE,SHARPLINE,BSE,,1,0.01,2026-07-05 08:48:17.051738+00
544506,SHARVAYA,SHARVAYA,BSE,,600,0.05,2026-07-05 08:48:17.051738+00
540221,SHASHANK,SHASHANK,BSE,,1,0.01,2026-07-05 08:48:17.051738+00
540147,SHASHIJIT,SHASHIJIT,BSE,,1,0.01,2026-07-05 08:48:17.051738+00
526739,SHAWGELTIN,SHAWGELTIN,BSE,,1,0.05,2026-07-05 08:48:17.051738+00
544686,SHAYONAENG,SHAYONAENG,BSE,,1000,0.05,2026-07-05 08:48:17.051738+00
526981,SHBAJRG,SHBAJRG,BSE,,1,0.05,2026-07-05 08:48:17.051738+00
533301,SHEKHAWATI,SHEKHAWATI,BSE,,1,0.01,2026-07-05 08:48:17.051738+00
543963,SHELTER,SHELTER,BSE,,3000,0.01,2026-07-05 08:48:17.051738+00
538685,SHEMAROO,SHEMAROO,BSE,,1,0.05,2026-07-05 08:48:17.051738+00
530757,SHENTRA,SHENTRA,BSE,,1,0.05,2026-07-05 08:48:17.051738+00
526117,SHERVANI,SHERVANI,BSE,,1,0.05,2026-07-05 08:48:17.051738+00
539111,SHESHAINDS,SHESHAINDS,BSE,,1,0.01,2026-07-05 08:48:17.051738+00
526137,SHETR,SHETR,BSE,,1,0.01,2026-07-05 08:48:17.051738+00
530797,SHGANEL,SHGANEL,BSE,,1,0.01,2026-07-05 08:48:17.051738+00
524336,SHHARICH,SHHARICH,BSE,,1,0.05,2026-07-05 08:48:17.051738+00
526883,SHIKHAR,SHIKHAR,BSE,,1,0.01,2026-07-05 08:48:17.051738+00
507952,SHIKHARLETR,SHIKHARLETR,BSE,,1,0.01,2026-07-05 08:48:17.051738+00
531201,SHILCTECH,SHILCTECH,BSE,,1,0.05,2026-07-05 08:48:17.051738+00
513709,SHILGRAVQ,SHILGRAVQ,BSE,,1,0.05,2026-07-05 08:48:17.051738+00
544080,SHILINDORE,SHILINDORE,BSE,,1,0.05,2026-07-05 08:48:17.051738+00
530549,SHILPAMED,SHILPAMED,BSE,,1,0.05,2026-07-05 08:48:17.051738+00
519397,SHINDL,SHINDL,BSE,,1,0.05,2026-07-05 08:48:17.051738+00
543244,SHINEFASH,SHINEFASH,BSE,,4000,0.01,2026-07-05 08:48:17.051738+00
544646,SHIPWAVES,SHIPWAVES,BSE,,10000,0.01,2026-07-05 08:48:17.051738+00
540693,SHISHIND,SHISHIND,BSE,,1,0.01,2026-07-05 08:48:17.051738+00
539593,SHIVA,SHIVA,BSE,,1,0.01,2026-07-05 08:48:17.051738+00
530433,SHIVAAGRO,SHIVAAGRO,BSE,,1,0.01,2026-07-05 08:48:17.051738+00
532323,SHIVACEM,SHIVACEM,BSE,,1,0.01,2026-07-05 08:48:17.051738+00
540072,SHIVAEXPO,SHIVAEXPO,BSE,,10000,0.01,2026-07-05 08:48:17.051738+00
522237,SHIVAGR,SHIVAGR,BSE,,1,0.01,2026-07-05 08:48:17.051738+00
539148,SHIVALIK,SHIVALIK,BSE,,1,0.05,2026-07-05 08:48:17.051738+00
544165,SHIVAM,SHIVAM,BSE,,1500,0.05,2026-07-05 08:48:17.051738+00
532776,SHIVAMAUTO,SHIVAMAUTO,BSE,,1,0.01,2026-07-05 08:48:17.051738+00
540961,SHIVAMILLS,SHIVAMILLS,BSE,,1,0.01,2026-07-05 08:48:17.051738+00
511108,SHIVATEX,SHIVATEX,BSE,,1,0.05,2026-07-05 08:48:17.051738+00
539683,SHIVKAMAL,SHIVKAMAL,BSE,,1,0.01,2026-07-05 08:48:17.051738+00
544272,SHIVTEXCHEM,SHIVTEXCHEM,BSE,,400,0.05,2026-07-05 08:48:17.051738+00
539450,SHK,SHK,BSE,,1,0.05,2026-07-05 08:48:17.051738+00
532083,SHKALYN,SHKALYN,BSE,,1,0.01,2026-07-05 08:48:17.051738+00
516106,SHKARTP,SHKARTP,BSE,,1,0.01,2026-07-05 08:48:17.051738+00
544582,SHLOKKA,SHLOKKA,BSE,,1200,0.01,2026-07-05 08:48:17.051738+00
543970,SHOORA,SHOORA,BSE,,1500,0.01,2026-07-05 08:48:17.051738+00
532638,SHOPERSTOP,SHOPERSTOP,BSE,,1,0.05,2026-07-05 08:48:17.051738+00
544090,SHPLPUNE,SHPLPUNE,BSE,,1,0.05,2026-07-05 08:48:17.051738+00
543976,SHRAAITECH,SHRAAITECH,BSE,,1,0.01,2026-07-05 08:48:17.051738+00
531771,SHRADDHA,SHRADDHA,BSE,,1,0.05,2026-07-05 08:48:17.051738+00
530295,SHRAJOI,SHRAJOI,BSE,,1,0.01,2026-07-05 08:48:17.051738+00
503837,SHRAJSYNQ,SHRAJSYNQ,BSE,,1,0.01,2026-07-05 08:48:17.051738+00
513548,SHRDAIS,SHRDAIS,BSE,,1,0.05,2026-07-05 08:48:17.051738+00
502180,SHREDIGCEM,SHREDIGCEM,BSE,,1,0.01,2026-07-05 08:48:17.051738+00
544083,SHREE,SHREE,BSE,,500,0.01,2026-07-05 08:48:17.051738+00
500387,SHREECEM,SHREECEM,BSE,,1,0.05,2026-07-05 08:48:17.051738+00
539470,SHREEGANES,SHREEGANES,BSE,,1,0.01,2026-07-05 08:48:17.051738+00
544490,SHREEJISPG,SHREEJISPG,BSE,,1,0.05,2026-07-05 08:48:17.051738+00
544372,SHREENATH,SHREENATH,BSE,,3000,0.01,2026-07-05 08:48:17.051738+00
527005,SHREEPAC,SHREEPAC,BSE,,1,0.05,2026-07-05 08:48:17.051738+00
539334,SHREEPUSHK,SHREEPUSHK,BSE,,1,0.05,2026-07-05 08:48:17.051738+00
532310,SHREERAMA,SHREERAMA,BSE,,1,0.01,2026-07-05 08:48:17.051738+00
544458,SHREEREF,SHREEREF,BSE,,500,0.05,2026-07-05 08:48:17.051738+00
538975,SHREESEC,SHREESEC,BSE,,1,0.01,2026-07-05 08:48:17.051738+00
541112,SHREESHAY,SHREESHAY,BSE,,2000,0.01,2026-07-05 08:48:17.051738+00
531962,SHREMETAL,SHREMETAL,BSE,,1,0.01,2026-07-05 08:48:17.051738+00
503696,SHRENTI,SHRENTI,BSE,,1,0.01,2026-07-05 08:48:17.051738+00
516016,SHREYANIND,SHREYANIND,BSE,,1,0.05,2026-07-05 08:48:17.051738+00
526335,SHREYASI,SHREYASI,BSE,,1,0.01,2026-07-05 08:48:17.051738+00
508961,SHRICON,SHRICON,BSE,,1,0.05,2026-07-05 08:48:17.051738+00
503804,SHRIDINE,SHRIDINE,BSE,,1,0.05,2026-07-05 08:48:17.051738+00
523309,SHRIGANG,SHRIGANG,BSE,,1,0.01,2026-07-05 08:48:17.051738+00
531080,SHRIKRISH,SHRIKRISH,BSE,,1,0.01,2026-07-05 08:48:17.051738+00
544512,SHRINGARMS,SHRINGARMS,BSE,,1,0.05,2026-07-05 08:48:17.051738+00
538897,SHRINIWAS,SHRINIWAS,BSE,,1,0.01,2026-07-05 08:48:17.051738+00
544344,SHRIPISTON,SHRIPISTON,BSE,,1,0.05,2026-07-05 08:48:17.051738+00
511218,SHRIRAMFIN,SHRIRAMFIN,BSE,,1,0.05,2026-07-05 08:48:17.051738+00
543419,SHRIRAMPPS,SHRIRAMPPS,BSE,,1,0.01,2026-07-05 08:48:17.051738+00
511411,SHRISTI,SHRISTI,BSE,,1,0.01,2026-07-05 08:48:17.051738+00
512453,SHRJAGP,SHRJAGP,BSE,,1,0.05,2026-07-05 08:48:17.051738+00
503863,SHRMFGC,SHRMFGC,BSE,,1,0.01,2026-07-05 08:48:17.051738+00
511493,SHRYDUS,SHRYDUS,BSE,,1,0.01,2026-07-05 08:48:17.051738+00
544607,SHTL,SHTL,BSE,,1200,0.01,2026-07-05 08:48:17.051738+00
542019,SHUBHAM,SHUBHAM,BSE,,1,0.01,2026-07-05 08:48:17.051738+00
523790,SHUKJEW,SHUKJEW,BSE,,100,0.01,2026-07-05 08:48:17.051738+00
524632,SHUKRAPHAR,SHUKRAPHAR,BSE,,1,0.01,2026-07-05 08:48:17.051738+00
532007,SHVFL,SHVFL,BSE,,1,0.01,2026-07-05 08:48:17.051738+00
521003,SHVSUIT,SHVSUIT,BSE,,100,0.01,2026-07-05 08:48:17.051738+00
512060,SHYAM,SHYAM,BSE,,50,0.01,2026-07-05 08:48:17.051738+00
531219,SHYAMACOMP,SHYAMACOMP,BSE,,100,0.01,2026-07-05 08:48:17.051738+00
539252,SHYAMCENT,SHYAMCENT,BSE,,1,0.01,2026-07-05 08:48:17.051738+00
543299,SHYAMMETL,SHYAMMETL,BSE,,1,0.05,2026-07-05 08:48:17.051738+00
517411,SHYAMTEL,SHYAMTEL,BSE,,1,0.01,2026-07-05 08:48:17.051738+00
505515,SHYMINV,SHYMINV,BSE,,1,0.01,2026-07-05 08:48:17.051738+00
520141,SIBARAUT,SIBARAUT,BSE,,1,0.01,2026-07-05 08:48:17.051738+00
533014,SICAGEN,SICAGEN,BSE,,1,0.01,2026-07-05 08:48:17.051738+00
520086,SICALLOG,SICALLOG,BSE,,1,0.01,2026-07-05 08:48:17.051738+00
530907,SICAPIT,SICAPIT,BSE,,1,0.01,2026-07-05 08:48:17.051738+00
531640,SICL,SICL,BSE,,100,0.01,2026-07-05 08:48:17.051738+00
530439,SIDDHA,SIDDHA,BSE,,1,0.01,2026-07-05 08:48:17.051738+00
526877,SIDDHEGA,SIDDHEGA,BSE,,1,0.01,2026-07-05 08:48:17.051738+00
539983,SIDH,SIDH,BSE,,1,0.01,2026-07-05 08:48:17.051738+00
519234,SIEL,SIEL,BSE,,1,0.01,2026-07-05 08:48:17.051738+00
500550,SIEMENS,SIEMENS,BSE,,1,0.05,2026-07-05 08:48:17.051738+00
543389,SIGACHI,SIGACHI,BSE,,1,0.01,2026-07-05 08:48:17.051738+00
512131,SIGIND,SIGIND,BSE,,1,0.01,2026-07-05 08:48:17.051738+00
543917,SIGMA,SIGMA,BSE,,1,0.01,2026-07-05 08:48:17.051738+00
532408,SIGMAADV,SIGMAADV,BSE,,1,0.05,2026-07-05 08:48:17.051738+00
543990,SIGNATURE,SIGNATURE,BSE,,1,0.05,2026-07-05 08:48:17.051738+00
507663,SIGNGCL,SIGNGCL,BSE,,1,0.01,2026-07-05 08:48:17.051738+00
544117,SIGNPOST,SIGNPOST,BSE,,1,0.05,2026-07-05 08:48:17.051738+00
544585,SIHORA,SIHORA,BSE,,2000,0.01,2026-07-05 08:48:17.051738+00
540132,SIIL,SIIL,BSE,,1,0.01,2026-07-05 08:48:17.051738+00
523606,SIKA,SIKA,BSE,,1,0.05,2026-07-05 08:48:17.051738+00
530017,SIL,SIL,BSE,,1,0.01,2026-07-05 08:48:17.051738+00
521194,SILINV,SILINV,BSE,,1,0.05,2026-07-05 08:48:17.051738+00
512197,SILVERO,SILVERO,BSE,,1,0.01,2026-07-05 08:48:17.051738+00
543536,SILVERPRL,SILVERPRL,BSE,,8000,0.01,2026-07-05 08:48:17.051738+00
543525,SILVERTUC,SILVERTUC,BSE,,1,0.05,2026-07-05 08:48:17.051738+00
531635,SILVOAK,SILVOAK,BSE,,1,0.01,2026-07-05 08:48:17.051738+00
544662,SIMANDHAR,SIMANDHAR,BSE,,1,0.05,2026-07-05 08:48:17.051738+00
539742,SIMBHALS,SIMBHALS,BSE,,1,0.01,2026-07-05 08:48:17.051738+00
507998,SIMMOND,SIMMOND,BSE,,1,0.05,2026-07-05 08:48:17.051738+00
513472,SIMPLEXCAS,SIMPLEXCAS,BSE,,1,0.05,2026-07-05 08:48:17.051738+00
523838,SIMPLEXINF,SIMPLEXINF,BSE,,1,0.05,2026-07-05 08:48:17.051738+00
533018,SIMPLXMIL,SIMPLXMIL,BSE,,1,0.05,2026-07-05 08:48:17.051738+00
533019,SIMPLXPAP,SIMPLXPAP,BSE,,1,0.05,2026-07-05 08:48:17.051738+00
503229,SIMPLXREA,SIMPLXREA,BSE,,1,0.05,2026-07-05 08:48:17.051738+00
519566,SIMRAN,SIMRAN,BSE,,1,0.05,2026-07-05 08:48:17.051738+00
523023,SINCLAIR,SINCLAIR,BSE,,1,0.01,2026-07-05 08:48:17.051738+00
532029,SINDHUTRAD,SINDHUTRAD,BSE,,1,0.01,2026-07-05 08:48:17.051738+00
505729,SINGERIND,SINGERIND,BSE,,1,0.01,2026-07-05 08:48:17.051738+00
509887,SINNAR,SINNAR,BSE,,1,0.05,2026-07-05 08:48:17.051738+00
526839,SIPL,SIPL,BSE,,1,0.01,2026-07-05 08:48:17.051738+00
543686,SIRCA,SIRCA,BSE,,1,0.05,2026-07-05 08:48:17.051738+00
538667,SIROHIA,SIROHIA,BSE,,10000,0.01,2026-07-05 08:48:17.051738+00
540673,SIS,SIS,BSE,,1,0.05,2026-07-05 08:48:17.051738+00
543598,SISL,SISL,BSE,,400,0.05,2026-07-05 08:48:17.051738+00
512589,SITAENT,SITAENT,BSE,,1,0.05,2026-07-05 08:48:17.051738+00
532795,SITINET,SITINET,BSE,,1,0.01,2026-07-05 08:48:17.051738+00
544047,SIYARAM,SIYARAM,BSE,,1500,0.01,2026-07-05 08:48:17.051738+00
503811,SIYSIL,SIYSIL,BSE,,1,0.05,2026-07-05 08:48:17.051738+00
513496,SIZEMASTER,SIZEMASTER,BSE,,1,0.05,2026-07-05 08:48:17.051738+00
504398,SJCORP,SJCORP,BSE,,1,0.05,2026-07-05 08:48:17.051738+00
543387,SJS,SJS,BSE,,1,0.05,2026-07-05 08:48:17.051738+00
533206,SJVN,SJVN,BSE,,1,0.01,2026-07-05 08:48:17.051738+00
530977,SKCIL,SKCIL,BSE,,1,0.05,2026-07-05 08:48:17.051738+00
500472,SKFINDIA,SKFINDIA,BSE,,1,0.05,2026-07-05 08:48:17.051738+00
544572,SKFINDUS,SKFINDUS,BSE,,1,0.05,2026-07-05 08:48:17.051738+00
542728,SKIEL,SKIEL,BSE,,6000,0.01,2026-07-05 08:48:17.051738+00
542146,SKIFL,SKIFL,BSE,,1250,0.01,2026-07-05 08:48:17.051738+00
538562,SKIPPER,SKIPPER,BSE,,1,0.05,2026-07-05 08:48:17.051738+00
540269,SKL,SKL,BSE,,10000,0.01,2026-07-05 08:48:17.051738+00
544584,SKM,SKM,BSE,,1000,0.05,2026-07-05 08:48:17.051738+00
532143,SKMEGGPROD,SKMEGGPROD,BSE,,1,0.05,2026-07-05 08:48:17.051738+00
500388,SKPMIL,SKPMIL,BSE,,1,0.01,2026-07-05 08:48:17.051738+00
531169,SKPSEC,SKPSEC,BSE,,1,0.05,2026-07-05 08:48:17.051738+00
531506,SKRABUL,SKRABUL,BSE,,1,0.01,2026-07-05 08:48:17.051738+00
512036,SKYBIOTECH,SKYBIOTECH,BSE,,1,0.05,2026-07-05 08:48:17.051738+00
541967,SKYGOLD,SKYGOLD,BSE,,1,0.05,2026-07-05 08:48:17.051738+00
526479,SKYIND,SKYIND,BSE,,1,0.01,2026-07-05 08:48:17.051738+00
505650,SKYLMILAR,SKYLMILAR,BSE,,1,0.01,2026-07-05 08:48:17.051738+00
521161,SLSTLQ,SLSTLQ,BSE,,1,0.01,2026-07-05 08:48:17.051738+00
544605,SMALL250,SMALL250,BSE,,1,0.01,2026-07-05 08:48:17.051738+00
544654,SMALLADD,SMALLADD,BSE,,1,0.01,2026-07-05 08:48:17.051738+00
544130,SMALLCAP,SMALLCAP,BSE,,1,0.01,2026-07-05 08:48:17.051738+00
544795,SMALLIETF,SMALLIETF,BSE,,1,0.01,2026-07-05 08:48:17.051738+00
544056,SMARITIME,SMARITIME,BSE,,1600,0.01,2026-07-05 08:48:17.051738+00
539494,SMARTFIN,SMARTFIN,BSE,,1,0.01,2026-07-05 08:48:17.051738+00
532419,SMARTLINK,SMARTLINK,BSE,,1,0.05,2026-07-05 08:48:17.051738+00
544447,SMARTWORKS,SMARTWORKS,BSE,,1,0.05,2026-07-05 08:48:17.051738+00
543065,SMAUTO,SMAUTO,BSE,,2000,0.01,2026-07-05 08:48:17.051738+00
543263,SMCGLOBAL,SMCGLOBAL,BSE,,1,0.01,2026-07-05 08:48:17.051738+00
532138,SMCREDT,SMCREDT,BSE,,1,0.01,2026-07-05 08:48:17.051738+00
541799,SMEL,SMEL,BSE,,5000,0.01,2026-07-05 08:48:17.051738+00
513418,SMFIL,SMFIL,BSE,,1,0.01,2026-07-05 08:48:17.051738+00
542034,SMGOLD,SMGOLD,BSE,,1,0.01,2026-07-05 08:48:17.051738+00
539378,SML,SML,BSE,,1,0.01,2026-07-05 08:48:17.051738+00
544507,SML100CASE,SML100CASE,BSE,,1,0.01,2026-07-05 08:48:17.051738+00
505192,SMLMAH,SMLMAH,BSE,,1,0.05,2026-07-05 08:48:17.051738+00
540393,SMLT,SMLT,BSE,,1,0.01,2026-07-05 08:48:17.051738+00
544774,SMR,SMR,BSE,,1000,0.05,2026-07-05 08:48:17.051738+00
540686,SMRUTHIORG,SMRUTHIORG,BSE,,1,0.05,2026-07-05 08:48:17.051738+00
532815,SMSPHARMA,SMSPHARMA,BSE,,1,0.05,2026-07-05 08:48:17.051738+00
538563,SMTEL,SMTEL,BSE,,1,0.05,2026-07-05 08:48:17.051738+00
539911,SNIM,SNIM,BSE,,1,0.01,2026-07-05 08:48:17.051738+00
505827,SNL,SNL,BSE,,1,0.05,2026-07-05 08:48:17.051738+00
538635,SNOWMAN,SNOWMAN,BSE,,1,0.01,2026-07-05 08:48:17.051738+00
544415,SNXT30BEES,SNXT30BEES,BSE,,1,0.01,2026-07-05 08:48:17.051738+00
542747,SNXT50BEES,SNXT50BEES,BSE,,1,0.01,2026-07-05 08:48:17.051738+00
542513,SNXT50BETA,SNXT50BETA,BSE,,1,0.01,2026-07-05 08:48:17.051738+00
532784,SOBHA,SOBHA,BSE,,1,0.05,2026-07-05 08:48:17.051738+00
512014,SOBME,SOBME,BSE,,1,0.05,2026-07-05 08:48:17.051738+00
544560,SODHACAP,SODHACAP,BSE,,2000,0.01,2026-07-05 08:48:17.051738+00
538923,SOFCOM,SOFCOM,BSE,,1,0.01,2026-07-05 08:48:17.051738+00
531529,SOFTRAKV,SOFTRAKV,BSE,,1,0.01,2026-07-05 08:48:17.051738+00
543470,SOFTTECH,SOFTTECH,BSE,,1,0.05,2026-07-05 08:48:17.051738+00
541540,SOLARA,SOLARA,BSE,,1,0.05,2026-07-05 08:48:17.051738+00
532725,SOLARINDS,SOLARINDS,BSE,,1,0.05,2026-07-05 08:48:17.051738+00
544354,SOLARIUM,SOLARIUM,BSE,,300,0.05,2026-07-05 08:48:17.051738+00
544532,SOLARWORLD,SOLARWORLD,BSE,,1,0.05,2026-07-05 08:48:17.051738+00
513699,SOLIDSTON,SOLIDSTON,BSE,,1,0.01,2026-07-05 08:48:17.051738+00
522152,SOLIMAC,SOLIMAC,BSE,,1,0.01,2026-07-05 08:48:17.051738+00
544539,SOLVEX,SOLVEX,BSE,,1600,0.01,2026-07-05 08:48:17.051738+00
531548,SOMANYCERA,SOMANYCERA,BSE,,1,0.05,2026-07-05 08:48:17.051738+00
521034,SOMATEX,SOMATEX,BSE,,1,0.01,2026-07-05 08:48:17.051738+00
533001,SOMICONVEY,SOMICONVEY,BSE,,1,0.05,2026-07-05 08:48:17.051738+00
543300,SONACOMS,SONACOMS,BSE,,1,0.05,2026-07-05 08:48:17.051738+00
538943,SONAL,SONAL,BSE,,1,0.01,2026-07-05 08:48:17.051738+00
526901,SONALAD,SONALAD,BSE,,1,0.01,2026-07-05 08:48:17.051738+00
543924,SONALIS,SONALIS,BSE,,2000,0.01,2026-07-05 08:48:17.051738+00
532221,SONATSOFTW,SONATSOFTW,BSE,,1,0.05,2026-07-05 08:48:17.051738+00
524667,SOTL,SOTL,BSE,,1,0.05,2026-07-05 08:48:17.051738+00
521036,SOURCEIND,SOURCEIND,BSE,,1,0.01,2026-07-05 08:48:17.051738+00
531398,SOURCENTRL,SOURCENTRL,BSE,,1,0.05,2026-07-05 08:48:17.051738+00
532218,SOUTHBANK,SOUTHBANK,BSE,,1,0.01,2026-07-05 08:48:17.051738+00
540174,SOUTHERNIN,SOUTHERNIN,BSE,,1,0.01,2026-07-05 08:48:17.051738+00
513498,SOUTHMG,SOUTHMG,BSE,,1,0.01,2026-07-05 08:48:17.051738+00
543986,SOUTHWEST,SOUTHWEST,BSE,,1,0.05,2026-07-05 08:48:17.051738+00
514454,SOUTLAT,SOUTLAT,BSE,,1,0.01,2026-07-05 08:48:17.051738+00
523826,SOVERDIA,SOVERDIA,BSE,,1,0.01,2026-07-05 08:48:17.051738+00
542376,SPACAPS,SPACAPS,BSE,,1,0.05,2026-07-05 08:48:17.051738+00
541890,SPACEINCUBA,SPACEINCUBA,BSE,,1,0.01,2026-07-05 08:48:17.051738+00
540048,SPAL,SPAL,BSE,,1,0.05,2026-07-05 08:48:17.051738+00
542759,SPANDANA,SPANDANA,BSE,,1,0.05,2026-07-05 08:48:17.051738+00
531370,SPAR,SPAR,BSE,,1,0.01,2026-07-05 08:48:17.051738+00
532872,SPARC,SPARC,BSE,,1,0.05,2026-07-05 08:48:17.051738+00
530037,SPARKLEGR,SPARKLEGR,BSE,,1,0.01,2026-07-05 08:48:17.051738+00
530289,SPCAPIT,SPCAPIT,BSE,,1,0.01,2026-07-05 08:48:17.051738+00
531982,SPECFOOD,SPECFOOD,BSE,,1,0.01,2026-07-05 08:48:17.051738+00
534425,SPECIALITY,SPECIALITY,BSE,,1,0.05,2026-07-05 08:48:17.051738+00
513687,SPECTRA,SPECTRA,BSE,,1,0.01,2026-07-05 08:48:17.051738+00
544386,SPECTRUM,SPECTRUM,BSE,,1,0.05,2026-07-05 08:48:17.051738+00
517166,SPELS,SPELS,BSE,,1,0.05,2026-07-05 08:48:17.051738+00
542337,SPENCERS,SPENCERS,BSE,,1,0.01,2026-07-05 08:48:17.051738+00
526161,SPENTA,SPENTA,BSE,,1,0.01,2026-07-05 08:48:17.051738+00
590030,SPIC,SPIC,BSE,,1,0.01,2026-07-05 08:48:17.051738+00
526827,SPICEISLIN,SPICEISLIN,BSE,,1,0.05,2026-07-05 08:48:17.051738+00
500285,SPICEJET,SPICEJET,BSE,,1,0.01,2026-07-05 08:48:17.051738+00
539895,SPICELOUNG,SPICELOUNG,BSE,,1,0.01,2026-07-05 08:48:17.051738+00
544392,SPINAROO,SPINAROO,BSE,,2000,0.01,2026-07-05 08:48:17.051738+00
543464,SPITZE,SPITZE,BSE,,1000,0.01,2026-07-05 08:48:17.051738+00
544035,SPL,SPL,BSE,,1600,0.01,2026-07-05 08:48:17.051738+00
532651,SPLIL,SPLIL,BSE,,1,0.01,2026-07-05 08:48:17.051738+00
500405,SPLPETRO,SPLPETRO,BSE,,1,0.05,2026-07-05 08:48:17.051738+00
544738,SPML,SPML,BSE,,1000,0.05,2026-07-05 08:48:17.051738+00
500402,SPMLINFRA,SPMLINFRA,BSE,,1,0.05,2026-07-05 08:48:17.051738+00
539221,SPORTKING,SPORTKING,BSE,,1,0.05,2026-07-05 08:48:17.051738+00
540079,SPRAYKING,SPRAYKING,BSE,,1,0.01,2026-07-05 08:48:17.051738+00
531205,SPRIGHT,SPRIGHT,BSE,,1,0.01,2026-07-05 08:48:17.051738+00
533110,SPSL,SPSL,BSE,,1,0.01,2026-07-05 08:48:17.051738+00
519238,SPTRSHI,SPTRSHI,BSE,,1,0.01,2026-07-05 08:48:17.051738+00
512221,SPVGLOBAL,SPVGLOBAL,BSE,,1,0.01,2026-07-05 08:48:17.051738+00
531359,SRAMSET,SRAMSET,BSE,,1,0.05,2026-07-05 08:48:17.051738+00
542232,SRD,SRD,BSE,,1,0.01,2026-07-05 08:48:17.051738+00
514248,SRECR,SRECR,BSE,,100,0.01,2026-07-05 08:48:17.051738+00
535601,SREEL,SREEL,BSE,,1,0.05,2026-07-05 08:48:17.051738+00
539217,SRESTHA,SRESTHA,BSE,,1,0.01,2026-07-05 08:48:17.051738+00
503806,SRF,SRF,BSE,,1,0.05,2026-07-05 08:48:17.051738+00
536710,SRGFFL,SRGFFL,BSE,,3000,0.01,2026-07-05 08:48:17.051738+00
534680,SRGHFL,SRGHFL,BSE,,1,0.05,2026-07-05 08:48:17.051738+00
532842,SRHHYPOLTD,SRHHYPOLTD,BSE,,1,0.05,2026-07-05 08:48:17.051738+00
518053,SRICC,SRICC,BSE,,1,0.01,2026-07-05 08:48:17.051738+00
544399,SRIGEE,SRIGEE,BSE,,1200,0.01,2026-07-05 08:48:17.051738+00
514442,SRIKPRIND,SRIKPRIND,BSE,,1,0.01,2026-07-05 08:48:17.051738+00
521234,SRINACHA,SRINACHA,BSE,,1,0.01,2026-07-05 08:48:17.051738+00
544158,SRM,SRM,BSE,,1,0.05,2026-07-05 08:48:17.051738+00
521178,SRMCL,SRMCL,BSE,,1,0.01,2026-07-05 08:48:17.051738+00
523222,SRMENERGY,SRMENERGY,BSE,,1,0.01,2026-07-05 08:48:17.051738+00
543615,SRSOLTD,SRSOLTD,BSE,,800,0.01,2026-07-05 08:48:17.051738+00
544716,SRTL,SRTL,BSE,,1,0.01,2026-07-05 08:48:17.051738+00
540914,SRUSTEELS,SRUSTEELS,BSE,,1,0.01,2026-07-05 08:48:17.051738+00
544230,SSDL,SSDL,BSE,,1,0.01,2026-07-05 08:48:17.051738+00
890221,SSFLPP,SSFLPP,BSE,,1,0.05,2026-07-05 08:48:17.051738+00
544251,SSL,SSL,BSE,,1600,0.01,2026-07-05 08:48:17.051738+00
544621,SSMD,SSMD,BSE,,1000,0.01,2026-07-05 08:48:17.051738+00
530821,SSPDL,SSPDL,BSE,,1,0.01,2026-07-05 08:48:17.051738+00
539026,SSPNFIN,SSPNFIN,BSE,,4000,0.01,2026-07-05 08:48:17.051738+00
543461,SSTL,SSTL,BSE,,5000,0.01,2026-07-05 08:48:17.051738+00
513262,SSWL,SSWL,BSE,,1,0.05,2026-07-05 08:48:17.051738+00
513488,SSWRL,SSWRL,BSE,,1,0.01,2026-07-05 08:48:17.051738+00
544171,STAL,STAL,BSE,,800,0.01,2026-07-05 08:48:17.051738+00
544342,STALLION,STALLION,BSE,,1,0.05,2026-07-05 08:48:17.051738+00
544659,STANBIK,STANBIK,BSE,,4000,0.01,2026-07-05 08:48:17.051738+00
511700,STANCAP,STANCAP,BSE,,1,0.01,2026-07-05 08:48:17.051738+00
544202,STANLEY,STANLEY,BSE,,1,0.05,2026-07-05 08:48:17.051738+00
530931,STANPACK,STANPACK,BSE,,1,0.01,2026-07-05 08:48:17.051738+00
506105,STANROS,STANROS,BSE,,1,0.01,2026-07-05 08:48:17.051738+00
532531,STAR,STAR,BSE,,1,0.05,2026-07-05 08:48:17.051738+00
540575,STARCEMENT,STARCEMENT,BSE,,1,0.05,2026-07-05 08:48:17.051738+00
539255,STARDELTA,STARDELTA,BSE,,1,0.05,2026-07-05 08:48:17.051738+00
543412,STARHEALTH,STARHEALTH,BSE,,1,0.05,2026-07-05 08:48:17.051738+00
539017,STARHFL,STARHFL,BSE,,1,0.01,2026-07-05 08:48:17.051738+00
544482,STARIMAGIN,STARIMAGIN,BSE,,1000,0.01,2026-07-05 08:48:17.051738+00
540492,STARLENT,STARLENT,BSE,,1,0.01,2026-07-05 08:48:17.051738+00
520155,STARLOG,STARLOG,BSE,,1,0.01,2026-07-05 08:48:17.051738+00
516022,STARPAPER,STARPAPER,BSE,,1,0.05,2026-07-05 08:48:17.051738+00
506365,STARSOURCE,STARSOURCE,BSE,,1,0.01,2026-07-05 08:48:17.051738+00
512381,STARTECK,STARTECK,BSE,,1,0.05,2026-07-05 08:48:17.051738+00
512531,STCINDIA,STCINDIA,BSE,,1,0.05,2026-07-05 08:48:17.051738+00
514197,STCORP,STCORP,BSE,,1,0.01,2026-07-05 08:48:17.051738+00
504180,STDBAT,STDBAT,BSE,,1,0.01,2026-07-05 08:48:17.051738+00
526231,STDSFAC,STDSFAC,BSE,,1,0.01,2026-07-05 08:48:17.051738+00
513517,STEELCAS,STEELCAS,BSE,,1,0.05,2026-07-05 08:48:17.051738+00
534748,STEELXIND,STEELXIND,BSE,,1,0.01,2026-07-05 08:48:17.051738+00
533316,STEL,STEL,BSE,,1,0.05,2026-07-05 08:48:17.051738+00
526071,STELLANT,STELLANT,BSE,,1,0.05,2026-07-05 08:48:17.051738+00
536738,STELLAR,STELLAR,BSE,,6000,0.01,2026-07-05 08:48:17.051738+00
531509,STEP2COR,STEP2COR,BSE,,1,0.01,2026-07-05 08:48:17.051738+00
513575,STERPOW,STERPOW,BSE,,1,0.01,2026-07-05 08:48:17.051738+00
530759,STERTOOLS,STERTOOLS,BSE,,1,0.05,2026-07-05 08:48:17.051738+00
516108,STHINPA,STHINPA,BSE,,1,0.05,2026-07-05 08:48:17.051738+00
540738,STL,STL,BSE,,1,0.01,2026-07-05 08:48:17.051738+00
544395,STLNETWORK,STLNETWORK,BSE,,1,0.01,2026-07-05 08:48:17.051738+00
513173,STLSTRINF,STLSTRINF,BSE,,1,0.01,2026-07-05 08:48:17.051738+00
532374,STLTECH,STLTECH,BSE,,1,0.05,2026-07-05 08:48:17.051738+00
543622,STML,STML,BSE,,1200,0.01,2026-07-05 08:48:17.051738+00
504959,STOVACQ,STOVACQ,BSE,,1,0.05,2026-07-05 08:48:17.051738+00
543260,STOVEKRAFT,STOVEKRAFT,BSE,,1,0.05,2026-07-05 08:48:17.051738+00
541633,STRAEXPO,STRAEXPO,BSE,,1,0.01,2026-07-05 08:48:17.051738+00
530495,STRATMONT,STRATMONT,BSE,,1,0.01,2026-07-05 08:48:17.051738+00
526500,STRGRENWO,STRGRENWO,BSE,,1,0.01,2026-07-05 08:48:17.051738+00
544599,STUDDS,STUDDS,BSE,,1,0.05,2026-07-05 08:48:17.051738+00
544533,STYL,STYL,BSE,,1,0.05,2026-07-05 08:48:17.051738+00
526951,STYLAMIND,STYLAMIND,BSE,,1,0.05,2026-07-05 08:48:17.051738+00
544243,STYLEBAAZA,STYLEBAAZA,BSE,,1,0.05,2026-07-05 08:48:17.051738+00
506222,STYRENIX,STYRENIX,BSE,,1,0.05,2026-07-05 08:48:17.051738+00
544267,SUBAM,SUBAM,BSE,,800,0.05,2026-07-05 08:48:17.051738+00
532348,SUBEXLTD,SUBEXLTD,BSE,,1,0.01,2026-07-05 08:48:17.051738+00
517168,SUBROS,SUBROS,BSE,,1,0.05,2026-07-05 08:48:17.051738+00
530231,SUBSM,SUBSM,BSE,,1,0.01,2026-07-05 08:48:17.051738+00
530883,SUCROSA,SUCROSA,BSE,,1,0.01,2026-07-05 08:48:17.051738+00
506003,SUDAI,SUDAI,BSE,,1,0.01,2026-07-05 08:48:17.051738+00
506390,SUDARCOLOR,SUDARCOLOR,BSE,,1,0.05,2026-07-05 08:48:17.051738+00
506655,SUDARSCHEM,SUDARSCHEM,BSE,,1,0.05,2026-07-05 08:48:17.051738+00
543828,SUDARSHAN,SUDARSHAN,BSE,,4000,0.01,2026-07-05 08:48:17.051738+00
544619,SUDEEPPHRM,SUDEEPPHRM,BSE,,1,0.05,2026-07-05 08:48:17.051738+00
521113,SUDTIND-B,SUDTIND-B,BSE,,1,0.01,2026-07-05 08:48:17.051738+00
540318,SUERYAAKNI,SUERYAAKNI,BSE,,1,0.01,2026-07-05 08:48:17.051738+00
511654,SUGALDAM,SUGALDAM,BSE,,1,0.01,2026-07-05 08:48:17.051738+00
544501,SUGSLLOYD,SUGSLLOYD,BSE,,1000,0.05,2026-07-05 08:48:17.051738+00
539117,SUJALA,SUJALA,BSE,,1,0.01,2026-07-05 08:48:17.051738+00
524542,SUKHJITS,SUKHJITS,BSE,,1,0.05,2026-07-05 08:48:17.051738+00
543711,SULA,SULA,BSE,,1,0.05,2026-07-05 08:48:17.051738+00
508969,SULABEN,SULABEN,BSE,,1,0.01,2026-07-05 08:48:17.051738+00
530419,SUMEDHA,SUMEDHA,BSE,,1,0.01,2026-07-05 08:48:17.051738+00
751123,SUMEET-RE,SUMEET-RE,BSE,,1,0.01,2026-07-05 08:48:17.051738+00
514211,SUMEETINDS,SUMEETINDS,BSE,,1,0.01,2026-07-05 08:48:17.051738+00
530445,SUMERUIND,SUMERUIND,BSE,,1,0.01,2026-07-05 08:48:17.051738+00
542920,SUMICHEM,SUMICHEM,BSE,,1,0.05,2026-07-05 08:48:17.051738+00
533306,SUMMITSEC,SUMMITSEC,BSE,,1,0.05,2026-07-05 08:48:17.051738+00
530795,SUNCITYSY,SUNCITYSY,BSE,,1,0.01,2026-07-05 08:48:17.051738+00
544066,SUNCLAY,SUNCLAY,BSE,,1,0.05,2026-07-05 08:48:17.051738+00
533166,SUNDARAM,SUNDARAM,BSE,,1,0.01,2026-07-05 08:48:17.051738+00
590071,SUNDARMFIN,SUNDARMFIN,BSE,,1,0.05,2026-07-05 08:48:17.051738+00
590072,SUNDRMBRAK,SUNDRMBRAK,BSE,,1,0.05,2026-07-05 08:48:17.051738+00
500403,SUNDRMFAST,SUNDRMFAST,BSE,,1,0.05,2026-07-05 08:48:17.051738+00
500215,SUNDROP,SUNDROP,BSE,,1,0.05,2026-07-05 08:48:17.051738+00
500404,SUNFLAG,SUNFLAG,BSE,,1,0.05,2026-07-05 08:48:17.051738+00
531433,SUNGOLD,SUNGOLD,BSE,,1,0.01,2026-07-05 08:48:17.051738+00
530953,SUNILAGR,SUNILAGR,BSE,,1,0.01,2026-07-05 08:48:17.051738+00
521232,SUNILTX,SUNILTX,BSE,,100,0.01,2026-07-05 08:48:17.051738+00
544001,SUNITATOOL,SUNITATOOL,BSE,,125,0.05,2026-07-05 08:48:17.051738+00
537253,SUNLOC,SUNLOC,BSE,,1,0.01,2026-07-05 08:48:17.051738+00
524715,SUNPHARMA,SUNPHARMA,BSE,,1,0.05,2026-07-05 08:48:17.051738+00
523425,SUNRAJDI,SUNRAJDI,BSE,,1,0.01,2026-07-05 08:48:17.051738+00
539300,SUNRAKSHAK,SUNRAKSHAK,BSE,,1,0.05,2026-07-05 08:48:17.051738+00
542025,SUNRETAIL,SUNRETAIL,BSE,,48000,0.01,2026-07-05 08:48:17.051738+00
501110,SUNRINV,SUNRINV,BSE,,1,0.01,2026-07-05 08:48:17.051738+00
530845,SUNSHIEL,SUNSHIEL,BSE,,1,0.05,2026-07-05 08:48:17.051738+00
544566,SUNSKY,SUNSKY,BSE,,1500,0.01,2026-07-05 08:48:17.051738+00
512179,SUNTECK,SUNTECK,BSE,,1,0.05,2026-07-05 08:48:17.051738+00
532733,SUNTV,SUNTV,BSE,,1,0.05,2026-07-05 08:48:17.051738+00
512527,SUPER,SUPER,BSE,,1,0.05,2026-07-05 08:48:17.051738+00
530735,SUPERBAK,SUPERBAK,BSE,,1,0.01,2026-07-05 08:48:17.051738+00
523283,SUPERHOUSE,SUPERHOUSE,BSE,,1,0.05,2026-07-05 08:48:17.051738+00
539835,SUPERIOR,SUPERIOR,BSE,,1,0.01,2026-07-05 08:48:17.051738+00
544381,SUPERIRON,SUPERIRON,BSE,,1200,0.01,2026-07-05 08:48:17.051738+00
541701,SUPERSHAKT,SUPERSHAKT,BSE,,300,0.05,2026-07-05 08:48:17.051738+00
521180,SUPERSPIN,SUPERSPIN,BSE,,1,0.01,2026-07-05 08:48:17.051738+00
526133,SUPERTEX,SUPERTEX,BSE,,1,0.01,2026-07-05 08:48:17.051738+00
539561,SUPHA,SUPHA,BSE,,1,0.01,2026-07-05 08:48:17.051738+00
532509,SUPRAJIT,SUPRAJIT,BSE,,1,0.05,2026-07-05 08:48:17.051738+00
540168,SUPRAPFSL,SUPRAPFSL,BSE,,1,0.01,2026-07-05 08:48:17.051738+00
511539,SUPRATRE,SUPRATRE,BSE,,1,0.01,2026-07-05 08:48:17.051738+00
530677,SUPREME,SUPREME,BSE,,1,0.01,2026-07-05 08:48:17.051738+00
509930,SUPREMEIND,SUPREMEIND,BSE,,1,0.05,2026-07-05 08:48:17.051738+00
532904,SUPREMEINF,SUPREMEINF,BSE,,1,0.01,2026-07-05 08:48:17.051738+00
543434,SUPRIYA,SUPRIYA,BSE,,1,0.05,2026-07-05 08:48:17.051738+00
523842,SUPTANERY,SUPTANERY,BSE,,1,0.01,2026-07-05 08:48:17.051738+00
518075,SURAJ,SURAJ,BSE,,1,0.05,2026-07-05 08:48:17.051738+00
544054,SURAJEST,SURAJEST,BSE,,1,0.05,2026-07-05 08:48:17.051738+00
890226,SURAJINDPP,SURAJINDPP,BSE,,1,0.01,2026-07-05 08:48:17.051738+00
531638,SURAJLTD,SURAJLTD,BSE,,1,0.05,2026-07-05 08:48:17.051738+00
544293,SURAKSHA,SURAKSHA,BSE,,1,0.05,2026-07-05 08:48:17.051738+00
533298,SURANASOL,SURANASOL,BSE,,1,0.01,2026-07-05 08:48:17.051738+00
517530,SURANAT&P,SURANAT&P,BSE,,1,0.01,2026-07-05 08:48:17.051738+00
530185,SURATRAML,SURATRAML,BSE,,1,0.01,2026-07-05 08:48:17.051738+00
514260,SURBHIN,SURBHIN,BSE,,1,0.01,2026-07-05 08:48:17.051738+00
519604,SURFI,SURFI,BSE,,1,0.01,2026-07-05 08:48:17.051738+00
526211,SURJIND,SURJIND,BSE,,1,0.01,2026-07-05 08:48:17.051738+00
533101,SURYAAMBA,SURYAAMBA,BSE,,1,0.05,2026-07-05 08:48:17.051738+00
539253,SURYAINDIA,SURYAINDIA,BSE,,1,0.01,2026-07-05 08:48:17.051738+00
514138,SURYALA,SURYALA,BSE,,1,0.05,2026-07-05 08:48:17.051738+00
521200,SURYALAXMI,SURYALAXMI,BSE,,1,0.01,2026-07-05 08:48:17.051738+00
500336,SURYAROSNI,SURYAROSNI,BSE,,1,0.05,2026-07-05 08:48:17.051738+00
543279,SURYODAY,SURYODAY,BSE,,1,0.05,2026-07-05 08:48:17.051738+00
544793,SUSAN,SUSAN,BSE,,1000,0.05,2026-07-05 08:48:17.051738+00
532782,SUTLEJTEX,SUTLEJTEX,BSE,,1,0.01,2026-07-05 08:48:17.051738+00
530239,SUVEN,SUVEN,BSE,,1,0.05,2026-07-05 08:48:17.051738+00
543281,SUVIDHAA,SUVIDHAA,BSE,,1,0.01,2026-07-05 08:48:17.051738+00
537259,SUYOG,SUYOG,BSE,,1,0.05,2026-07-05 08:48:17.051738+00
532667,SUZLON,SUZLON,BSE,,1,0.01,2026-07-05 08:48:17.051738+00
531885,SVAINDIA,SVAINDIA,BSE,,100,0.01,2026-07-05 08:48:17.051738+00
523722,SVAMSOF,SVAMSOF,BSE,,1,0.01,2026-07-05 08:48:17.051738+00
512257,SVARTCORP,SVARTCORP,BSE,,1,0.01,2026-07-05 08:48:17.051738+00
524488,SVCIND,SVCIND,BSE,,1,0.01,2026-07-05 08:48:17.051738+00
535621,SVGLOBAL,SVGLOBAL,BSE,,1,0.05,2026-07-05 08:48:17.051738+00
543799,SVJ,SVJ,BSE,,250,0.05,2026-07-05 08:48:17.051738+00
505590,SVPGLOB,SVPGLOB,BSE,,1,0.01,2026-07-05 08:48:17.051738+00
543373,SVRL,SVRL,BSE,,500,0.05,2026-07-05 08:48:17.051738+00
543745,SVS,SVS,BSE,,6000,0.01,2026-07-05 08:48:17.051738+00
503659,SW1,SW1,BSE,,1,0.05,2026-07-05 08:48:17.051738+00
506863,SWADEIN,SWADEIN,BSE,,1,0.01,2026-07-05 08:48:17.051738+00
531039,SWADHATURE,SWADHATURE,BSE,,1,0.01,2026-07-05 08:48:17.051738+00
503816,SWADPOL,SWADPOL,BSE,,1,0.01,2026-07-05 08:48:17.051738+00
539406,SWAGTAM,SWAGTAM,BSE,,1,0.01,2026-07-05 08:48:17.051738+00
544082,SWANAGRO,SWANAGRO,BSE,,2000,0.01,2026-07-05 08:48:17.051738+00
503310,SWANCORP,SWANCORP,BSE,,1,0.05,2026-07-05 08:48:17.051738+00
533107,SWANDEF,SWANDEF,BSE,,1,0.05,2026-07-05 08:48:17.051738+00
500407,SWARAJENG,SWARAJENG,BSE,,1,0.05,2026-07-05 08:48:17.051738+00
526365,SWARNSAR,SWARNSAR,BSE,,1,0.01,2026-07-05 08:48:17.051738+00
544368,SWASTH,SWASTH,BSE,,1200,0.01,2026-07-05 08:48:17.051738+00
530585,SWASTIKA,SWASTIKA,BSE,,1,0.01,2026-07-05 08:48:17.051738+00
544452,SWASTIKAAL,SWASTIKAAL,BSE,,2000,0.01,2026-07-05 08:48:17.051738+00
510245,SWASTIVI,SWASTIVI,BSE,,1,0.01,2026-07-05 08:48:17.051738+00
543914,SWATIPRO,SWATIPRO,BSE,,1,0.01,2026-07-05 08:48:17.051738+00
532051,SWELECTES,SWELECTES,BSE,,1,0.05,2026-07-05 08:48:17.051738+00
544285,SWIGGY,SWIGGY,BSE,,1,0.05,2026-07-05 08:48:17.051738+00
523558,SWISSMLTRY,SWISSMLTRY,BSE,,1,0.01,2026-07-05 08:48:17.051738+00
517201,SWITCHTE,SWITCHTE,BSE,,1,0.05,2026-07-05 08:48:17.051738+00
530217,SWOJAS,SWOJAS,BSE,,1,0.01,2026-07-05 08:48:17.051738+00
531003,SWRNASE,SWRNASE,BSE,,1,0.01,2026-07-05 08:48:17.051738+00
542760,SWSOLAR,SWSOLAR,BSE,,1,0.05,2026-07-05 08:48:17.051738+00
511447,SYLPH,SYLPH,BSE,,1,0.01,2026-07-05 08:48:17.051738+00
539278,SYMBIOX,SYMBIOX,BSE,,1,0.01,2026-07-05 08:48:17.051738+00
517385,SYMPHONY,SYMPHONY,BSE,,1,0.05,2026-07-05 08:48:17.051738+00
524470,SYNCOMF,SYNCOMF,BSE,,1,0.01,2026-07-05 08:48:17.051738+00
539268,SYNGENE,SYNGENE,BSE,,1,0.05,2026-07-05 08:48:17.051738+00
543573,SYRMA,SYRMA,BSE,,1,0.05,2026-07-05 08:48:17.051738+00
531173,SYSCHEM,SYSCHEM,BSE,,1,0.01,2026-07-05 08:48:17.051738+00
544541,SYSTEMATIC,SYSTEMATIC,BSE,,600,0.05,2026-07-05 08:48:17.051738+00
526506,SYSTMTXC,SYSTMTXC,BSE,,1,0.01,2026-07-05 08:48:17.051738+00
531432,SYTIXSE,SYTIXSE,BSE,,1,0.01,2026-07-05 08:48:17.051738+00
539956,TAALTECH,TAALTECH,BSE,,1,0.05,2026-07-05 08:48:17.051738+00
516032,TAHMARENT,TAHMARENT,BSE,,1,0.01,2026-07-05 08:48:17.051738+00
519483,TAIIND,TAIIND,BSE,,1,0.01,2026-07-05 08:48:17.051738+00
507785,TAINWALCHM,TAINWALCHM,BSE,,1,0.05,2026-07-05 08:48:17.051738+00
532390,TAJGVK,TAJGVK,BSE,,1,0.05,2026-07-05 08:48:17.051738+00
532890,TAKE,TAKE,BSE,,1,0.01,2026-07-05 08:48:17.051738+00
544471,TAKYON,TAKYON,BSE,,2000,0.01,2026-07-05 08:48:17.051738+00
505160,TALBROAUTO,TALBROAUTO,BSE,,1,0.05,2026-07-05 08:48:17.051738+00
538987,TALBROSENG,TALBROSENG,BSE,,1,0.05,2026-07-05 08:48:17.051738+00
533170,TAMBOLIIN,TAMBOLIIN,BSE,,1,0.05,2026-07-05 08:48:17.051738+00
522229,TANAA,TANAA,BSE,,1,0.05,2026-07-05 08:48:17.051738+00
512062,TANDHANIN,TANDHANIN,BSE,,1,0.05,2026-07-05 08:48:17.051738+00
506854,TANFACIND,TANFACIND,BSE,,1,0.05,2026-07-05 08:48:17.051738+00
532790,TANLA,TANLA,BSE,,1,0.05,2026-07-05 08:48:17.051738+00
540332,TANVI,TANVI,BSE,,1000,0.01,2026-07-05 08:48:17.051738+00
505685,TAPARIA,TAPARIA,BSE,,1,0.01,2026-07-05 08:48:17.051738+00
519285,TARAI,TARAI,BSE,,1,0.01,2026-07-05 08:48:17.051738+00
533203,TARAPUR,TARAPUR,BSE,,1,0.01,2026-07-05 08:48:17.051738+00
543249,TARC,TARC,BSE,,1,0.05,2026-07-05 08:48:17.051738+00
532928,TARIL,TARIL,BSE,,1,0.05,2026-07-05 08:48:17.051738+00
538496,TARINI,TARINI,BSE,,3000,0.01,2026-07-05 08:48:17.051738+00
532869,TARMAT,TARMAT,BSE,,1,0.01,2026-07-05 08:48:17.051738+00
543399,TARSONS,TARSONS,BSE,,1,0.05,2026-07-05 08:48:17.051738+00
512271,TASHIND,TASHIND,BSE,,1,0.05,2026-07-05 08:48:17.051738+00
519091,TASTYBITE,TASTYBITE,BSE,,1,0.05,2026-07-05 08:48:17.051738+00
544574,TATACAP,TATACAP,BSE,,1,0.05,2026-07-05 08:48:17.051738+00
500770,TATACHEM,TATACHEM,BSE,,1,0.05,2026-07-05 08:48:17.051738+00
500483,TATACOMM,TATACOMM,BSE,,1,0.05,2026-07-05 08:48:17.051738+00
500800,TATACONSUM,TATACONSUM,BSE,,1,0.05,2026-07-05 08:48:17.051738+00
500408,TATAELXSI,TATAELXSI,BSE,,1,0.05,2026-07-05 08:48:17.051738+00
501301,TATAINVEST,TATAINVEST,BSE,,1,0.05,2026-07-05 08:48:17.051738+00
500400,TATAPOWER,TATAPOWER,BSE,,1,0.05,2026-07-05 08:48:17.051738+00
500470,TATASTEEL,TATASTEEL,BSE,,1,0.05,2026-07-05 08:48:17.051738+00
544028,TATATECH,TATATECH,BSE,,1,0.05,2026-07-05 08:48:17.051738+00
521228,TATIAGLOB,TATIAGLOB,BSE,,1,0.01,2026-07-05 08:48:17.051738+00
543321,TATVA,TATVA,BSE,,1,0.05,2026-07-05 08:48:17.051738+00
544174,TBOTEK,TBOTEK,BSE,,1,0.05,2026-07-05 08:48:17.051738+00
534369,TBZ,TBZ,BSE,,1,0.05,2026-07-05 08:48:17.051738+00
512038,TCC,TCC,BSE,,1,0.05,2026-07-05 08:48:17.051738+00
532284,TCFCFINQ,TCFCFINQ,BSE,,1,0.01,2026-07-05 08:48:17.051738+00
532349,TCI,TCI,BSE,,1,0.05,2026-07-05 08:48:17.051738+00
540212,TCIEXP,TCIEXP,BSE,,1,0.05,2026-07-05 08:48:17.051738+00
501242,TCIFINANCE,TCIFINANCE,BSE,,1,0.01,2026-07-05 08:48:17.051738+00
532262,TCIIND,TCIIND,BSE,,1,0.05,2026-07-05 08:48:17.051738+00
524156,TCMLMTD,TCMLMTD,BSE,,1,0.01,2026-07-05 08:48:17.051738+00
523301,TCPLPACK,TCPLPACK,BSE,,1,0.05,2026-07-05 08:48:17.051738+00
532540,TCS,TCS,BSE,,1,0.05,2026-07-05 08:48:17.051738+00
533553,TDPOWERSYS,TDPOWERSYS,BSE,,1,0.05,2026-07-05 08:48:17.051738+00
540955,TDSL,TDSL,BSE,,1,0.01,2026-07-05 08:48:17.051738+00
500458,TEAM24,TEAM24,BSE,,1,0.01,2026-07-05 08:48:17.051738+00
511559,TEAMGTY,TEAMGTY,BSE,,1,0.05,2026-07-05 08:48:17.051738+00
539658,TEAMLEASE,TEAMLEASE,BSE,,1,0.05,2026-07-05 08:48:17.051738+00
543472,TECH,TECH,BSE,,1,0.01,2026-07-05 08:48:17.051738+00
509917,TECHCON,TECHCON,BSE,,1,0.01,2026-07-05 08:48:17.051738+00
543991,TECHKGREEN,TECHKGREEN,BSE,,400,0.05,2026-07-05 08:48:17.051738+00
532755,TECHM,TECHM,BSE,,1,0.05,2026-07-05 08:48:17.051738+00
544327,TECHNICHEM,TECHNICHEM,BSE,,2000,0.01,2026-07-05 08:48:17.051738+00
542141,TECHNOE,TECHNOE,BSE,,1,0.05,2026-07-05 08:48:17.051738+00
543656,TECHNOPACK,TECHNOPACK,BSE,,4000,0.01,2026-07-05 08:48:17.051738+00
501421,TECHNVISN,TECHNVISN,BSE,,1,0.05,2026-07-05 08:48:17.051738+00
506680,TECILCHEM,TECILCHEM,BSE,,1,0.01,2026-07-05 08:48:17.051738+00
524204,TEEAI,TEEAI,BSE,,1,0.05,2026-07-05 08:48:17.051738+00
543413,TEGA,TEGA,BSE,,1,0.05,2026-07-05 08:48:17.051738+00
540595,TEJASNET,TEJASNET,BSE,,1,0.05,2026-07-05 08:48:17.051738+00
531628,TEJASSVI,TEJASSVI,BSE,,1,0.01,2026-07-05 08:48:17.051738+00
539428,TEJNAKSH,TEJNAKSH,BSE,,1,0.01,2026-07-05 08:48:17.051738+00
530595,TELECANOR,TELECANOR,BSE,,1,0.01,2026-07-05 08:48:17.051738+00
544544,TELGE,TELGE,BSE,,1200,0.05,2026-07-05 08:48:17.051738+00
532975,TELOGICA,TELOGICA,BSE,,1,0.01,2026-07-05 08:48:17.051738+00
544612,TENNIND,TENNIND,BSE,,1,0.05,2026-07-05 08:48:17.051738+00
530533,TERAI,TERAI,BSE,,1,0.05,2026-07-05 08:48:17.051738+00
533982,TERASOFT,TERASOFT,BSE,,1,0.05,2026-07-05 08:48:17.051738+00
506162,TERRAFORM,TERRAFORM,BSE,,50,0.01,2026-07-05 08:48:17.051738+00
512157,TERRAREAL,TERRAREAL,BSE,,50,0.01,2026-07-05 08:48:17.051738+00
526638,TEXELIN,TEXELIN,BSE,,1,0.01,2026-07-05 08:48:17.051738+00
505400,TEXINFRA,TEXINFRA,BSE,,1,0.05,2026-07-05 08:48:17.051738+00
533164,TEXMOPIPES,TEXMOPIPES,BSE,,1,0.01,2026-07-05 08:48:17.051738+00
533326,TEXRAIL,TEXRAIL,BSE,,1,0.05,2026-07-05 08:48:17.051738+00
526650,TFCILTD,TFCILTD,BSE,,1,0.01,2026-07-05 08:48:17.051738+00
532812,TFL,TFL,BSE,,1,0.01,2026-07-05 08:48:17.051738+00
539488,TFLL,TFLL,BSE,,1,0.01,2026-07-05 08:48:17.051738+00
539468,TFSL,TFSL,BSE,,1,0.01,2026-07-05 08:48:17.051738+00
532845,TGBHOTELS,TGBHOTELS,BSE,,1,0.01,2026-07-05 08:48:17.051738+00
544175,TGIF,TGIF,BSE,,1200,0.05,2026-07-05 08:48:17.051738+00
507753,TGVSL,TGVSL,BSE,,1,0.05,2026-07-05 08:48:17.051738+00
509945,THACKER,THACKER,BSE,,1,0.05,2026-07-05 08:48:17.051738+00
526654,THAKDEV,THAKDEV,BSE,,1,0.05,2026-07-05 08:48:17.051738+00
507530,THAKKERS,THAKKERS,BSE,,1,0.01,2026-07-05 08:48:17.051738+00
509015,THAKRAL,THAKRAL,BSE,,1,0.01,2026-07-05 08:48:17.051738+00
533158,THANGAMAYL,THANGAMAYL,BSE,,1,0.05,2026-07-05 08:48:17.051738+00
530023,THEINVEST,THEINVEST,BSE,,1,0.01,2026-07-05 08:48:17.051738+00
544408,THELEELA,THELEELA,BSE,,1,0.05,2026-07-05 08:48:17.051738+00
530199,THEMISMED,THEMISMED,BSE,,1,0.05,2026-07-05 08:48:17.051738+00
500411,THERMAX,THERMAX,BSE,,1,0.05,2026-07-05 08:48:17.051738+00
539310,THINKINK,THINKINK,BSE,,1,0.01,2026-07-05 08:48:17.051738+00
500413,THOMASCOOK,THOMASCOOK,BSE,,1,0.05,2026-07-05 08:48:17.051738+00
533941,THOMASCOTT,THOMASCOTT,BSE,,1,0.05,2026-07-05 08:48:17.051738+00
544214,THREEMPAPE,THREEMPAPE,BSE,,2000,0.01,2026-07-05 08:48:17.051738+00
523120,THRIVE,THRIVE,BSE,,1,0.01,2026-07-05 08:48:17.051738+00
539871,THYROCARE,THYROCARE,BSE,,1,0.05,2026-07-05 08:48:17.051738+00
507205,TI,TI,BSE,,1,0.05,2026-07-05 08:48:17.051738+00
532738,TICL,TICL,BSE,,1,0.01,2026-07-05 08:48:17.051738+00
543531,TIERRA,TIERRA,BSE,,1,0.01,2026-07-05 08:48:17.051738+00
536264,TIGERLOGS,TIGERLOGS,BSE,,1,0.01,2026-07-05 08:48:17.051738+00
522294,TIGLOB,TIGLOB,BSE,,1,0.05,2026-07-05 08:48:17.051738+00
523752,TIHIL,TIHIL,BSE,,1,0.01,2026-07-05 08:48:17.051738+00
532804,TIIL,TIIL,BSE,,1,0.05,2026-07-05 08:48:17.051738+00
540762,TIINDIA,TIINDIA,BSE,,1,0.05,2026-07-05 08:48:17.051738+00
533629,TIJARIA,TIJARIA,BSE,,1,0.01,2026-07-05 08:48:17.051738+00
505196,TIL,TIL,BSE,,1,0.05,2026-07-05 08:48:17.051738+00
503663,TILAK,TILAK,BSE,,1,0.01,2026-07-05 08:48:17.051738+00
543310,TIMESGREEN,TIMESGREEN,BSE,,4000,0.01,2026-07-05 08:48:17.051738+00
532856,TIMETECHNO,TIMETECHNO,BSE,,1,0.05,2026-07-05 08:48:17.051738+00
500414,TIMEX,TIMEX,BSE,,1,0.05,2026-07-05 08:48:17.051738+00
522113,TIMKEN,TIMKEN,BSE,,1,0.05,2026-07-05 08:48:17.051738+00
530475,TINNARUBR,TINNARUBR,BSE,,1,0.05,2026-07-05 08:48:17.051738+00
544740,TIPCO,TIPCO,BSE,,1600,0.05,2026-07-05 08:48:17.051738+00
543614,TIPSFILMS,TIPSFILMS,BSE,,1,0.05,2026-07-05 08:48:17.051738+00
532375,TIPSMUSIC,TIPSMUSIC,BSE,,1,0.05,2026-07-05 08:48:17.051738+00
531814,TIRSARJ,TIRSARJ,BSE,,1,0.01,2026-07-05 08:48:17.051738+00
526675,TIRTPLS,TIRTPLS,BSE,,1,0.01,2026-07-05 08:48:17.051738+00
540904,TIRUFOAM,TIRUFOAM,BSE,,1,0.01,2026-07-05 08:48:17.051738+00
500412,TIRUMALCHM,TIRUMALCHM,BSE,,1,0.05,2026-07-05 08:48:17.051738+00
539040,TIRUPATIIN,TIRUPATIIN,BSE,,1,0.01,2026-07-05 08:48:17.051738+00
524582,TIRUSTA,TIRUSTA,BSE,,1,0.05,2026-07-05 08:48:17.051738+00
539985,TITAANIUM,TITAANIUM,BSE,,1000,0.01,2026-07-05 08:48:17.051738+00
532966,TITAGARH,TITAGARH,BSE,,1,0.05,2026-07-05 08:48:17.051738+00
500114,TITAN,TITAN,BSE,,1,0.05,2026-07-05 08:48:17.051738+00
524717,TITANBIO,TITANBIO,BSE,,1,0.05,2026-07-05 08:48:17.051738+00
521005,TITANIN,TITANIN,BSE,,1,0.01,2026-07-05 08:48:17.051738+00
530045,TITANSEC,TITANSEC,BSE,,1,0.01,2026-07-05 08:48:17.051738+00
543616,TLL,TLL,BSE,,600,0.05,2026-07-05 08:48:17.051738+00
543596,TMB,TMB,BSE,,1,0.05,2026-07-05 08:48:17.051738+00
544569,TMCV,TMCV,BSE,,1,0.05,2026-07-05 08:48:17.051738+00
500570,TMPV,TMPV,BSE,,1,0.05,2026-07-05 08:48:17.051738+00
500777,TNPETRO,TNPETRO,BSE,,1,0.01,2026-07-05 08:48:17.051738+00
531426,TNPL,TNPL,BSE,,1,0.05,2026-07-05 08:48:17.051738+00
523419,TNTELE,TNTELE,BSE,,1,0.01,2026-07-05 08:48:17.051738+00
531644,TOKYOFIN,TOKYOFIN,BSE,,1,0.01,2026-07-05 08:48:17.051738+00
500418,TOKYOPLAST,TOKYOPLAST,BSE,,1,0.01,2026-07-05 08:48:17.051738+00
544254,TOLINS,TOLINS,BSE,,1,0.05,2026-07-05 08:48:17.051738+00
544194,TOP100CASE,TOP100CASE,BSE,,1,0.01,2026-07-05 08:48:17.051738+00
544247,TOP10ADD,TOP10ADD,BSE,,1,0.01,2026-07-05 08:48:17.051738+00
544427,TOP15IETF,TOP15IETF,BSE,,1,0.01,2026-07-05 08:48:17.051738+00
544660,TOP20,TOP20,BSE,,1,0.01,2026-07-05 08:48:17.051738+00
500420,TORNTPHARM,TORNTPHARM,BSE,,1,0.05,2026-07-05 08:48:17.051738+00
532779,TORNTPOWER,TORNTPOWER,BSE,,1,0.05,2026-07-05 08:48:17.051738+00
544186,TOTEM,TOTEM,BSE,,1,0.05,2026-07-05 08:48:17.051738+00
538607,TOYAMSL,TOYAMSL,BSE,,1,0.01,2026-07-05 08:48:17.051738+00
533048,TPHQ,TPHQ,BSE,,1,0.01,2026-07-05 08:48:17.051738+00
500421,TPINDIA,TPINDIA,BSE,,1,0.01,2026-07-05 08:48:17.051738+00
526582,TPLPLASTEH,TPLPLASTEH,BSE,,1,0.01,2026-07-05 08:48:17.051738+00
538464,TPROJECT,TPROJECT,BSE,,1,0.01,2026-07-05 08:48:17.051738+00
526139,TRABI,TRABI,BSE,,1,0.01,2026-07-05 08:48:17.051738+00
543638,TRACXN,TRACXN,BSE,,1,0.01,2026-07-05 08:48:17.051738+00
544594,TRADEUNO,TRADEUNO,BSE,,1200,0.01,2026-07-05 08:48:17.051738+00
531203,TRADEWELL,TRADEWELL,BSE,,1,0.01,2026-07-05 08:48:17.051738+00
509953,TRADWIN,TRADWIN,BSE,,1,0.05,2026-07-05 08:48:17.051738+00
509003,TRANOCE,TRANOCE,BSE,,1,0.01,2026-07-05 08:48:17.051738+00
500422,TRANSCHEM,TRANSCHEM,BSE,,1,0.05,2026-07-05 08:48:17.051738+00
532410,TRANSCOR,TRANSCOR,BSE,,1,0.01,2026-07-05 08:48:17.051738+00
519367,TRANSFD,TRANSFD,BSE,,1,0.05,2026-07-05 08:48:17.051738+00
513063,TRANSFRE,TRANSFRE,BSE,,1,0.01,2026-07-05 08:48:17.051738+00
542765,TRANSPACT,TRANSPACT,BSE,,500,0.05,2026-07-05 08:48:17.051738+00
506687,TRANSPEK,TRANSPEK,BSE,,1,0.05,2026-07-05 08:48:17.051738+00
544317,TRANSRAILL,TRANSRAILL,BSE,,1,0.05,2026-07-05 08:48:17.051738+00
543754,TRANSVOY,TRANSVOY,BSE,,800,0.01,2026-07-05 08:48:17.051738+00
520151,TRANSWORLD,TRANSWORLD,BSE,,1,0.05,2026-07-05 08:48:17.051738+00
542923,TRANWAY21,TRANWAY21,BSE,,10000,0.01,2026-07-05 08:48:17.051738+00
544443,TRAVELFOOD,TRAVELFOOD,BSE,,1,0.05,2026-07-05 08:48:17.051738+00
544242,TRAVELS,TRAVELS,BSE,,3000,0.01,2026-07-05 08:48:17.051738+00
533540,TREEHOUSE,TREEHOUSE,BSE,,1,0.01,2026-07-05 08:48:17.051738+00
542233,TREJHARA,TREJHARA,BSE,,1,0.05,2026-07-05 08:48:17.051738+00
543955,TREL,TREL,BSE,,1,0.01,2026-07-05 08:48:17.051738+00
500251,TRENT,TRENT,BSE,,1,0.05,2026-07-05 08:48:17.051738+00
532159,TRESCON,TRESCON,BSE,,1,0.01,2026-07-05 08:48:17.051738+00
505854,TRF,TRF,BSE,,1,0.05,2026-07-05 08:48:17.051738+00
531716,TRICOMFRU,TRICOMFRU,BSE,,1,0.01,2026-07-05 08:48:17.051738+00
521064,TRIDENT,TRIDENT,BSE,,1,0.01,2026-07-05 08:48:17.051738+00
517562,TRIGYN,TRIGYN,BSE,,1,0.01,2026-07-05 08:48:17.051738+00
509046,TRILIANCE,TRILIANCE,BSE,,1,0.01,2026-07-05 08:48:17.051738+00
531846,TRINITYLEA,TRINITYLEA,BSE,,1,0.01,2026-07-05 08:48:17.051738+00
534755,TRIOMERC,TRIOMERC,BSE,,1,0.01,2026-07-05 08:48:17.051738+00
512101,TRIPR,TRIPR,BSE,,1,0.01,2026-07-05 08:48:17.051738+00
531279,TRISHAKT,TRISHAKT,BSE,,1,0.05,2026-07-05 08:48:17.051738+00
505978,TRITONV,TRITONV,BSE,,1,0.05,2026-07-05 08:48:17.051738+00
533655,TRITURBINE,TRITURBINE,BSE,,1,0.05,2026-07-05 08:48:17.051738+00
532131,TRIUMPIN,TRIUMPIN,BSE,,1,0.01,2026-07-05 08:48:17.051738+00
532356,TRIVENI,TRIVENI,BSE,,1,0.05,2026-07-05 08:48:17.051738+00
538569,TRIVENIENT,TRIVENIENT,BSE,,1,0.01,2026-07-05 08:48:17.051738+00
502281,TRIVENIGQ,TRIVENIGQ,BSE,,1,0.01,2026-07-05 08:48:17.051738+00
541228,TRL,TRL,BSE,,1,0.01,2026-07-05 08:48:17.051738+00
540268,TRU,TRU,BSE,,1,0.01,2026-07-05 08:48:17.051738+00
544545,TRUALT,TRUALT,BSE,,1,0.05,2026-07-05 08:48:17.051738+00
544531,TRUECOLORS,TRUECOLORS,BSE,,600,0.05,2026-07-05 08:48:17.051738+00
533407,TRUEGREEN,TRUEGREEN,BSE,,1,0.05,2026-07-05 08:48:17.051738+00
532056,TRUSTEDGE,TRUSTEDGE,BSE,,1,0.05,2026-07-05 08:48:17.051738+00
544649,TSIFDG,TSIFDG,BSE,,1,0.01,2026-07-05 08:48:17.051738+00
544650,TSIFDIR,TSIFDIR,BSE,,1,0.01,2026-07-05 08:48:17.051738+00
544651,TSIFRG,TSIFRG,BSE,,1,0.01,2026-07-05 08:48:17.051738+00
544652,TSIFRIP,TSIFRIP,BSE,,1,0.01,2026-07-05 08:48:17.051738+00
544653,TSIFRIR,TSIFRIR,BSE,,1,0.01,2026-07-05 08:48:17.051738+00
532444,TSPIRITUAL,TSPIRITUAL,BSE,,1,0.01,2026-07-05 08:48:17.051738+00
544303,TTC,TTC,BSE,,300,0.05,2026-07-05 08:48:17.051738+00
540726,TTFL,TTFL,BSE,,1,0.01,2026-07-05 08:48:17.051738+00
512018,TTGIL,TTGIL,BSE,,1,0.01,2026-07-05 08:48:17.051738+00
538597,TTIENT,TTIENT,BSE,,1,0.01,2026-07-05 08:48:17.051738+00
507747,TTKHLTCARE,TTKHLTCARE,BSE,,1,0.05,2026-07-05 08:48:17.051738+00
517506,TTKPRESTIG,TTKPRESTIG,BSE,,1,0.05,2026-07-05 08:48:17.051738+00
514142,TTL,TTL,BSE,,1,0.01,2026-07-05 08:48:17.051738+00
514236,TTLEL,TTLEL,BSE,,1,0.01,2026-07-05 08:48:17.051738+00
532371,TTML,TTML,BSE,,1,0.01,2026-07-05 08:48:17.051738+00
524514,TULASEEBIOE,TULASEEBIOE,BSE,,100,0.01,2026-07-05 08:48:17.051738+00
513629,TULSYAN,TULSYAN,BSE,,1,0.01,2026-07-05 08:48:17.051738+00
531411,TUNITEX,TUNITEX,BSE,,1,0.01,2026-07-05 08:48:17.051738+00
544799,TURTLEMINT,TURTLEMINT,BSE,,1,0.05,2026-07-05 08:48:17.051738+00
531301,TUSALDAH,TUSALDAH,BSE,,1,0.05,2026-07-05 08:48:17.051738+00
506808,TUTIALKA,TUTIALKA,BSE,,1,0.01,2026-07-05 08:48:17.051738+00
511096,TVOLCON,TVOLCON,BSE,,1,0.01,2026-07-05 08:48:17.051738+00
532513,TVSELECT,TVSELECT,BSE,,1,0.05,2026-07-05 08:48:17.051738+00
520056,TVSHLTD,TVSHLTD,BSE,,1,0.05,2026-07-05 08:48:17.051738+00
532343,TVSMOTOR,TVSMOTOR,BSE,,1,0.05,2026-07-05 08:48:17.051738+00
543965,TVSSCS,TVSSCS,BSE,,1,0.05,2026-07-05 08:48:17.051738+00
509243,TVSSRICHAK,TVSSRICHAK,BSE,,1,0.05,2026-07-05 08:48:17.051738+00
532515,TVTODAY,TVTODAY,BSE,,1,0.05,2026-07-05 08:48:17.051738+00
540083,TVVISION,TVVISION,BSE,,1,0.01,2026-07-05 08:48:17.051738+00
512117,TWIROST,TWIROST,BSE,,1,0.01,2026-07-05 08:48:17.051738+00
532384,TYCHE,TYCHE,BSE,,1,0.05,2026-07-05 08:48:17.051738+00
512307,TYPHOON,TYPHOON,BSE,,1,0.01,2026-07-05 08:48:17.051738+00
526945,TYROON,TYROON,BSE,,1,0.01,2026-07-05 08:48:17.051738+00
532478,UBL,UBL,BSE,,1,0.05,2026-07-05 08:48:17.051738+00
500464,UCAL,UCAL,BSE,,1,0.05,2026-07-05 08:48:17.051738+00
541358,UCIL,UCIL,BSE,,1,0.05,2026-07-05 08:48:17.051738+00
532505,UCOBANK,UCOBANK,BSE,,1,0.01,2026-07-05 08:48:17.051738+00
539518,UDAYJEW,UDAYJEW,BSE,,1,0.05,2026-07-05 08:48:17.051738+00
543996,UDS,UDS,BSE,,1,0.05,2026-07-05 08:48:17.051738+00
533644,UEL,UEL,BSE,,1,0.05,2026-07-05 08:48:17.051738+00
543283,UFBL,UFBL,BSE,,1,0.05,2026-07-05 08:48:17.051738+00
500148,UFLEX,UFLEX,BSE,,1,0.05,2026-07-05 08:48:17.051738+00
531610,UFMINDL,UFMINDL,BSE,,1,0.01,2026-07-05 08:48:17.051738+00
539141,UFO,UFO,BSE,,1,0.01,2026-07-05 08:48:17.051738+00
530363,UGARSUGAR,UGARSUGAR,BSE,,1,0.01,2026-07-05 08:48:17.051738+00
511742,UGROCAP,UGROCAP,BSE,,1,0.01,2026-07-05 08:48:17.051738+00
544779,UHMVL,UHMVL,BSE,,800,0.01,2026-07-05 08:48:17.051738+00
541338,UHZAVERI,UHZAVERI,BSE,,1,0.01,2026-07-05 08:48:17.051738+00
542904,UJJIVANSFB,UJJIVANSFB,BSE,,1,0.01,2026-07-05 08:48:17.051738+00
538706,ULTRACAB,ULTRACAB,BSE,,1,0.01,2026-07-05 08:48:17.051738+00
532538,ULTRACEMCO,ULTRACEMCO,BSE,,1,0.05,2026-07-05 08:48:17.051738+00
506685,ULTRAMAR,ULTRAMAR,BSE,,1,0.05,2026-07-05 08:48:17.051738+00
543513,UMAEXPORTS,UMAEXPORTS,BSE,,1,0.01,2026-07-05 08:48:17.051738+00
532398,UMESLTD,UMESLTD,BSE,,1,0.01,2026-07-05 08:48:17.051738+00
539798,UMIYA,UMIYA,BSE,,1,0.01,2026-07-05 08:48:17.051738+00
532376,UMIYA-MRO,UMIYA-MRO,BSE,,1,0.01,2026-07-05 08:48:17.051738+00
544464,UML,UML,BSE,,2000,0.01,2026-07-05 08:48:17.051738+00
504605,UNIABEXAL,UNIABEXAL,BSE,,1,0.05,2026-07-05 08:48:17.051738+00
539314,UNIAUTO,UNIAUTO,BSE,,1,0.01,2026-07-05 08:48:17.051738+00
506690,UNICHEMLAB,UNICHEMLAB,BSE,,1,0.05,2026-07-05 08:48:17.051738+00
541503,UNICK,UNICK,BSE,,1,0.01,2026-07-05 08:48:17.051738+00
522014,UNIDT,UNIDT,BSE,,1,0.05,2026-07-05 08:48:17.051738+00
544227,UNIECOM,UNIECOM,BSE,,1,0.01,2026-07-05 08:48:17.051738+00
500429,UNIENTER,UNIENTER,BSE,,1,0.05,2026-07-05 08:48:17.051738+00
544406,UNIFIED,UNIFIED,BSE,,400,0.05,2026-07-05 08:48:17.051738+00
503671,UNIJOLL,UNIJOLL,BSE,,1,0.01,2026-07-05 08:48:17.051738+00
544322,UNIMECH,UNIMECH,BSE,,1,0.05,2026-07-05 08:48:17.051738+00
532477,UNIONBANK,UNIONBANK,BSE,,1,0.05,2026-07-05 08:48:17.051738+00
543689,UNIPARTS,UNIPARTS,BSE,,1,0.05,2026-07-05 08:48:17.051738+00
530997,UNIQUEO,UNIQUEO,BSE,,1,0.01,2026-07-05 08:48:17.051738+00
521226,UNIROYAL,UNIROYAL,BSE,,1,0.01,2026-07-05 08:48:17.051738+00
544648,UNISEM,UNISEM,BSE,,2000,0.01,2026-07-05 08:48:17.051738+00
537582,UNISHIRE,UNISHIRE,BSE,,10000,0.01,2026-07-05 08:48:17.051738+00
538610,UNISON,UNISON,BSE,,1,0.01,2026-07-05 08:48:17.051738+00
531091,UNITDCR,UNITDCR,BSE,,1,0.01,2026-07-05 08:48:17.051738+00
532432,UNITDSPR,UNITDSPR,BSE,,1,0.05,2026-07-05 08:48:17.051738+00
507878,UNITECH,UNITECH,BSE,,1,0.01,2026-07-05 08:48:17.051738+00
502893,UNITEDINT,UNITEDINT,BSE,,1,0.01,2026-07-05 08:48:17.051738+00
544756,UNITEDPOLY,UNITEDPOLY,BSE,,1,0.01,2026-07-05 08:48:17.051738+00
531867,UNITINT,UNITINT,BSE,,1,0.01,2026-07-05 08:48:17.051738+00
532378,UNIVARTS,UNIVARTS,BSE,,1,0.01,2026-07-05 08:48:17.051738+00
504212,UNIVCABLES,UNIVCABLES,BSE,,1,0.05,2026-07-05 08:48:17.051738+00
542933,UNIVPHOTO,UNIVPHOTO,BSE,,1,0.05,2026-07-05 08:48:17.051738+00
524408,UNIVSTAR,UNIVSTAR,BSE,,1,0.05,2026-07-05 08:48:17.051738+00
512408,UNIWSEC,UNIWSEC,BSE,,1,0.01,2026-07-05 08:48:17.051738+00
531762,UNJHAFOR,UNJHAFOR,BSE,,1,0.01,2026-07-05 08:48:17.051738+00
532539,UNOMINDA,UNOMINDA,BSE,,1,0.05,2026-07-05 08:48:17.051738+00
526113,UNRYLMA,UNRYLMA,BSE,,1,0.01,2026-07-05 08:48:17.051738+00
507808,UNTTEMI,UNTTEMI,BSE,,50,0.01,2026-07-05 08:48:17.051738+00
509960,UPHOT,UPHOT,BSE,,1,0.05,2026-07-05 08:48:17.051738+00
512070,UPL,UPL,BSE,,1,0.05,2026-07-05 08:48:17.051738+00
540189,UPROTECH,UPROTECH,BSE,,1,0.01,2026-07-05 08:48:17.051738+00
531390,UPSURGE,UPSURGE,BSE,,1,0.01,2026-07-05 08:48:17.051738+00
543930,URAVIDEF,URAVIDEF,BSE,,1,0.05,2026-07-05 08:48:17.051738+00
544515,URBANCO,URBANCO,BSE,,1,0.05,2026-07-05 08:48:17.051738+00
526987,URJA,URJA,BSE,,1,0.01,2026-07-05 08:48:17.051738+00
539097,URSUGAR,URSUGAR,BSE,,1,0.01,2026-07-05 08:48:17.051738+00
532402,USGTECH,USGTECH,BSE,,1,0.01,2026-07-05 08:48:17.051738+00
511507,USHAKIRA,USHAKIRA,BSE,,1,0.01,2026-07-05 08:48:17.051738+00
517146,USHAMART,USHAMART,BSE,,1,0.05,2026-07-05 08:48:17.051738+00
543861,USK,USK,BSE,,1,0.01,2026-07-05 08:48:17.051738+00
543238,UTIAMC,UTIAMC,BSE,,1,0.05,2026-07-05 08:48:17.051738+00
500014,UTIQUE,UTIQUE,BSE,,1,0.01,2026-07-05 08:48:17.051738+00
543942,UTKARSHBNK,UTKARSHBNK,BSE,,1,0.01,2026-07-05 08:48:17.051738+00
500426,UTLINDS,UTLINDS,BSE,,1,0.01,2026-07-05 08:48:17.051738+00
544613,UTLSOLAR,UTLSOLAR,BSE,,1,0.05,2026-07-05 08:48:17.051738+00
532729,UTTAMSUGAR,UTTAMSUGAR,BSE,,1,0.05,2026-07-05 08:48:17.051738+00
522091,UVDRHOR,UVDRHOR,BSE,,1,0.01,2026-07-05 08:48:17.051738+00
531652,UVS,UVS,BSE,,1,0.01,2026-07-05 08:48:17.051738+00
530579,UYFINCORP,UYFINCORP,BSE,,1,0.01,2026-07-05 08:48:17.051738+00
532867,V2RETAIL,V2RETAIL,BSE,,1,0.05,2026-07-05 08:48:17.051738+00
532320,VAARAD,VAARAD,BSE,,1,0.01,2026-07-05 08:48:17.051738+00
519156,VADILALIND,VADILALIND,BSE,,1,0.05,2026-07-05 08:48:17.051738+00
519152,VADILENT,VADILENT,BSE,,1,0.05,2026-07-05 08:48:17.051738+00
544778,VAHH,VAHH,BSE,,2000,0.01,2026-07-05 08:48:17.051738+00
532156,VAIBHAVGBL,VAIBHAVGBL,BSE,,1,0.05,2026-07-05 08:48:17.051738+00
526941,VAICC,VAICC,BSE,,100,0.01,2026-07-05 08:48:17.051738+00
511431,VAKRANGEE,VAKRANGEE,BSE,,1,0.01,2026-07-05 08:48:17.051738+00
544275,VAL30IETF,VAL30IETF,BSE,,1,0.01,2026-07-05 08:48:17.051738+00
542910,VALENCIA,VALENCIA,BSE,,1500,0.01,2026-07-05 08:48:17.051738+00
526775,VALIANT,VALIANT,BSE,,1,0.05,2026-07-05 08:48:17.051738+00
543998,VALIANTLAB,VALIANTLAB,BSE,,1,0.01,2026-07-05 08:48:17.051738+00
540145,VALIANTORG,VALIANTORG,BSE,,1,0.05,2026-07-05 08:48:17.051738+00
544433,VALINDIA,VALINDIA,BSE,,1200,0.01,2026-07-05 08:48:17.051738+00
513397,VALLABHSQ,VALLABHSQ,BSE,,1,0.01,2026-07-05 08:48:17.051738+00
539543,VALLEY,VALLEY,BSE,,1,0.01,2026-07-05 08:48:17.051738+00
544565,VALPLAST,VALPLAST,BSE,,2000,0.01,2026-07-05 08:48:17.051738+00
530459,VALSONQ,VALSONQ,BSE,,1,0.01,2026-07-05 08:48:17.051738+00
544737,VALUE,VALUE,BSE,,1,0.01,2026-07-05 08:48:17.051738+00
544382,VALUEAXIS,VALUEAXIS,BSE,,1,0.01,2026-07-05 08:48:17.051738+00
512175,VAMA,VAMA,BSE,,1,0.01,2026-07-05 08:48:17.051738+00
544780,VAML,VAML,BSE,,1,0.05,2026-07-05 08:48:17.051738+00
530369,VAMSHIRU,VAMSHIRU,BSE,,1,0.01,2026-07-05 08:48:17.051738+00
544436,VANDAN,VANDAN,BSE,,1200,0.01,2026-07-05 08:48:17.051738+00
544329,VANDU,VANDU,BSE,,2000,0.01,2026-07-05 08:48:17.051738+00
538918,VANICOM,VANICOM,BSE,,1,0.01,2026-07-05 08:48:17.051738+00
540729,VANTABIO,VANTABIO,BSE,,750,0.01,2026-07-05 08:48:17.051738+00
502589,VAPIENTER,VAPIENTER,BSE,,1,0.05,2026-07-05 08:48:17.051738+00
542931,VARDHANCFL,VARDHANCFL,BSE,,1,0.01,2026-07-05 08:48:17.051738+00
514175,VARDMNPOLY,VARDMNPOLY,BSE,,1,0.01,2026-07-05 08:48:17.051738+00
540570,VARIMAN,VARIMAN,BSE,,1,0.01,2026-07-05 08:48:17.051738+00
541578,VARROC,VARROC,BSE,,1,0.05,2026-07-05 08:48:17.051738+00
512511,VARUNME,VARUNME,BSE,,1,0.01,2026-07-05 08:48:17.051738+00
544168,VARYAA,VARYAA,BSE,,1000,0.01,2026-07-05 08:48:17.051738+00
533156,VASCONEQ,VASCONEQ,BSE,,1,0.01,2026-07-05 08:48:17.051738+00
544508,VASHISHTHA,VASHISHTHA,BSE,,1200,0.01,2026-07-05 08:48:17.051738+00
531574,VASINFRA,VASINFRA,BSE,,1,0.01,2026-07-05 08:48:17.051738+00
538092,VASUPRADA,VASUPRADA,BSE,,1,0.05,2026-07-05 08:48:17.051738+00
533576,VASWANI,VASWANI,BSE,,1,0.01,2026-07-05 08:48:17.051738+00
511110,VBDESAI,VBDESAI,BSE,,1,0.01,2026-07-05 08:48:17.051738+00
539123,VBIND,VBIND,BSE,,1,0.01,2026-07-05 08:48:17.051738+00
540180,VBL,VBL,BSE,,1,0.05,2026-07-05 08:48:17.051738+00
536672,VCU,VCU,BSE,,1,0.01,2026-07-05 08:48:17.051738+00
543623,VEDANTASSET,VEDANTASSET,BSE,,1500,0.01,2026-07-05 08:48:17.051738+00
533056,VEDAVAAG,VEDAVAAG,BSE,,1,0.01,2026-07-05 08:48:17.051738+00
500295,VEDL,VEDL,BSE,,1,0.05,2026-07-05 08:48:17.051738+00
544781,VEDPOWER,VEDPOWER,BSE,,1,0.01,2026-07-05 08:48:17.051738+00
590005,VEEDOL,VEEDOL,BSE,,1,0.05,2026-07-05 08:48:17.051738+00
543931,VEEFIN,VEEFIN,BSE,,200,0.05,2026-07-05 08:48:17.051738+00
503657,VEERENRGY,VEERENRGY,BSE,,1,0.01,2026-07-05 08:48:17.051738+00
511523,VEERHEALTH,VEERHEALTH,BSE,,1,0.01,2026-07-05 08:48:17.051738+00
543545,VEERKRUPA,VEERKRUPA,BSE,,16700,0.01,2026-07-05 08:48:17.051738+00
512026,VEGA,VEGA,BSE,,1,0.01,2026-07-05 08:48:17.051738+00
542803,VEL,VEL,BSE,,1,0.01,2026-07-05 08:48:17.051738+00
526755,VELHO,VELHO,BSE,,1,0.01,2026-07-05 08:48:17.051738+00
505232,VELJAN,VELJAN,BSE,,1,0.05,2026-07-05 08:48:17.051738+00
506178,VELOX,VELOX,BSE,,1,0.01,2026-07-05 08:48:17.051738+00
523261,VENKEYS,VENKEYS,BSE,,1,0.05,2026-07-05 08:48:17.051738+00
524038,VENLONENT,VENLONENT,BSE,,1,0.01,2026-07-05 08:48:17.051738+00
531015,VENMAX,VENMAX,BSE,,1,0.01,2026-07-05 08:48:17.051738+00
544321,VENTIVE,VENTIVE,BSE,,1,0.05,2026-07-05 08:48:17.051738+00
516098,VENTURA,VENTURA,BSE,,1,0.01,2026-07-05 08:48:17.051738+00
543528,VENUSPIPES,VENUSPIPES,BSE,,1,0.05,2026-07-05 08:48:17.051738+00
526953,VENUSREM,VENUSREM,BSE,,1,0.05,2026-07-05 08:48:17.051738+00
543514,VERANDA,VERANDA,BSE,,1,0.05,2026-07-05 08:48:17.051738+00
512229,VERITAS,VERITAS,BSE,,1,0.05,2026-07-05 08:48:17.051738+00
531950,VERTEX,VERTEX,BSE,,1,0.01,2026-07-05 08:48:17.051738+00
890234,VERTEXPP,VERTEXPP,BSE,,1,0.01,2026-07-05 08:48:17.051738+00
520113,VESUVIUS,VESUVIUS,BSE,,1,0.05,2026-07-05 08:48:17.051738+00
539331,VETO,VETO,BSE,,1,0.05,2026-07-05 08:48:17.051738+00
538732,VGCL,VGCL,BSE,,1,0.01,2026-07-05 08:48:17.051738+00
543241,VGIL,VGIL,BSE,,1,0.05,2026-07-05 08:48:17.051738+00
514274,VGL,VGL,BSE,,1,0.01,2026-07-05 08:48:17.051738+00
532953,VGUARD,VGUARD,BSE,,1,0.05,2026-07-05 08:48:17.051738+00
500439,VHL,VHL,BSE,,1,0.05,2026-07-05 08:48:17.051738+00
523796,VHLTD,VHLTD,BSE,,1,0.05,2026-07-05 08:48:17.051738+00
503349,VICTMILL,VICTMILL,BSE,,1,0.05,2026-07-05 08:48:17.051738+00
531717,VIDHIING,VIDHIING,BSE,,1,0.05,2026-07-05 08:48:17.051738+00
544633,VIDYAWIRES,VIDYAWIRES,BSE,,1,0.01,2026-07-05 08:48:17.051738+00
543350,VIJAYA,VIJAYA,BSE,,1,0.05,2026-07-05 08:48:17.051738+00
537820,VIJIFIN,VIJIFIN,BSE,,1,0.01,2026-07-05 08:48:17.051738+00
531069,VIJSOLX,VIJSOLX,BSE,,1,0.05,2026-07-05 08:48:17.051738+00
531334,VIKALPS,VIKALPS,BSE,,1,0.01,2026-07-05 08:48:17.051738+00
530961,VIKASECO,VIKASECO,BSE,,1,0.01,2026-07-05 08:48:17.051738+00
542655,VIKASLIFE,VIKASLIFE,BSE,,1,0.01,2026-07-05 08:48:17.051738+00
531518,VIKASPROP,VIKASPROP,BSE,,1,0.01,2026-07-05 08:48:17.051738+00
519307,VIKASWSP,VIKASWSP,BSE,,1,0.01,2026-07-05 08:48:17.051738+00
544371,VIKRAMAR,VIKRAMAR,BSE,,1,0.01,2026-07-05 08:48:17.051738+00
544488,VIKRAMSOLR,VIKRAMSOLR,BSE,,1,0.05,2026-07-05 08:48:17.051738+00
530477,VIKRAMTH,VIKRAMTH,BSE,,1,0.05,2026-07-05 08:48:17.051738+00
544496,VIKRAN,VIKRAN,BSE,,1,0.01,2026-07-05 08:48:17.051738+00
506196,VIKSHEN,VIKSHEN,BSE,,1,0.01,2026-07-05 08:48:17.051738+00
524394,VIMTALABS,VIMTALABS,BSE,,1,0.05,2026-07-05 08:48:17.051738+00
524200,VINATIORGA,VINATIORGA,BSE,,1,0.05,2026-07-05 08:48:17.051738+00
534639,VINAYAKPOL,VINAYAKPOL,BSE,,1,0.01,2026-07-05 08:48:17.051738+00
538920,VINCOFE,VINCOFE,BSE,,1,0.05,2026-07-05 08:48:17.051738+00
517015,VINDHYATEL,VINDHYATEL,BSE,,1,0.05,2026-07-05 08:48:17.051738+00
543298,VINEETLAB,VINEETLAB,BSE,,1,0.01,2026-07-05 08:48:17.051738+00
543670,VINNY,VINNY,BSE,,1,0.01,2026-07-05 08:48:17.051738+00
526075,VINRKLB,VINRKLB,BSE,,1,0.01,2026-07-05 08:48:17.051738+00
531051,VINTAGES,VINTAGES,BSE,,1,0.01,2026-07-05 08:48:17.051738+00
512517,VINVANI,VINVANI,BSE,,1,0.01,2026-07-05 08:48:17.051738+00
524129,VINYLINDIA,VINYLINDIA,BSE,,1,0.05,2026-07-05 08:48:17.051738+00
530401,VINYOFL,VINYOFL,BSE,,1,0.01,2026-07-05 08:48:17.051738+00
532613,VIPCLOTHNG,VIPCLOTHNG,BSE,,1,0.01,2026-07-05 08:48:17.051738+00
507880,VIPIND,VIPIND,BSE,,1,0.05,2026-07-05 08:48:17.051738+00
514302,VIPPYSP,VIPPYSP,BSE,,1,0.05,2026-07-05 08:48:17.051738+00
511726,VIPULLTD,VIPULLTD,BSE,,1,0.01,2026-07-05 08:48:17.051738+00
530627,VIPULORG,VIPULORG,BSE,,1,0.05,2026-07-05 08:48:17.051738+00
530521,VIRAT,VIRAT,BSE,,1,0.05,2026-07-05 08:48:17.051738+00
519457,VIRATCRA,VIRATCRA,BSE,,1,0.01,2026-07-05 08:48:17.051738+00
532354,VIRGOGLOB,VIRGOGLOB,BSE,,1,0.01,2026-07-05 08:48:17.051738+00
532372,VIRINCHI,VIRINCHI,BSE,,1,0.01,2026-07-05 08:48:17.051738+00
534741,VIRTUALG,VIRTUALG,BSE,,1,0.01,2026-07-05 08:48:17.051738+00
512479,VIRYA,VIRYA,BSE,,1,0.05,2026-07-05 08:48:17.051738+00
532721,VISACHROME,VISACHROME,BSE,,1,0.01,2026-07-05 08:48:17.051738+00
531025,VISAGAR,VISAGAR,BSE,,1,0.01,2026-07-05 08:48:17.051738+00
509055,VISAKAIND,VISAKAIND,BSE,,1,0.01,2026-07-05 08:48:17.051738+00
538598,VISHAL,VISHAL,BSE,,1,0.01,2026-07-05 08:48:17.051738+00
539398,VISHALBL,VISHALBL,BSE,,1,0.01,2026-07-05 08:48:17.051738+00
516072,VISHNU,VISHNU,BSE,,1,0.05,2026-07-05 08:48:17.051738+00
542852,VISHWARAJ,VISHWARAJ,BSE,,1,0.01,2026-07-05 08:48:17.051738+00
526441,VISIONCINE,VISIONCINE,BSE,,1,0.01,2026-07-05 08:48:17.051738+00
531668,VISIONCO,VISIONCO,BSE,,1,0.01,2026-07-05 08:48:17.051738+00
544784,VISL,VISL,BSE,,1,0.01,2026-07-05 08:48:17.051738+00
524711,VISTAPH,VISTAPH,BSE,,1,0.01,2026-07-05 08:48:17.051738+00
538565,VISTARAMAR,VISTARAMAR,BSE,,1,0.05,2026-07-05 08:48:17.051738+00
512064,VISVEN,VISVEN,BSE,,1,0.01,2026-07-05 08:48:17.051738+00
544002,VIVAA,VIVAA,BSE,,2000,0.01,2026-07-05 08:48:17.051738+00
541735,VIVANTA,VIVANTA,BSE,,1,0.01,2026-07-05 08:48:17.051738+00
530057,VIVANZA,VIVANZA,BSE,,1,0.01,2026-07-05 08:48:17.051738+00
506146,VIVIDHA,VIVIDHA,BSE,,1,0.01,2026-07-05 08:48:17.051738+00
524576,VIVIDIND,VIVIDIND,BSE,,1,0.01,2026-07-05 08:48:17.051738+00
542046,VIVIDM,VIVIDM,BSE,,1,0.01,2026-07-05 08:48:17.051738+00
532660,VIVIMEDLAB,VIVIMEDLAB,BSE,,1,0.01,2026-07-05 08:48:17.051738+00
511509,VIVOBIOT,VIVOBIOT,BSE,,1,0.01,2026-07-05 08:48:17.051738+00
512529,VIYASH,VIYASH,BSE,,1,0.05,2026-07-05 08:48:17.051738+00
522267,VJLAXMIE,VJLAXMIE,BSE,,1,0.01,2026-07-05 08:48:17.051738+00
509026,VJTFEDU,VJTFEDU,BSE,,1,0.01,2026-07-05 08:48:17.051738+00
539761,VKAL,VKAL,BSE,,1,0.01,2026-07-05 08:48:17.051738+00
543958,VLEGOV,VLEGOV,BSE,,1,0.01,2026-07-05 08:48:17.051738+00
539167,VLL,VLL,BSE,,1,0.01,2026-07-05 08:48:17.051738+00
511333,VLSFINANCE,VLSFINANCE,BSE,,1,0.05,2026-07-05 08:48:17.051738+00
534976,VMART,VMART,BSE,,1,0.05,2026-07-05 08:48:17.051738+00
544307,VMM,VMM,BSE,,1,0.05,2026-07-05 08:48:17.051738+00
533427,VMS,VMS,BSE,,1,0.01,2026-07-05 08:48:17.051738+00
544521,VMSTMT,VMSTMT,BSE,,1,0.01,2026-07-05 08:48:17.051738+00
543597,VOEPL,VOEPL,BSE,,1,0.05,2026-07-05 08:48:17.051738+00
544782,VOGL,VOGL,BSE,,1,0.01,2026-07-05 08:48:17.051738+00
522122,VOITHPAPR,VOITHPAPR,BSE,,1,0.05,2026-07-05 08:48:17.051738+00
506122,VOLKAI,VOLKAI,BSE,,1,0.01,2026-07-05 08:48:17.051738+00
509038,VOLLF,VOLLF,BSE,,1,0.01,2026-07-05 08:48:17.051738+00
532757,VOLTAMP,VOLTAMP,BSE,,1,0.05,2026-07-05 08:48:17.051738+00
500575,VOLTAS,VOLTAS,BSE,,1,0.05,2026-07-05 08:48:17.051738+00
544765,VPAL,VPAL,BSE,,1600,0.05,2026-07-05 08:48:17.051738+00
544011,VPL,VPL,BSE,,1200,0.01,2026-07-05 08:48:17.051738+00
543974,VPRPL,VPRPL,BSE,,1,0.01,2026-07-05 08:48:17.051738+00
544204,VRAJ,VRAJ,BSE,,1,0.05,2026-07-05 08:48:17.051738+00
542654,VRFILMS,VRFILMS,BSE,,1,0.01,2026-07-05 08:48:17.051738+00
538634,VRL,VRL,BSE,,1,0.05,2026-07-05 08:48:17.051738+00
539118,VRLLOG,VRLLOG,BSE,,1,0.05,2026-07-05 08:48:17.051738+00
544157,VRUDDHI,VRUDDHI,BSE,,500,0.05,2026-07-05 08:48:17.051738+00
531696,VSDCONF,VSDCONF,BSE,,1,0.01,2026-07-05 08:48:17.051738+00
519331,VSFPROJ,VSFPROJ,BSE,,1,0.01,2026-07-05 08:48:17.051738+00
540252,VSL,VSL,BSE,,1,0.01,2026-07-05 08:48:17.051738+00
534392,VSSL,VSSL,BSE,,1,0.05,2026-07-05 08:48:17.051738+00
509966,VSTIND,VSTIND,BSE,,1,0.05,2026-07-05 08:48:17.051738+00
544124,VSTL,VSTL,BSE,,1,0.05,2026-07-05 08:48:17.051738+00
531266,VSTTILLERS,VSTTILLERS,BSE,,1,0.05,2026-07-05 08:48:17.051738+00
502986,VTL,VTL,BSE,,1,0.05,2026-07-05 08:48:17.051738+00
532893,VTMLTD,VTMLTD,BSE,,1,0.01,2026-07-05 08:48:17.051738+00
544219,VVIPIL,VVIPIL,BSE,,600,0.05,2026-07-05 08:48:17.051738+00
517399,VXLINSTR,VXLINSTR,BSE,,1,0.01,2026-07-05 08:48:17.051738+00
541445,WAA,WAA,BSE,,800,0.01,2026-07-05 08:48:17.051738+00
539337,WAAREE,WAAREE,BSE,,175,0.05,2026-07-05 08:48:17.051738+00
544277,WAAREEENER,WAAREEENER,BSE,,1,0.05,2026-07-05 08:48:17.051738+00
533257,WAAREEINDO,WAAREEINDO,BSE,,1,0.05,2026-07-05 08:48:17.051738+00
534618,WAAREERTL,WAAREERTL,BSE,,1,0.05,2026-07-05 08:48:17.051738+00
533269,WABAG,WABAG,BSE,,1,0.05,2026-07-05 08:48:17.051738+00
503675,WAGEND,WAGEND,BSE,,1,0.01,2026-07-05 08:48:17.051738+00
544642,WAKEFIT,WAKEFIT,BSE,,1,0.05,2026-07-05 08:48:17.051738+00
507410,WALCHANNAG,WALCHANNAG,BSE,,1,0.05,2026-07-05 08:48:17.051738+00
501370,WALCHPF,WALCHPF,BSE,,1,0.05,2026-07-05 08:48:17.051738+00
532053,WALLFORT,WALLFORT,BSE,,1,0.01,2026-07-05 08:48:17.051738+00
524212,WANBURY,WANBURY,BSE,,1,0.05,2026-07-05 08:48:17.051738+00
512063,WARDHEALTH,WARDHEALTH,BSE,,50,0.01,2026-07-05 08:48:17.051738+00
538970,WARDINMOBI,WARDINMOBI,BSE,,1,0.01,2026-07-05 08:48:17.051738+00
539132,WARDWIZFBL,WARDWIZFBL,BSE,,1,0.01,2026-07-05 08:48:17.051738+00
508494,WARRENTEA,WARRENTEA,BSE,,1,0.01,2026-07-05 08:48:17.051738+00
523660,WATERBASE,WATERBASE,BSE,,1,0.01,2026-07-05 08:48:17.051738+00
544258,WCIL,WCIL,BSE,,1,0.05,2026-07-05 08:48:17.051738+00
544536,WEALTH,WEALTH,BSE,,1,0.05,2026-07-05 08:48:17.051738+00
517498,WEBELSOLAR,WEBELSOLAR,BSE,,1,0.05,2026-07-05 08:48:17.051738+00
523011,WEIZMANIND,WEIZMANIND,BSE,,1,0.01,2026-07-05 08:48:17.051738+00
543449,WEL,WEL,BSE,,1,0.05,2026-07-05 08:48:17.051738+00
532144,WELCORP,WELCORP,BSE,,1,0.05,2026-07-05 08:48:17.051738+00
524661,WELCURE,WELCURE,BSE,,1,0.01,2026-07-05 08:48:17.051738+00
532553,WELENT,WELENT,BSE,,1,0.05,2026-07-05 08:48:17.051738+00
533252,WELINV,WELINV,BSE,,1,0.05,2026-07-05 08:48:17.051738+00
500365,WELSPLSOL,WELSPLSOL,BSE,,1,0.01,2026-07-05 08:48:17.051738+00
514162,WELSPUNLIV,WELSPUNLIV,BSE,,1,0.05,2026-07-05 08:48:17.051738+00
526431,WELTI,WELTI,BSE,,1,0.01,2026-07-05 08:48:17.051738+00
505412,WENDT,WENDT,BSE,,1,0.05,2026-07-05 08:48:17.051738+00
532373,WEPSOLN,WEPSOLN,BSE,,1,0.01,2026-07-05 08:48:17.051738+00
538382,WESTLEIRES,WESTLEIRES,BSE,,1,0.01,2026-07-05 08:48:17.051738+00
505533,WESTLIFE,WESTLIFE,BSE,,1,0.05,2026-07-05 08:48:17.051738+00
543535,WEWIN,WEWIN,BSE,,1,0.01,2026-07-05 08:48:17.051738+00
544570,WEWORK,WEWORK,BSE,,1,0.05,2026-07-05 08:48:17.051738+00
501391,WHBRADY,WHBRADY,BSE,,1,0.05,2026-07-05 08:48:17.051738+00
590073,WHEELS,WHEELS,BSE,,1,0.05,2026-07-05 08:48:17.051738+00
500238,WHIRLPOOL,WHIRLPOOL,BSE,,1,0.05,2026-07-05 08:48:17.051738+00
513713,WHITEORG,WHITEORG,BSE,,1,0.01,2026-07-05 08:48:17.051738+00
512431,WHITHAL,WHITHAL,BSE,,1,0.01,2026-07-05 08:48:17.051738+00
519224,WILLAMAGOR,WILLAMAGOR,BSE,,1,0.01,2026-07-05 08:48:17.051738+00
519214,WILLIMFI,WILLIMFI,BSE,,1,0.01,2026-07-05 08:48:17.051738+00
543329,WINDLAS,WINDLAS,BSE,,1,0.05,2026-07-05 08:48:17.051738+00
522029,WINDMACHIN,WINDMACHIN,BSE,,1,0.05,2026-07-05 08:48:17.051738+00
512022,WINROC,WINROC,BSE,,1,0.05,2026-07-05 08:48:17.051738+00
526471,WINSOMBR,WINSOMBR,BSE,,1,0.01,2026-07-05 08:48:17.051738+00
514348,WINSOME,WINSOME,BSE,,1,0.01,2026-07-05 08:48:17.051738+00
514470,WINSOMTX,WINSOMTX,BSE,,1,0.01,2026-07-05 08:48:17.051738+00
507685,WIPRO,WIPRO,BSE,,1,0.05,2026-07-05 08:48:17.051738+00
507817,WIREFABR,WIREFABR,BSE,,1,0.05,2026-07-05 08:48:17.051738+00
543436,WITS,WITS,BSE,,800,0.05,2026-07-05 08:48:17.051738+00
504998,WMINIMT,WMINIMT,BSE,,50,0.01,2026-07-05 08:48:17.051738+00
532300,WOCKPHARMA,WOCKPHARMA,BSE,,1,0.05,2026-07-05 08:48:17.051738+00
531396,WOMENNET,WOMENNET,BSE,,1,0.01,2026-07-05 08:48:17.051738+00
538268,WONDERLA,WONDERLA,BSE,,1,0.05,2026-07-05 08:48:17.051738+00
544610,WORKMATES,WORKMATES,BSE,,600,0.05,2026-07-05 08:48:17.051738+00
538451,WORTH,WORTH,BSE,,1,0.01,2026-07-05 08:48:17.051738+00
544577,WORTHPERI,WORTHPERI,BSE,,1,0.05,2026-07-05 08:48:17.051738+00
544636,WOSAL,WOSAL,BSE,,2000,0.01,2026-07-05 08:48:17.051738+00
505872,WPIL,WPIL,BSE,,1,0.05,2026-07-05 08:48:17.051738+00
511147,WSFX,WSFX,BSE,,1,0.01,2026-07-05 08:48:17.051738+00
504220,WSI,WSI,BSE,,1,0.01,2026-07-05 08:48:17.051738+00
500444,WSTCSTPAPR,WSTCSTPAPR,BSE,,1,0.05,2026-07-05 08:48:17.051738+00
526525,WWALUM,WWALUM,BSE,,1,0.01,2026-07-05 08:48:17.051738+00
532616,XCHANGING,XCHANGING,BSE,,1,0.01,2026-07-05 08:48:17.051738+00
542367,XELPMOC,XELPMOC,BSE,,1,0.01,2026-07-05 08:48:17.051738+00
590013,XPROINDIA,XPROINDIA,BSE,,1,0.05,2026-07-05 08:48:17.051738+00
531225,XTGLOBAL,XTGLOBAL,BSE,,1,0.01,2026-07-05 08:48:17.051738+00
538521,YAANENT,YAANENT,BSE,,1,0.05,2026-07-05 08:48:17.051738+00
544770,YAASHVI,YAASHVI,BSE,,1600,0.05,2026-07-05 08:48:17.051738+00
544676,YAJUR,YAJUR,BSE,,800,0.01,2026-07-05 08:48:17.051738+00
511012,YAMNINV,YAMNINV,BSE,,1,0.01,2026-07-05 08:48:17.051738+00
514378,YARNSYN,YARNSYN,BSE,,1,0.01,2026-07-05 08:48:17.051738+00
539939,YASHCHEM,YASHCHEM,BSE,,1,0.01,2026-07-05 08:48:17.051738+00
544708,YASHHTEJ,YASHHTEJ,BSE,,1200,0.01,2026-07-05 08:48:17.051738+00
544310,YASHHV,YASHHV,BSE,,250,0.05,2026-07-05 08:48:17.051738+00
523650,YASHINNO,YASHINNO,BSE,,1,0.01,2026-07-05 08:48:17.051738+00
511601,YASHMGM,YASHMGM,BSE,,1,0.01,2026-07-05 08:48:17.051738+00
541167,YASHO,YASHO,BSE,,1,0.05,2026-07-05 08:48:17.051738+00
530063,YASHRAJC,YASHRAJC,BSE,,1,0.01,2026-07-05 08:48:17.051738+00
543950,YATHARTH,YATHARTH,BSE,,1,0.05,2026-07-05 08:48:17.051738+00
543992,YATRA,YATRA,BSE,,1,0.05,2026-07-05 08:48:17.051738+00
532648,YESBANK,YESBANK,BSE,,1,0.01,2026-07-05 08:48:17.051738+00
511702,YOGI,YOGI,BSE,,1,0.05,2026-07-05 08:48:17.051738+00
522209,YOGISUNG,YOGISUNG,BSE,,1,0.01,2026-07-05 08:48:17.051738+00
530675,YORKEXP,YORKEXP,BSE,,1,0.01,2026-07-05 08:48:17.051738+00
540980,YSL,YSL,BSE,,1,0.05,2026-07-05 08:48:17.051738+00
540550,YUG,YUG,BSE,,5175,0.01,2026-07-05 08:48:17.051738+00
522108,YUKEN,YUKEN,BSE,,1,0.05,2026-07-05 08:48:17.051738+00
533149,YUNIKM,YUNIKM,BSE,,1,0.01,2026-07-05 08:48:17.051738+00
536846,YURANUS,YURANUS,BSE,,1,0.05,2026-07-05 08:48:17.051738+00
531663,YUVRAAJHPL,YUVRAAJHPL,BSE,,1,0.01,2026-07-05 08:48:17.051738+00
543985,ZAGGLE,ZAGGLE,BSE,,1,0.05,2026-07-05 08:48:17.051738+00
544568,ZAPPFRESH,ZAPPFRESH,BSE,,1200,0.01,2026-07-05 08:48:17.051738+00
511038,ZARCOLEA,ZARCOLEA,BSE,,1,0.01,2026-07-05 08:48:17.051738+00
523054,ZBINTXPP,ZBINTXPP,BSE,,1,0.05,2026-07-05 08:48:17.051738+00
531043,ZDHJERK,ZDHJERK,BSE,,1,0.01,2026-07-05 08:48:17.051738+00
539963,ZEAL,ZEAL,BSE,,1,0.01,2026-07-05 08:48:17.051738+00
505537,ZEEL,ZEEL,BSE,,1,0.05,2026-07-05 08:48:17.051738+00
533287,ZEELEARN,ZEELEARN,BSE,,1,0.01,2026-07-05 08:48:17.051738+00
532794,ZEEMEDIA,ZEEMEDIA,BSE,,1,0.01,2026-07-05 08:48:17.051738+00
544563,ZELIO,ZELIO,BSE,,500,0.05,2026-07-05 08:48:17.051738+00
514266,ZENIFIB,ZENIFIB,BSE,,1,0.01,2026-07-05 08:48:17.051738+00
512553,ZENITHEXPO,ZENITHEXPO,BSE,,1,0.05,2026-07-05 08:48:17.051738+00
530665,ZENITHHE,ZENITHHE,BSE,,1,0.01,2026-07-05 08:48:17.051738+00
531845,ZENITHSTL,ZENITHSTL,BSE,,1,0.01,2026-07-05 08:48:17.051738+00
530697,ZENLABS,ZENLABS,BSE,,1,0.01,2026-07-05 08:48:17.051738+00
532039,ZENOTECH,ZENOTECH,BSE,,1,0.01,2026-07-05 08:48:17.051738+00
504067,ZENSARTECH,ZENSARTECH,BSE,,1,0.05,2026-07-05 08:48:17.051738+00
533339,ZENTEC,ZENTEC,BSE,,1,0.05,2026-07-05 08:48:17.051738+00
533023,ZFCVINDIA,ZFCVINDIA,BSE,,1,0.05,2026-07-05 08:48:17.051738+00
505163,ZFSTEERING,ZFSTEERING,BSE,,1,0.05,2026-07-05 08:48:17.051738+00
502850,ZGAEKWAR,ZGAEKWAR,BSE,,1,0.01,2026-07-05 08:48:17.051738+00
501111,ZGOLDINV,ZGOLDINV,BSE,,1,0.01,2026-07-05 08:48:17.051738+00
505520,ZHEMHOLD,ZHEMHOLD,BSE,,1,0.05,2026-07-05 08:48:17.051738+00
509650,ZHINDHSG,ZHINDHSG,BSE,,1,0.01,2026-07-05 08:48:17.051738+00
513039,ZHINUDYP,ZHINUDYP,BSE,,1,0.01,2026-07-05 08:48:17.051738+00
541400,ZIMLAB,ZIMLAB,BSE,,1,0.05,2026-07-05 08:48:17.051738+00
538579,ZINEMA,ZINEMA,BSE,,4000,0.01,2026-07-05 08:48:17.051738+00
513012,ZJEETMAC,ZJEETMAC,BSE,,1,0.01,2026-07-05 08:48:17.051738+00
519064,ZKHANDEN,ZKHANDEN,BSE,,1,0.05,2026-07-05 08:48:17.051738+00
505585,ZKOVALIN,ZKOVALIN,BSE,,1,0.01,2026-07-05 08:48:17.051738+00
512303,ZMANSOON,ZMANSOON,BSE,,50,0.01,2026-07-05 08:48:17.051738+00
511018,ZMILGFIN,ZMILGFIN,BSE,,1,0.01,2026-07-05 08:48:17.051738+00
504356,ZMULTIPU,ZMULTIPU,BSE,,1,0.01,2026-07-05 08:48:17.051738+00
512004,ZNILKENG,ZNILKENG,BSE,,50,0.01,2026-07-05 08:48:17.051738+00
512245,ZNIVITRD,ZNIVITRD,BSE,,50,0.01,2026-07-05 08:48:17.051738+00
543416,ZODIAC,ZODIAC,BSE,,1,0.05,2026-07-05 08:48:17.051738+00
521163,ZODIACLOTH,ZODIACLOTH,BSE,,1,0.01,2026-07-05 08:48:17.051738+00
503641,ZODIACVEN,ZODIACVEN,BSE,,1,0.01,2026-07-05 08:48:17.051738+00
512587,ZODJRDMKJ,ZODJRDMKJ,BSE,,1,0.01,2026-07-05 08:48:17.051738+00
506042,ZPRBHSTE,ZPRBHSTE,BSE,,1,0.05,2026-07-05 08:48:17.051738+00
506640,ZR2,ZR2,BSE,,1,0.05,2026-07-05 08:48:17.051738+00
512020,ZSARACOM,ZSARACOM,BSE,,1,0.05,2026-07-05 08:48:17.051738+00
506190,ZSARVAMA,ZSARVAMA,BSE,,1,0.01,2026-07-05 08:48:17.051738+00
503893,ZSATYASL,ZSATYASL,BSE,,1,0.01,2026-07-05 08:48:17.051738+00
512367,ZSHERAPR,ZSHERAPR,BSE,,100,0.01,2026-07-05 08:48:17.051738+00
509910,ZSOUTGAS,ZSOUTGAS,BSE,,5,0.01,2026-07-05 08:48:17.051738+00
512291,ZSPEEDCO,ZSPEEDCO,BSE,,50,0.01,2026-07-05 08:48:17.051738+00
503624,ZSVARAJT,ZSVARAJT,BSE,,1,0.01,2026-07-05 08:48:17.051738+00
503622,ZSVTRADI,ZSVTRADI,BSE,,1,0.01,2026-07-05 08:48:17.051738+00
534742,ZUARI,ZUARI,BSE,,1,0.05,2026-07-05 08:48:17.051738+00
500780,ZUARIIND,ZUARIIND,BSE,,1,0.05,2026-07-05 08:48:17.051738+00
504988,ZWELCAST,ZWELCAST,BSE,,1,0.05,2026-07-05 08:48:17.051738+00
532321,ZYDUSLIFE,ZYDUSLIFE,BSE,,1,0.05,2026-07-05 08:48:17.051738+00
531335,ZYDUSWELL,ZYDUSWELL,BSE,,1,0.05,2026-07-05 08:48:17.051738+00
16921,20MICRONS,20MICRONS,NSE,,1,0.01,2026-07-05 08:48:17.051738+00
4,21STCENMGM,21STCENMGM,NSE,,1,0.01,2026-07-05 08:48:17.051738+00
13061,360ONE,360ONE,NSE,,1,0.10,2026-07-05 08:48:17.051738+00
762518,3BBLACKBIO,3BBLACKBIO,NSE,,1,0.10,2026-07-05 08:48:17.051738+00
6232,3IINFOLTD,3IINFOLTD,NSE,,1,0.01,2026-07-05 08:48:17.051738+00
474,3MINDIA,3MINDIA,NSE,,1,5.00,2026-07-05 08:48:17.051738+00
2595,3PLAND,3PLAND,NSE,,1,0.01,2026-07-05 08:48:17.051738+00
445,5PAISA,5PAISA,NSE,,1,0.05,2026-07-05 08:48:17.051738+00
11868,63MOONS,63MOONS,NSE,,1,0.05,2026-07-05 08:48:17.051738+00
20906,A2ZINFRA,A2ZINFRA,NSE,,1,0.01,2026-07-05 08:48:17.051738+00
12533,AAATECH,AAATECH,NSE,,1,0.01,2026-07-05 08:48:17.051738+00
23729,AADHARHFC,AADHARHFC,NSE,,1,0.05,2026-07-05 08:48:17.051738+00
235,AAKASH,AAKASH,NSE,,1,0.01,2026-07-05 08:48:17.051738+00
761821,AARNAV,AARNAV,NSE,,1,0.01,2026-07-05 08:48:17.051738+00
1030,AARON,AARON,NSE,,1,0.01,2026-07-05 08:48:17.051738+00
17145,AARTECH,AARTECH,NSE,,1,0.01,2026-07-05 08:48:17.051738+00
4481,AARTIDRUGS,AARTIDRUGS,NSE,,1,0.05,2026-07-05 08:48:17.051738+00
7,AARTIIND,AARTIIND,NSE,,1,0.05,2026-07-05 08:48:17.051738+00
13868,AARTIPHARM,AARTIPHARM,NSE,,1,0.05,2026-07-05 08:48:17.051738+00
19233,AARTISURF,AARTISURF,NSE,,1,0.05,2026-07-05 08:48:17.051738+00
19073,AARVI,AARVI,NSE,,1,0.01,2026-07-05 08:48:17.051738+00
5385,AAVAS,AAVAS,NSE,,1,0.10,2026-07-05 08:48:17.051738+00
13,ABB,ABB,NSE,,1,0.50,2026-07-05 08:48:17.051738+00
17903,ABBOTINDIA,ABBOTINDIA,NSE,,1,5.00,2026-07-05 08:48:17.051738+00
21614,ABCAPITAL,ABCAPITAL,NSE,,1,0.05,2026-07-05 08:48:17.051738+00
759130,ABCOTS,ABCOTS,NSE,,1,0.01,2026-07-05 08:48:17.051738+00
24308,ABDL,ABDL,NSE,,1,0.05,2026-07-05 08:48:17.051738+00
30108,ABFRL,ABFRL,NSE,,1,0.01,2026-07-05 08:48:17.051738+00
27020,ABINFRA,ABINFRA,NSE,,1,0.01,2026-07-05 08:48:17.051738+00
756843,ABLBL,ABLBL,NSE,,1,0.01,2026-07-05 08:48:17.051738+00
5549,ABMINTLLTD,ABMINTLLTD,NSE,,1,0.01,2026-07-05 08:48:17.051738+00
762528,ABMKNO,ABMKNO,NSE,,1,0.01,2026-07-05 08:48:17.051738+00
625,ABREL,ABREL,NSE,,1,0.10,2026-07-05 08:48:17.051738+00
6018,ABSLAMC,ABSLAMC,NSE,,1,0.10,2026-07-05 08:48:17.051738+00
22,ACC,ACC,NSE,,1,0.10,2026-07-05 08:48:17.051738+00
7053,ACCELYA,ACCELYA,NSE,,1,0.10,2026-07-05 08:48:17.051738+00
13587,ACE,ACE,NSE,,1,0.10,2026-07-05 08:48:17.051738+00
11779,ACEINTEG,ACEINTEG,NSE,,1,0.01,2026-07-05 08:48:17.051738+00
12024,ACI,ACI,NSE,,1,0.05,2026-07-05 08:48:17.051738+00
15420,ACL,ACL,NSE,,1,0.01,2026-07-05 08:48:17.051738+00
27061,ACMESOLAR,ACMESOLAR,NSE,,1,0.05,2026-07-05 08:48:17.051738+00
762533,ACSTECH,ACSTECH,NSE,,1,0.01,2026-07-05 08:48:17.051738+00
5578,ACUTAAS,ACUTAAS,NSE,,1,0.10,2026-07-05 08:48:17.051738+00
10217,ADANIENSOL,ADANIENSOL,NSE,,1,0.10,2026-07-05 08:48:17.051738+00
25,ADANIENT,ADANIENT,NSE,,1,0.10,2026-07-05 08:48:17.051738+00
3563,ADANIGREEN,ADANIGREEN,NSE,,1,0.10,2026-07-05 08:48:17.051738+00
15083,ADANIPORTS,ADANIPORTS,NSE,,1,0.10,2026-07-05 08:48:17.051738+00
17388,ADANIPOWER,ADANIPOWER,NSE,,1,0.01,2026-07-05 08:48:17.051738+00
19761,ADFFOODS,ADFFOODS,NSE,,1,0.05,2026-07-05 08:48:17.051738+00
245,ADL,ADL,NSE,,1,0.01,2026-07-05 08:48:17.051738+00
34,ADOR,ADOR,NSE,,1,0.10,2026-07-05 08:48:17.051738+00
4953,ADROITINFO,ADROITINFO,NSE,,1,0.01,2026-07-05 08:48:17.051738+00
14813,ADSL,ADSL,NSE,,1,0.01,2026-07-05 08:48:17.051738+00
760657,ADVAIT,ADVAIT,NSE,,1,0.10,2026-07-05 08:48:17.051738+00
759402,ADVANCE,ADVANCE,NSE,,1,0.01,2026-07-05 08:48:17.051738+00
14745,ADVANIHOTR,ADVANIHOTR,NSE,,1,0.01,2026-07-05 08:48:17.051738+00
759769,ADVENTHTL,ADVENTHTL,NSE,,1,0.01,2026-07-05 08:48:17.051738+00
18039,ADVENZYMES,ADVENZYMES,NSE,,1,0.05,2026-07-05 08:48:17.051738+00
40,AEGISLOG,AEGISLOG,NSE,,1,0.10,2026-07-05 08:48:17.051738+00
757336,AEGISVOPAK,AEGISVOPAK,NSE,,1,0.01,2026-07-05 08:48:17.051738+00
761330,AEPL,AEPL,NSE,,1,0.01,2026-07-05 08:48:17.051738+00
760234,AEQUS,AEQUS,NSE,,1,0.01,2026-07-05 08:48:17.051738+00
12015,AEROENTER,AEROENTER,NSE,,1,0.01,2026-07-05 08:48:17.051738+00
18268,AEROFLEX,AEROFLEX,NSE,,1,0.05,2026-07-05 08:48:17.051738+00
13689,AERONEU,AERONEU,NSE,,1,0.01,2026-07-05 08:48:17.051738+00
9810,AETHER,AETHER,NSE,,1,0.10,2026-07-05 08:48:17.051738+00
25977,AFCONS,AFCONS,NSE,,1,0.05,2026-07-05 08:48:17.051738+00
11343,AFFLE,AFFLE,NSE,,1,0.10,2026-07-05 08:48:17.051738+00
13288,AFSL,AFSL,NSE,,1,0.01,2026-07-05 08:48:17.051738+00
3389,AGARIND,AGARIND,NSE,,1,0.05,2026-07-05 08:48:17.051738+00
29452,AGARWALEYE,AGARWALEYE,NSE,,1,0.05,2026-07-05 08:48:17.051738+00
1412,AGI,AGI,NSE,,1,0.05,2026-07-05 08:48:17.051738+00
24445,AGIIL,AGIIL,NSE,,1,0.05,2026-07-05 08:48:17.051738+00
9046,AGROPHOS,AGROPHOS,NSE,,1,0.01,2026-07-05 08:48:17.051738+00
758968,AHCL,AHCL,NSE,,1,0.01,2026-07-05 08:48:17.051738+00
2004,AHLADA,AHLADA,NSE,,1,0.01,2026-07-05 08:48:17.051738+00
19438,AHLEAST,AHLEAST,NSE,,1,0.01,2026-07-05 08:48:17.051738+00
17833,AHLUCONT,AHLUCONT,NSE,,1,0.05,2026-07-05 08:48:17.051738+00
13086,AIAENG,AIAENG,NSE,,1,0.50,2026-07-05 08:48:17.051738+00
23553,AIIL,AIIL,NSE,,1,0.05,2026-07-05 08:48:17.051738+00
9897,AIRAN,AIRAN,NSE,,1,0.01,2026-07-05 08:48:17.051738+00
6068,AIROLAM,AIROLAM,NSE,,1,0.01,2026-07-05 08:48:17.051738+00
8124,AJANTPHARM,AJANTPHARM,NSE,,1,0.10,2026-07-05 08:48:17.051738+00
29624,AJAXENGG,AJAXENGG,NSE,,1,0.05,2026-07-05 08:48:17.051738+00
17307,AJMERA,AJMERA,NSE,,1,0.01,2026-07-05 08:48:17.051738+00
3403,AJOONI,AJOONI,NSE,,1,0.01,2026-07-05 08:48:17.051738+00
13510,AKASH,AKASH,NSE,,1,0.01,2026-07-05 08:48:17.051738+00
762538,AKCAPIT,AKCAPIT,NSE,,1,0.10,2026-07-05 08:48:17.051738+00
2176,AKG,AKG,NSE,,1,0.01,2026-07-05 08:48:17.051738+00
14890,AKI,AKI,NSE,,1,0.01,2026-07-05 08:48:17.051738+00
9558,AKSHAR,AKSHAR,NSE,,1,0.01,2026-07-05 08:48:17.051738+00
24715,AKUMS,AKUMS,NSE,,1,0.05,2026-07-05 08:48:17.051738+00
9921,ALANKIT,ALANKIT,NSE,,1,0.01,2026-07-05 08:48:17.051738+00
17256,ALBERTDAVD,ALBERTDAVD,NSE,,1,0.05,2026-07-05 08:48:17.051738+00
79,ALEMBICLTD,ALEMBICLTD,NSE,,1,0.01,2026-07-05 08:48:17.051738+00
761270,ALGOQUANT,ALGOQUANT,NSE,,1,0.01,2026-07-05 08:48:17.051738+00
13656,ALICON,ALICON,NSE,,1,0.05,2026-07-05 08:48:17.051738+00
5265,ALIVUS,ALIVUS,NSE,,1,0.10,2026-07-05 08:48:17.051738+00
11703,ALKEM,ALKEM,NSE,,1,0.50,2026-07-05 08:48:17.051738+00
4487,ALKYLAMINE,ALKYLAMINE,NSE,,1,0.10,2026-07-05 08:48:17.051738+00
13501,ALLCARGO,ALLCARGO,NSE,,1,0.01,2026-07-05 08:48:17.051738+00
11798,ALLDIGI,ALLDIGI,NSE,,1,0.05,2026-07-05 08:48:17.051738+00
758448,ALLTIME,ALLTIME,NSE,,1,0.01,2026-07-05 08:48:17.051738+00
16719,ALMONDZ,ALMONDZ,NSE,,1,0.01,2026-07-05 08:48:17.051738+00
17675,ALOKINDS,ALOKINDS,NSE,,1,0.01,2026-07-05 08:48:17.051738+00
14848,ALPA,ALPA,NSE,,1,0.01,2026-07-05 08:48:17.051738+00
14597,ALPHAGEO,ALPHAGEO,NSE,,1,0.01,2026-07-05 08:48:17.051738+00
760740,AMAGI,AMAGI,NSE,,1,0.05,2026-07-05 08:48:17.051738+00
762543,AMBALALSA,AMBALALSA,NSE,,1,0.01,2026-07-05 08:48:17.051738+00
1185,AMBER,AMBER,NSE,,1,0.50,2026-07-05 08:48:17.051738+00
11496,AMBICAAGAR,AMBICAAGAR,NSE,,1,0.01,2026-07-05 08:48:17.051738+00
15234,AMBIKCO,AMBIKCO,NSE,,1,0.10,2026-07-05 08:48:17.051738+00
1270,AMBUJACEM,AMBUJACEM,NSE,,1,0.05,2026-07-05 08:48:17.051738+00
14398,AMDIND,AMDIND,NSE,,1,0.01,2026-07-05 08:48:17.051738+00
761670,AMIRCHAND,AMIRCHAND,NSE,,1,0.01,2026-07-05 08:48:17.051738+00
2598,AMJLAND,AMJLAND,NSE,,1,0.01,2026-07-05 08:48:17.051738+00
19867,AMNPLST,AMNPLST,NSE,,1,0.01,2026-07-05 08:48:17.051738+00
17547,AMRUTANJAN,AMRUTANJAN,NSE,,1,0.05,2026-07-05 08:48:17.051738+00
7145,ANANDRATHI,ANANDRATHI,NSE,,1,0.10,2026-07-05 08:48:17.051738+00
13620,ANANTRAJ,ANANTRAJ,NSE,,1,0.05,2026-07-05 08:48:17.051738+00
166,ANDHRAPAP,ANDHRAPAP,NSE,,1,0.01,2026-07-05 08:48:17.051738+00
136,ANDHRSUGAR,ANDHRSUGAR,NSE,,1,0.01,2026-07-05 08:48:17.051738+00
324,ANGELONE,ANGELONE,NSE,,1,0.05,2026-07-05 08:48:17.051738+00
3727,ANMOL,ANMOL,NSE,,1,0.01,2026-07-05 08:48:17.051738+00
13598,ANTELOPUS,ANTELOPUS,NSE,,1,0.05,2026-07-05 08:48:17.051738+00
5194,ANTGRAPHIC,ANTGRAPHIC,NSE,,1,0.01,2026-07-05 08:48:17.051738+00
757885,ANTHEM,ANTHEM,NSE,,1,0.05,2026-07-05 08:48:17.051738+00
28314,ANUHPHR,ANUHPHR,NSE,,1,0.01,2026-07-05 08:48:17.051738+00
9014,ANUP,ANUP,NSE,,1,0.10,2026-07-05 08:48:17.051738+00
2829,ANURAS,ANURAS,NSE,,1,0.10,2026-07-05 08:48:17.051738+00
11491,APARINDS,APARINDS,NSE,,1,1.00,2026-07-05 08:48:17.051738+00
20453,APCL,APCL,NSE,,1,0.01,2026-07-05 08:48:17.051738+00
154,APCOTEXIND,APCOTEXIND,NSE,,1,0.05,2026-07-05 08:48:17.051738+00
21623,APEX,APEX,NSE,,1,0.05,2026-07-05 08:48:17.051738+00
25780,APLAPOLLO,APLAPOLLO,NSE,,1,0.10,2026-07-05 08:48:17.051738+00
25328,APLLTD,APLLTD,NSE,,1,0.05,2026-07-05 08:48:17.051738+00
1134,APOLLO,APOLLO,NSE,,1,0.05,2026-07-05 08:48:17.051738+00
157,APOLLOHOSP,APOLLOHOSP,NSE,,1,0.50,2026-07-05 08:48:17.051738+00
14361,APOLLOPIPE,APOLLOPIPE,NSE,,1,0.05,2026-07-05 08:48:17.051738+00
163,APOLLOTYRE,APOLLOTYRE,NSE,,1,0.05,2026-07-05 08:48:17.051738+00
6302,APOLSINHOT,APOLSINHOT,NSE,,1,0.10,2026-07-05 08:48:17.051738+00
5435,APTUS,APTUS,NSE,,1,0.05,2026-07-05 08:48:17.051738+00
23365,AQYLON,AQYLON,NSE,,1,0.01,2026-07-05 08:48:17.051738+00
16795,ARCHIDPLY,ARCHIDPLY,NSE,,1,0.01,2026-07-05 08:48:17.051738+00
5688,ARCHIES,ARCHIES,NSE,,1,0.01,2026-07-05 08:48:17.051738+00
100,ARE&M,ARE&M,NSE,,1,0.05,2026-07-05 08:48:17.051738+00
181,ARENTERP,ARENTERP,NSE,,1,0.01,2026-07-05 08:48:17.051738+00
758700,ARFIN,ARFIN,NSE,,1,0.01,2026-07-05 08:48:17.051738+00
15204,ARIES,ARIES,NSE,,1,0.05,2026-07-05 08:48:17.051738+00
13885,ARIHANT,ARIHANT,NSE,,1,0.05,2026-07-05 08:48:17.051738+00
3813,ARIHANTCAP,ARIHANTCAP,NSE,,1,0.01,2026-07-05 08:48:17.051738+00
20159,ARIHANTSUP,ARIHANTSUP,NSE,,1,0.05,2026-07-05 08:48:17.051738+00
757614,ARIS,ARIS,NSE,,1,0.01,2026-07-05 08:48:17.051738+00
25398,ARKADE,ARKADE,NSE,,1,0.01,2026-07-05 08:48:17.051738+00
17263,ARMANFIN,ARMANFIN,NSE,,1,0.10,2026-07-05 08:48:17.051738+00
14557,AROGRANITE,AROGRANITE,NSE,,1,0.01,2026-07-05 08:48:17.051738+00
759956,ARSSBL,ARSSBL,NSE,,1,0.05,2026-07-05 08:48:17.051738+00
16913,ARTEMISMED,ARTEMISMED,NSE,,1,0.05,2026-07-05 08:48:17.051738+00
6156,ARTNIRMAN,ARTNIRMAN,NSE,,1,0.01,2026-07-05 08:48:17.051738+00
2814,ARVEE,ARVEE,NSE,,1,0.01,2026-07-05 08:48:17.051738+00
193,ARVIND,ARVIND,NSE,,1,0.05,2026-07-05 08:48:17.051738+00
9111,ARVINDFASN,ARVINDFASN,NSE,,1,0.05,2026-07-05 08:48:17.051738+00
10457,ARVSMART,ARVSMART,NSE,,1,0.05,2026-07-05 08:48:17.051738+00
5378,ASAHIINDIA,ASAHIINDIA,NSE,,1,0.05,2026-07-05 08:48:17.051738+00
25088,ASAHISONG,ASAHISONG,NSE,,1,0.05,2026-07-05 08:48:17.051738+00
10634,ASAL,ASAL,NSE,,1,0.05,2026-07-05 08:48:17.051738+00
17598,ASALCBR,ASALCBR,NSE,,1,0.05,2026-07-05 08:48:17.051738+00
203,ASHAPURMIN,ASHAPURMIN,NSE,,1,0.05,2026-07-05 08:48:17.051738+00
24403,ASHIANA,ASHIANA,NSE,,1,0.05,2026-07-05 08:48:17.051738+00
762548,ASHIKA,ASHIKA,NSE,,1,0.05,2026-07-05 08:48:17.051738+00
206,ASHIMASYN,ASHIMASYN,NSE,,1,0.01,2026-07-05 08:48:17.051738+00
20182,ASHOKA,ASHOKA,NSE,,1,0.01,2026-07-05 08:48:17.051738+00
16943,ASHOKAMET,ASHOKAMET,NSE,,1,0.01,2026-07-05 08:48:17.051738+00
212,ASHOKLEY,ASHOKLEY,NSE,,1,0.01,2026-07-05 08:48:17.051738+00
7030,ASIANENE,ASIANENE,NSE,,1,0.05,2026-07-05 08:48:17.051738+00
18422,ASIANHOTNR,ASIANHOTNR,NSE,,1,0.05,2026-07-05 08:48:17.051738+00
236,ASIANPAINT,ASIANPAINT,NSE,,1,0.10,2026-07-05 08:48:17.051738+00
14889,ASIANTILES,ASIANTILES,NSE,,1,0.01,2026-07-05 08:48:17.051738+00
20152,ASKAUTOLTD,ASKAUTOLTD,NSE,,1,0.05,2026-07-05 08:48:17.051738+00
17270,ASPINWALL,ASPINWALL,NSE,,1,0.01,2026-07-05 08:48:17.051738+00
762553,ASTAR,ASTAR,NSE,,1,0.05,2026-07-05 08:48:17.051738+00
17728,ASTEC,ASTEC,NSE,,1,0.05,2026-07-05 08:48:17.051738+00
1508,ASTERDM,ASTERDM,NSE,,1,0.05,2026-07-05 08:48:17.051738+00
14418,ASTRAL,ASTRAL,NSE,,1,0.10,2026-07-05 08:48:17.051738+00
11618,ASTRAMICRO,ASTRAMICRO,NSE,,1,0.10,2026-07-05 08:48:17.051738+00
5610,ASTRAZEN,ASTRAZEN,NSE,,1,0.50,2026-07-05 08:48:17.051738+00
15649,ATALREAL,ATALREAL,NSE,,1,0.01,2026-07-05 08:48:17.051738+00
15404,ATAM,ATAM,NSE,,1,0.01,2026-07-05 08:48:17.051738+00
6066,ATGL,ATGL,NSE,,1,0.05,2026-07-05 08:48:17.051738+00
757645,ATHERENERG,ATHERENERG,NSE,,1,0.10,2026-07-05 08:48:17.051738+00
17778,ATL,ATL,NSE,,1,0.01,2026-07-05 08:48:17.051738+00
13585,ATLANTAA,ATLANTAA,NSE,,1,0.01,2026-07-05 08:48:17.051738+00
759007,ATLANTAELE,ATLANTAELE,NSE,,1,0.10,2026-07-05 08:48:17.051738+00
4568,ATLASCYCLE,ATLASCYCLE,NSE,,1,0.01,2026-07-05 08:48:17.051738+00
263,ATUL,ATUL,NSE,,1,0.50,2026-07-05 08:48:17.051738+00
30023,ATULAUTO,ATULAUTO,NSE,,1,0.05,2026-07-05 08:48:17.051738+00
21238,AUBANK,AUBANK,NSE,,1,0.10,2026-07-05 08:48:17.051738+00
1607,AURIGROW,AURIGROW,NSE,,1,0.01,2026-07-05 08:48:17.051738+00
12022,AURIONPRO,AURIONPRO,NSE,,1,0.05,2026-07-05 08:48:17.051738+00
275,AUROPHARMA,AUROPHARMA,NSE,,1,0.10,2026-07-05 08:48:17.051738+00
10310,AURUM,AURUM,NSE,,1,0.01,2026-07-05 08:48:17.051738+00
278,AUTOAXLES,AUTOAXLES,NSE,,1,0.10,2026-07-05 08:48:17.051738+00
15058,AVALON,AVALON,NSE,,1,0.10,2026-07-05 08:48:17.051738+00
24610,AVANTEL,AVANTEL,NSE,,1,0.01,2026-07-05 08:48:17.051738+00
7936,AVANTIFEED,AVANTIFEED,NSE,,1,0.05,2026-07-05 08:48:17.051738+00
25984,AVL,AVL,NSE,,1,0.05,2026-07-05 08:48:17.051738+00
13557,AVONMORE,AVONMORE,NSE,,1,0.01,2026-07-05 08:48:17.051738+00
8827,AVROIND,AVROIND,NSE,,1,0.01,2026-07-05 08:48:17.051738+00
14008,AVTNPL,AVTNPL,NSE,,1,0.01,2026-07-05 08:48:17.051738+00
23864,AWFIS,AWFIS,NSE,,1,0.05,2026-07-05 08:48:17.051738+00
1797,AWHCL,AWHCL,NSE,,1,0.05,2026-07-05 08:48:17.051738+00
8110,AWL,AWL,NSE,,1,0.01,2026-07-05 08:48:17.051738+00
5900,AXISBANK,AXISBANK,NSE,,1,0.10,2026-07-05 08:48:17.051738+00
9436,AXISCADES,AXISCADES,NSE,,1,0.10,2026-07-05 08:48:17.051738+00
9902,AXITA,AXITA,NSE,,1,0.01,2026-07-05 08:48:17.051738+00
760981,AYE,AYE,NSE,,1,0.01,2026-07-05 08:48:17.051738+00
10285,AYMSYNTEX,AYMSYNTEX,NSE,,1,0.01,2026-07-05 08:48:17.051738+00
20905,AZAD,AZAD,NSE,,1,0.10,2026-07-05 08:48:17.051738+00
11226,BAGFILMS,BAGFILMS,NSE,,1,0.01,2026-07-05 08:48:17.051738+00
13794,BAIDFIN,BAIDFIN,NSE,,1,0.01,2026-07-05 08:48:17.051738+00
16669,BAJAJ-AUTO,BAJAJ-AUTO,NSE,,1,0.50,2026-07-05 08:48:17.051738+00
19531,BAJAJCON,BAJAJCON,NSE,,1,0.05,2026-07-05 08:48:17.051738+00
15034,BAJAJELEC,BAJAJELEC,NSE,,1,0.05,2026-07-05 08:48:17.051738+00
16675,BAJAJFINSV,BAJAJFINSV,NSE,,1,0.10,2026-07-05 08:48:17.051738+00
6863,BAJAJHCARE,BAJAJHCARE,NSE,,1,0.05,2026-07-05 08:48:17.051738+00
25270,BAJAJHFL,BAJAJHFL,NSE,,1,0.01,2026-07-05 08:48:17.051738+00
308,BAJAJHIND,BAJAJHIND,NSE,,1,0.01,2026-07-05 08:48:17.051738+00
305,BAJAJHLDNG,BAJAJHLDNG,NSE,,1,1.00,2026-07-05 08:48:17.051738+00
29678,BAJAJINDEF,BAJAJINDEF,NSE,,1,0.05,2026-07-05 08:48:17.051738+00
762563,BAJAJST,BAJAJST,NSE,,1,0.05,2026-07-05 08:48:17.051738+00
20531,BAJEL,BAJEL,NSE,,1,0.01,2026-07-05 08:48:17.051738+00
317,BAJFINANCE,BAJFINANCE,NSE,,1,0.10,2026-07-05 08:48:17.051738+00
25203,BALAJEE,BALAJEE,NSE,,1,0.01,2026-07-05 08:48:17.051738+00
9158,BALAJITELE,BALAJITELE,NSE,,1,0.01,2026-07-05 08:48:17.051738+00
14501,BALAMINES,BALAMINES,NSE,,1,0.10,2026-07-05 08:48:17.051738+00
10181,BALKRISHNA,BALKRISHNA,NSE,,1,0.01,2026-07-05 08:48:17.051738+00
335,BALKRISIND,BALKRISIND,NSE,,1,0.10,2026-07-05 08:48:17.051738+00
338,BALMLAWRIE,BALMLAWRIE,NSE,,1,0.01,2026-07-05 08:48:17.051738+00
13441,BALPHARMA,BALPHARMA,NSE,,1,0.01,2026-07-05 08:48:17.051738+00
341,BALRAMCHIN,BALRAMCHIN,NSE,,1,0.05,2026-07-05 08:48:17.051738+00
23607,BALUFORGE,BALUFORGE,NSE,,1,0.05,2026-07-05 08:48:17.051738+00
347,BANARBEADS,BANARBEADS,NSE,,1,0.01,2026-07-05 08:48:17.051738+00
350,BANARISUG,BANARISUG,NSE,,1,0.10,2026-07-05 08:48:17.051738+00
13880,BANCOINDIA,BANCOINDIA,NSE,,1,0.05,2026-07-05 08:48:17.051738+00
2263,BANDHANBNK,BANDHANBNK,NSE,,1,0.01,2026-07-05 08:48:17.051738+00
15303,BANG,BANG,NSE,,1,0.01,2026-07-05 08:48:17.051738+00
4668,BANKBARODA,BANKBARODA,NSE,,1,0.05,2026-07-05 08:48:17.051738+00
4745,BANKINDIA,BANKINDIA,NSE,,1,0.01,2026-07-05 08:48:17.051738+00
24386,BANSALWIRE,BANSALWIRE,NSE,,1,0.05,2026-07-05 08:48:17.051738+00
14511,BANSWRAS,BANSWRAS,NSE,,1,0.01,2026-07-05 08:48:17.051738+00
368,BASF,BASF,NSE,,1,0.10,2026-07-05 08:48:17.051738+00
371,BATAINDIA,BATAINDIA,NSE,,1,0.05,2026-07-05 08:48:17.051738+00
762568,BATLIBOI,BATLIBOI,NSE,,1,0.01,2026-07-05 08:48:17.051738+00
17927,BAYERCROP,BAYERCROP,NSE,,1,0.10,2026-07-05 08:48:17.051738+00
13761,BBL,BBL,NSE,,1,0.10,2026-07-05 08:48:17.051738+00
3435,BBOX,BBOX,NSE,,1,0.05,2026-07-05 08:48:17.051738+00
380,BBTC,BBTC,NSE,,1,0.10,2026-07-05 08:48:17.051738+00
12153,BBTCL,BBTCL,NSE,,1,0.01,2026-07-05 08:48:17.051738+00
8833,BCG,BCG,NSE,,1,0.01,2026-07-05 08:48:17.051738+00
2513,BCLIND,BCLIND,NSE,,1,0.01,2026-07-05 08:48:17.051738+00
7780,BCONCEPTS,BCONCEPTS,NSE,,1,0.01,2026-07-05 08:48:17.051738+00
761494,BCPL,BCPL,NSE,,1,0.01,2026-07-05 08:48:17.051738+00
2144,BDL,BDL,NSE,,1,0.10,2026-07-05 08:48:17.051738+00
17933,BEARDSELL,BEARDSELL,NSE,,1,0.01,2026-07-05 08:48:17.051738+00
1628,BECTORFOOD,BECTORFOOD,NSE,,1,0.01,2026-07-05 08:48:17.051738+00
20196,BEDMUTHA,BEDMUTHA,NSE,,1,0.01,2026-07-05 08:48:17.051738+00
762573,BEEKAY,BEEKAY,NSE,,1,0.05,2026-07-05 08:48:17.051738+00
383,BEL,BEL,NSE,,1,0.05,2026-07-05 08:48:17.051738+00
757938,BELLACASA,BELLACASA,NSE,,1,0.05,2026-07-05 08:48:17.051738+00
757102,BELRISE,BELRISE,NSE,,1,0.01,2026-07-05 08:48:17.051738+00
395,BEML,BEML,NSE,,1,0.10,2026-07-05 08:48:17.051738+00
762578,BENGALASM,BENGALASM,NSE,,1,0.50,2026-07-05 08:48:17.051738+00
419,BEPL,BEPL,NSE,,1,0.01,2026-07-05 08:48:17.051738+00
404,BERGEPAINT,BERGEPAINT,NSE,,1,0.05,2026-07-05 08:48:17.051738+00
2306,BESTAGRO,BESTAGRO,NSE,,1,0.01,2026-07-05 08:48:17.051738+00
759842,BETA,BETA,NSE,,1,0.10,2026-07-05 08:48:17.051738+00
21113,BFINVEST,BFINVEST,NSE,,1,0.05,2026-07-05 08:48:17.051738+00
14567,BFUTILITIE,BFUTILITIE,NSE,,1,0.05,2026-07-05 08:48:17.051738+00
6164,BHAGCHEM,BHAGCHEM,NSE,,1,0.05,2026-07-05 08:48:17.051738+00
760726,BHARATCOAL,BHARATCOAL,NSE,,1,0.01,2026-07-05 08:48:17.051738+00
422,BHARATFORG,BHARATFORG,NSE,,1,0.10,2026-07-05 08:48:17.051738+00
426,BHARATGEAR,BHARATGEAR,NSE,,1,0.01,2026-07-05 08:48:17.051738+00
3834,BHARATRAS,BHARATRAS,NSE,,1,0.10,2026-07-05 08:48:17.051738+00
30244,BHARATSE,BHARATSE,NSE,,1,0.01,2026-07-05 08:48:17.051738+00
16123,BHARATWIRE,BHARATWIRE,NSE,,1,0.01,2026-07-05 08:48:17.051738+00
10604,BHARTIARTL,BHARTIARTL,NSE,,1,0.10,2026-07-05 08:48:17.051738+00
23489,BHARTIHEXA,BHARTIHEXA,NSE,,1,0.10,2026-07-05 08:48:17.051738+00
438,BHEL,BHEL,NSE,,1,0.05,2026-07-05 08:48:17.051738+00
762583,BI,BI,NSE,,1,0.01,2026-07-05 08:48:17.051738+00
18431,BIGBLOC,BIGBLOC,NSE,,1,0.01,2026-07-05 08:48:17.051738+00
11966,BIKAJI,BIKAJI,NSE,,1,0.05,2026-07-05 08:48:17.051738+00
7848,BIL,BIL,NSE,,1,0.05,2026-07-05 08:48:17.051738+00
762588,BIMETAL,BIMETAL,NSE,,1,0.05,2026-07-05 08:48:17.051738+00
11373,BIOCON,BIOCON,NSE,,1,0.05,2026-07-05 08:48:17.051738+00
4136,BIOFILCHEM,BIOFILCHEM,NSE,,1,0.01,2026-07-05 08:48:17.051738+00
480,BIRLACORPN,BIRLACORPN,NSE,,1,0.05,2026-07-05 08:48:17.051738+00
15239,BIRLAMONEY,BIRLAMONEY,NSE,,1,0.01,2026-07-05 08:48:17.051738+00
1455,BIRLANU,BIRLANU,NSE,,1,0.10,2026-07-05 08:48:17.051738+00
762593,BIRLAPREC,BIRLAPREC,NSE,,1,0.01,2026-07-05 08:48:17.051738+00
27144,BLACKBUCK,BLACKBUCK,NSE,,1,0.05,2026-07-05 08:48:17.051738+00
15067,BLAL,BLAL,NSE,,1,0.01,2026-07-05 08:48:17.051738+00
8132,BLBLIMITED,BLBLIMITED,NSE,,1,0.01,2026-07-05 08:48:17.051738+00
762603,BLIL,BLIL,NSE,,1,0.01,2026-07-05 08:48:17.051738+00
13290,BLKASHYAP,BLKASHYAP,NSE,,1,0.01,2026-07-05 08:48:17.051738+00
17279,BLS,BLS,NSE,,1,0.05,2026-07-05 08:48:17.051738+00
22566,BLSE,BLSE,NSE,,1,0.01,2026-07-05 08:48:17.051738+00
495,BLUEDART,BLUEDART,NSE,,1,0.10,2026-07-05 08:48:17.051738+00
19686,BLUEJET,BLUEJET,NSE,,1,0.05,2026-07-05 08:48:17.051738+00
8311,BLUESTARCO,BLUESTARCO,NSE,,1,0.10,2026-07-05 08:48:17.051738+00
759291,BLUESTONE,BLUESTONE,NSE,,1,0.05,2026-07-05 08:48:17.051738+00
757520,BLUSPRING,BLUSPRING,NSE,,1,0.01,2026-07-05 08:48:17.051738+00
759256,BMWVENTLTD,BMWVENTLTD,NSE,,1,0.01,2026-07-05 08:48:17.051738+00
762613,BNALTD,BNALTD,NSE,,1,0.05,2026-07-05 08:48:17.051738+00
11640,BOHRAIND,BOHRAIND,NSE,,1,0.01,2026-07-05 08:48:17.051738+00
513,BOMDYEING,BOMDYEING,NSE,,1,0.01,2026-07-05 08:48:17.051738+00
761056,BONLON,BONLON,NSE,,1,0.01,2026-07-05 08:48:17.051738+00
757919,BORANA,BORANA,NSE,,1,0.05,2026-07-05 08:48:17.051738+00
19401,BOROLTD,BOROLTD,NSE,,1,0.01,2026-07-05 08:48:17.051738+00
3149,BORORENEW,BORORENEW,NSE,,1,0.05,2026-07-05 08:48:17.051738+00
24014,BOROSCI,BOROSCI,NSE,,1,0.01,2026-07-05 08:48:17.051738+00
4491,BOSCH-HCIL,BOSCH-HCIL,NSE,,1,0.10,2026-07-05 08:48:17.051738+00
2181,BOSCHLTD,BOSCHLTD,NSE,,1,5.00,2026-07-05 08:48:17.051738+00
526,BPCL,BPCL,NSE,,1,0.05,2026-07-05 08:48:17.051738+00
530,BPL,BPL,NSE,,1,0.01,2026-07-05 08:48:17.051738+00
15184,BRIGADE,BRIGADE,NSE,,1,0.05,2026-07-05 08:48:17.051738+00
757794,BRIGHOTEL,BRIGHOTEL,NSE,,1,0.01,2026-07-05 08:48:17.051738+00
547,BRITANNIA,BRITANNIA,NSE,,1,0.50,2026-07-05 08:48:17.051738+00
21683,BRNL,BRNL,NSE,,1,0.01,2026-07-05 08:48:17.051738+00
19585,BSE,BSE,NSE,,1,0.10,2026-07-05 08:48:17.051738+00
559,BSL,BSL,NSE,,1,0.01,2026-07-05 08:48:17.051738+00
6994,BSOFT,BSOFT,NSE,,1,0.05,2026-07-05 08:48:17.051738+00
14150,BTML,BTML,NSE,,1,0.01,2026-07-05 08:48:17.051738+00
762618,BTTL,BTTL,NSE,,1,0.01,2026-07-05 08:48:17.051738+00
760594,BUILDPRO,BUILDPRO,NSE,,1,0.10,2026-07-05 08:48:17.051738+00
2716,BUTTERFLY,BUTTERFLY,NSE,,1,0.05,2026-07-05 08:48:17.051738+00
15073,BVCL,BVCL,NSE,,1,0.01,2026-07-05 08:48:17.051738+00
6216,CAMLINFINE,CAMLINFINE,NSE,,1,0.01,2026-07-05 08:48:17.051738+00
9362,CAMPUS,CAMPUS,NSE,,1,0.01,2026-07-05 08:48:17.051738+00
342,CAMS,CAMS,NSE,,1,0.05,2026-07-05 08:48:17.051738+00
10794,CANBK,CANBK,NSE,,1,0.01,2026-07-05 08:48:17.051738+00
583,CANFINHOME,CANFINHOME,NSE,,1,0.05,2026-07-05 08:48:17.051738+00
759477,CANHLIFE,CANHLIFE,NSE,,1,0.01,2026-07-05 08:48:17.051738+00
20160,CANTABIL,CANTABIL,NSE,,1,0.01,2026-07-05 08:48:17.051738+00
21749,CAPACITE,CAPACITE,NSE,,1,0.05,2026-07-05 08:48:17.051738+00
759867,CAPILLARY,CAPILLARY,NSE,,1,0.05,2026-07-05 08:48:17.051738+00
22675,CAPITALSFB,CAPITALSFB,NSE,,1,0.05,2026-07-05 08:48:17.051738+00
3906,CAPLIPOINT,CAPLIPOINT,NSE,,1,0.10,2026-07-05 08:48:17.051738+00
595,CARBORUNIV,CARBORUNIV,NSE,,1,0.10,2026-07-05 08:48:17.051738+00
29113,CARERATING,CARERATING,NSE,,1,0.10,2026-07-05 08:48:17.051738+00
28879,CARRARO,CARRARO,NSE,,1,0.05,2026-07-05 08:48:17.051738+00
5407,CARTRADE,CARTRADE,NSE,,1,0.10,2026-07-05 08:48:17.051738+00
1879,CARYSIL,CARYSIL,NSE,,1,0.10,2026-07-05 08:48:17.051738+00
1250,CASTROLIND,CASTROLIND,NSE,,1,0.01,2026-07-05 08:48:17.051738+00
16249,CCAVENUE,CCAVENUE,NSE,,1,0.01,2026-07-05 08:48:17.051738+00
14992,CCCL,CCCL,NSE,,1,0.01,2026-07-05 08:48:17.051738+00
6385,CCHHL,CCHHL,NSE,,1,0.01,2026-07-05 08:48:17.051738+00
11452,CCL,CCL,NSE,,1,0.10,2026-07-05 08:48:17.051738+00
21174,CDSL,CDSL,NSE,,1,0.10,2026-07-05 08:48:17.051738+00
15254,CEATLTD,CEATLTD,NSE,,1,0.10,2026-07-05 08:48:17.051738+00
24742,CEIGALL,CEIGALL,NSE,,1,0.05,2026-07-05 08:48:17.051738+00
761037,CEINSYS,CEINSYS,NSE,,1,0.05,2026-07-05 08:48:17.051738+00
13162,CELEBRITY,CELEBRITY,NSE,,1,0.01,2026-07-05 08:48:17.051738+00
19795,CELLO,CELLO,NSE,,1,0.05,2026-07-05 08:48:17.051738+00
5622,CEMPRO,CEMPRO,NSE,,1,0.10,2026-07-05 08:48:17.051738+00
619,CENTENKA,CENTENKA,NSE,,1,0.05,2026-07-05 08:48:17.051738+00
11511,CENTEXT,CENTEXT,NSE,,1,0.01,2026-07-05 08:48:17.051738+00
14894,CENTRALBK,CENTRALBK,NSE,,1,0.01,2026-07-05 08:48:17.051738+00
2454,CENTRUM,CENTRUM,NSE,,1,0.01,2026-07-05 08:48:17.051738+00
14982,CENTUM,CENTUM,NSE,,1,0.10,2026-07-05 08:48:17.051738+00
13305,CENTURYPLY,CENTURYPLY,NSE,,1,0.05,2026-07-05 08:48:17.051738+00
15039,CERA,CERA,NSE,,1,0.50,2026-07-05 08:48:17.051738+00
628,CESC,CESC,NSE,,1,0.01,2026-07-05 08:48:17.051738+00
28764,CEWATER,CEWATER,NSE,,1,0.05,2026-07-05 08:48:17.051738+00
20329,CGCL,CGCL,NSE,,1,0.01,2026-07-05 08:48:17.051738+00
760,CGPOWER,CGPOWER,NSE,,1,0.05,2026-07-05 08:48:17.051738+00
8546,CHALET,CHALET,NSE,,1,0.05,2026-07-05 08:48:17.051738+00
637,CHAMBLFERT,CHAMBLFERT,NSE,,1,0.05,2026-07-05 08:48:17.051738+00
5449,CHEMPLASTS,CHEMPLASTS,NSE,,1,0.01,2026-07-05 08:48:17.051738+00
2049,CHENNPETRO,CHENNPETRO,NSE,,1,0.10,2026-07-05 08:48:17.051738+00
9879,CHEVIOT,CHEVIOT,NSE,,1,0.10,2026-07-05 08:48:17.051738+00
8866,CHOICEIN,CHOICEIN,NSE,,1,0.05,2026-07-05 08:48:17.051738+00
685,CHOLAFIN,CHOLAFIN,NSE,,1,0.10,2026-07-05 08:48:17.051738+00
21740,CHOLAHLDNG,CHOLAHLDNG,NSE,,1,0.10,2026-07-05 08:48:17.051738+00
14937,CIEINDIA,CIEINDIA,NSE,,1,0.05,2026-07-05 08:48:17.051738+00
756015,CIFL,CIFL,NSE,,1,0.01,2026-07-05 08:48:17.051738+00
27161,CINELINE,CINELINE,NSE,,1,0.01,2026-07-05 08:48:17.051738+00
8024,CINEVISTA,CINEVISTA,NSE,,1,0.01,2026-07-05 08:48:17.051738+00
694,CIPLA,CIPLA,NSE,,1,0.10,2026-07-05 08:48:17.051738+00
5049,CLEAN,CLEAN,NSE,,1,0.05,2026-07-05 08:48:17.051738+00
760183,CLEANMAX,CLEANMAX,NSE,,1,0.10,2026-07-05 08:48:17.051738+00
3482,CLSEL,CLSEL,NSE,,1,0.05,2026-07-05 08:48:17.051738+00
761581,CMPDI,CMPDI,NSE,,1,0.01,2026-07-05 08:48:17.051738+00
30893,CMRGREEN,CMRGREEN,NSE,,1,0.05,2026-07-05 08:48:17.051738+00
7603,CMSINFO,CMSINFO,NSE,,1,0.05,2026-07-05 08:48:17.051738+00
11155,CNL,CNL,NSE,,1,0.05,2026-07-05 08:48:17.051738+00
20374,COALINDIA,COALINDIA,NSE,,1,0.05,2026-07-05 08:48:17.051738+00
6006,COASTCORP,COASTCORP,NSE,,1,0.01,2026-07-05 08:48:17.051738+00
21508,COCHINSHIP,COCHINSHIP,NSE,,1,0.10,2026-07-05 08:48:17.051738+00
762623,COCKERILL,COCKERILL,NSE,,1,0.50,2026-07-05 08:48:17.051738+00
11543,COFORGE,COFORGE,NSE,,1,0.10,2026-07-05 08:48:17.051738+00
17945,COHANCE,COHANCE,NSE,,1,0.05,2026-07-05 08:48:17.051738+00
15141,COLPAL,COLPAL,NSE,,1,0.10,2026-07-05 08:48:17.051738+00
762628,COMFINTE,COMFINTE,NSE,,1,0.01,2026-07-05 08:48:17.051738+00
31138,COMPUSOFT,COMPUSOFT,NSE,,1,0.01,2026-07-05 08:48:17.051738+00
21578,COMSYN,COMSYN,NSE,,1,0.01,2026-07-05 08:48:17.051738+00
4749,CONCOR,CONCOR,NSE,,1,0.05,2026-07-05 08:48:17.051738+00
18060,CONCORDBIO,CONCORDBIO,NSE,,1,0.10,2026-07-05 08:48:17.051738+00
10238,CONFIPET,CONFIPET,NSE,,1,0.01,2026-07-05 08:48:17.051738+00
11731,CONSOFINVT,CONSOFINVT,NSE,,1,0.01,2026-07-05 08:48:17.051738+00
17477,CONTROLPR,CONTROLPR,NSE,,1,0.05,2026-07-05 08:48:17.051738+00
4007,CORALFINAC,CORALFINAC,NSE,,1,0.01,2026-07-05 08:48:17.051738+00
762163,CORDELIA,CORDELIA,NSE,,1,0.05,2026-07-05 08:48:17.051738+00
739,COROMANDEL,COROMANDEL,NSE,,1,0.10,2026-07-05 08:48:17.051738+00
760254,CORONA,CORONA,NSE,,1,0.10,2026-07-05 08:48:17.051738+00
742,COSMOFIRST,COSMOFIRST,NSE,,1,0.05,2026-07-05 08:48:17.051738+00
16986,COUNCODOS,COUNCODOS,NSE,,1,0.01,2026-07-05 08:48:17.051738+00
758941,CPEDU,CPEDU,NSE,,1,0.01,2026-07-05 08:48:17.051738+00
758858,CPPLUS,CPPLUS,NSE,,1,0.10,2026-07-05 08:48:17.051738+00
2854,CRAFTSMAN,CRAFTSMAN,NSE,,1,0.50,2026-07-05 08:48:17.051738+00
759311,CRAMC,CRAMC,NSE,,1,0.01,2026-07-05 08:48:17.051738+00
9384,CREATIVEYE,CREATIVEYE,NSE,,1,0.01,2026-07-05 08:48:17.051738+00
4421,CREDITACC,CREDITACC,NSE,,1,0.10,2026-07-05 08:48:17.051738+00
13900,CREST,CREST,NSE,,1,0.05,2026-07-05 08:48:17.051738+00
757,CRISIL,CRISIL,NSE,,1,0.10,2026-07-05 08:48:17.051738+00
757850,CRIZAC,CRIZAC,NSE,,1,0.01,2026-07-05 08:48:17.051738+00
17094,CROMPTON,CROMPTON,NSE,,1,0.05,2026-07-05 08:48:17.051738+00
8083,CROWN,CROWN,NSE,,1,0.01,2026-07-05 08:48:17.051738+00
14966,CSBBANK,CSBBANK,NSE,,1,0.05,2026-07-05 08:48:17.051738+00
10350,CSLFINANCE,CSLFINANCE,NSE,,1,0.01,2026-07-05 08:48:17.051738+00
14218,CTE,CTE,NSE,,1,0.01,2026-07-05 08:48:17.051738+00
5701,CUB,CUB,NSE,,1,0.01,2026-07-05 08:48:17.051738+00
4064,CUBEXTUB,CUBEXTUB,NSE,,1,0.01,2026-07-05 08:48:17.051738+00
1901,CUMMINSIND,CUMMINSIND,NSE,,1,0.50,2026-07-05 08:48:17.051738+00
18520,CUPID,CUPID,NSE,,1,0.01,2026-07-05 08:48:17.051738+00
30189,CURAA,CURAA,NSE,,1,0.01,2026-07-05 08:48:17.051738+00
5748,CYIENT,CYIENT,NSE,,1,0.05,2026-07-05 08:48:17.051738+00
17187,CYIENTDLM,CYIENTDLM,NSE,,1,0.05,2026-07-05 08:48:17.051738+00
772,DABUR,DABUR,NSE,,1,0.05,2026-07-05 08:48:17.051738+00
8075,DALBHARAT,DALBHARAT,NSE,,1,0.10,2026-07-05 08:48:17.051738+00
781,DALMIASUG,DALMIASUG,NSE,,1,0.05,2026-07-05 08:48:17.051738+00
28662,DAMCAPITAL,DAMCAPITAL,NSE,,1,0.01,2026-07-05 08:48:17.051738+00
17541,DAMODARIND,DAMODARIND,NSE,,1,0.01,2026-07-05 08:48:17.051738+00
1110,DANGEE,DANGEE,NSE,,1,0.01,2026-07-05 08:48:17.051738+00
11423,DATAMATICS,DATAMATICS,NSE,,1,0.05,2026-07-05 08:48:17.051738+00
7358,DATAPATTNS,DATAPATTNS,NSE,,1,0.10,2026-07-05 08:48:17.051738+00
21794,DAVANGERE,DAVANGERE,NSE,,1,0.01,2026-07-05 08:48:17.051738+00
17881,DBCORP,DBCORP,NSE,,1,0.01,2026-07-05 08:48:17.051738+00
18086,DBL,DBL,NSE,,1,0.05,2026-07-05 08:48:17.051738+00
31107,DBSTOCKBRO,DBSTOCKBRO,NSE,,1,0.01,2026-07-05 08:48:17.051738+00
21704,DCAL,DCAL,NSE,,1,0.01,2026-07-05 08:48:17.051738+00
13725,DCBBANK,DCBBANK,NSE,,1,0.01,2026-07-05 08:48:17.051738+00
811,DCMSHRIRAM,DCMSHRIRAM,NSE,,1,0.10,2026-07-05 08:48:17.051738+00
7325,DCMSRIND,DCMSRIND,NSE,,1,0.01,2026-07-05 08:48:17.051738+00
817,DCW,DCW,NSE,,1,0.01,2026-07-05 08:48:17.051738+00
11895,DCXINDIA,DCXINDIA,NSE,,1,0.01,2026-07-05 08:48:17.051738+00
29098,DDEVPLSTIK,DDEVPLSTIK,NSE,,1,0.05,2026-07-05 08:48:17.051738+00
14838,DECCANCE,DECCANCE,NSE,,1,0.05,2026-07-05 08:48:17.051738+00
762638,DECNGOLD,DECNGOLD,NSE,,1,0.01,2026-07-05 08:48:17.051738+00
827,DEEPAKFERT,DEEPAKFERT,NSE,,1,0.10,2026-07-05 08:48:17.051738+00
19943,DEEPAKNTR,DEEPAKNTR,NSE,,1,0.10,2026-07-05 08:48:17.051738+00
3292,DEEPINDS,DEEPINDS,NSE,,1,0.05,2026-07-05 08:48:17.051738+00
9599,DELHIVERY,DELHIVERY,NSE,,1,0.05,2026-07-05 08:48:17.051738+00
15044,DELTACORP,DELTACORP,NSE,,1,0.01,2026-07-05 08:48:17.051738+00
1214,DELTAMAGNT,DELTAMAGNT,NSE,,1,0.01,2026-07-05 08:48:17.051738+00
17722,DEN,DEN,NSE,,1,0.01,2026-07-05 08:48:17.051738+00
4279,DENORA,DENORA,NSE,,1,0.05,2026-07-05 08:48:17.051738+00
29256,DENTA,DENTA,NSE,,1,0.05,2026-07-05 08:48:17.051738+00
8146,DEVIT,DEVIT,NSE,,1,0.01,2026-07-05 08:48:17.051738+00
759079,DEVX,DEVX,NSE,,1,0.01,2026-07-05 08:48:17.051738+00
5373,DEVYANI,DEVYANI,NSE,,1,0.01,2026-07-05 08:48:17.051738+00
10346,DGCONTENT,DGCONTENT,NSE,,1,0.01,2026-07-05 08:48:17.051738+00
857,DHAMPURSUG,DHAMPURSUG,NSE,,1,0.01,2026-07-05 08:48:17.051738+00
11359,DHANBANK,DHANBANK,NSE,,1,0.01,2026-07-05 08:48:17.051738+00
24409,DHANUKA,DHANUKA,NSE,,1,0.10,2026-07-05 08:48:17.051738+00
13001,DHARMAJ,DHARMAJ,NSE,,1,0.05,2026-07-05 08:48:17.051738+00
22233,DHUNINV,DHUNINV,NSE,,1,0.05,2026-07-05 08:48:17.051738+00
18543,DIACABS,DIACABS,NSE,,1,0.01,2026-07-05 08:48:17.051738+00
18644,DIAMINESQ,DIAMINESQ,NSE,,1,0.01,2026-07-05 08:48:17.051738+00
21840,DIAMONDYD,DIAMONDYD,NSE,,1,0.10,2026-07-05 08:48:17.051738+00
703,DICIND,DICIND,NSE,,1,0.05,2026-07-05 08:48:17.051738+00
25672,DIFFNKG,DIFFNKG,NSE,,1,0.05,2026-07-05 08:48:17.051738+00
21247,DIGIDRIVE,DIGIDRIVE,NSE,,1,0.01,2026-07-05 08:48:17.051738+00
757515,DIGITIDE,DIGITIDE,NSE,,1,0.01,2026-07-05 08:48:17.051738+00
6127,DIGJAMLMTD,DIGJAMLMTD,NSE,,1,0.01,2026-07-05 08:48:17.051738+00
762643,DISAQ,DISAQ,NSE,,1,1.00,2026-07-05 08:48:17.051738+00
14479,DIVGIITTS,DIVGIITTS,NSE,,1,0.05,2026-07-05 08:48:17.051738+00
10940,DIVISLAB,DIVISLAB,NSE,,1,0.50,2026-07-05 08:48:17.051738+00
21690,DIXON,DIXON,NSE,,1,1.00,2026-07-05 08:48:17.051738+00
12749,DJML,DJML,NSE,,1,0.01,2026-07-05 08:48:17.051738+00
14732,DLF,DLF,NSE,,1,0.05,2026-07-05 08:48:17.051738+00
17851,DLINKINDIA,DLINKINDIA,NSE,,1,0.05,2026-07-05 08:48:17.051738+00
19913,DMART,DMART,NSE,,1,0.10,2026-07-05 08:48:17.051738+00
6973,DMCC,DMCC,NSE,,1,0.05,2026-07-05 08:48:17.051738+00
641,DNAMEDIA,DNAMEDIA,NSE,,1,0.01,2026-07-05 08:48:17.051738+00
4822,DODLA,DODLA,NSE,,1,0.10,2026-07-05 08:48:17.051738+00
12124,DOLATALGO,DOLATALGO,NSE,,1,0.01,2026-07-05 08:48:17.051738+00
20560,DOLLAR,DOLLAR,NSE,,1,0.05,2026-07-05 08:48:17.051738+00
18139,DOLPHIN,DOLPHIN,NSE,,1,0.05,2026-07-05 08:48:17.051738+00
20551,DOMS,DOMS,NSE,,1,0.10,2026-07-05 08:48:17.051738+00
13839,DONEAR,DONEAR,NSE,,1,0.01,2026-07-05 08:48:17.051738+00
936,DPABHUSHAN,DPABHUSHAN,NSE,,1,0.05,2026-07-05 08:48:17.051738+00
762648,DRAGARWQ,DRAGARWQ,NSE,,1,0.50,2026-07-05 08:48:17.051738+00
2645,DRCSYSTEMS,DRCSYSTEMS,NSE,,1,0.01,2026-07-05 08:48:17.051738+00
10859,DREAMFOLKS,DREAMFOLKS,NSE,,1,0.01,2026-07-05 08:48:17.051738+00
11271,DREDGECORP,DREDGECORP,NSE,,1,0.10,2026-07-05 08:48:17.051738+00
881,DRREDDY,DRREDDY,NSE,,1,0.10,2026-07-05 08:48:17.051738+00
25690,DSSL,DSSL,NSE,,1,0.10,2026-07-05 08:48:17.051738+00
6227,DTIL,DTIL,NSE,,1,0.01,2026-07-05 08:48:17.051738+00
15214,DVL,DVL,NSE,,1,0.01,2026-07-05 08:48:17.051738+00
11667,DWARKESH,DWARKESH,NSE,,1,0.01,2026-07-05 08:48:17.051738+00
10417,DYCL,DYCL,NSE,,1,0.05,2026-07-05 08:48:17.051738+00
4525,DYNAMATECH,DYNAMATECH,NSE,,1,1.00,2026-07-05 08:48:17.051738+00
21314,DYNPRO,DYNPRO,NSE,,1,0.01,2026-07-05 08:48:17.051738+00
8937,E2E,E2E,NSE,,1,0.05,2026-07-05 08:48:17.051738+00
2792,EASEMYTRIP,EASEMYTRIP,NSE,,1,0.01,2026-07-05 08:48:17.051738+00
757862,EBGNG,EBGNG,NSE,,1,0.05,2026-07-05 08:48:17.051738+00
15179,ECLERX,ECLERX,NSE,,1,0.10,2026-07-05 08:48:17.051738+00
15119,EDELWEISS,EDELWEISS,NSE,,1,0.01,2026-07-05 08:48:17.051738+00
758675,EFCIL,EFCIL,NSE,,1,0.01,2026-07-05 08:48:17.051738+00
910,EICHERMOT,EICHERMOT,NSE,,1,0.50,2026-07-05 08:48:17.051738+00
916,EIDPARRY,EIDPARRY,NSE,,1,0.05,2026-07-05 08:48:17.051738+00
27213,EIEL,EIEL,NSE,,1,0.01,2026-07-05 08:48:17.051738+00
15399,EIHAHOTELS,EIHAHOTELS,NSE,,1,0.05,2026-07-05 08:48:17.051738+00
919,EIHOTEL,EIHOTEL,NSE,,1,0.05,2026-07-05 08:48:17.051738+00
4040,EIMCOELECO,EIMCOELECO,NSE,,1,0.10,2026-07-05 08:48:17.051738+00
13091,EKC,EKC,NSE,,1,0.01,2026-07-05 08:48:17.051738+00
762653,ELANTAS,ELANTAS,NSE,,1,1.00,2026-07-05 08:48:17.051738+00
762658,ELCIDIN,ELCIDIN,NSE,,1,5.00,2026-07-05 08:48:17.051738+00
8953,ELDEHSG,ELDEHSG,NSE,,1,0.05,2026-07-05 08:48:17.051738+00
13643,ELECON,ELECON,NSE,,1,0.05,2026-07-05 08:48:17.051738+00
928,ELECTCAST,ELECTCAST,NSE,,1,0.01,2026-07-05 08:48:17.051738+00
4469,ELECTHERM,ELECTHERM,NSE,,1,0.10,2026-07-05 08:48:17.051738+00
937,ELGIEQUIP,ELGIEQUIP,NSE,,1,0.05,2026-07-05 08:48:17.051738+00
24924,ELGIRUBCO,ELGIRUBCO,NSE,,1,0.01,2026-07-05 08:48:17.051738+00
13423,ELIN,ELIN,NSE,,1,0.01,2026-07-05 08:48:17.051738+00
762663,ELITECON,ELITECON,NSE,,1,0.01,2026-07-05 08:48:17.051738+00
758563,ELLEN,ELLEN,NSE,,1,0.05,2026-07-05 08:48:17.051738+00
4471,ELPROINTL,ELPROINTL,NSE,,1,0.01,2026-07-05 08:48:17.051738+00
13517,EMAMILTD,EMAMILTD,NSE,,1,0.05,2026-07-05 08:48:17.051738+00
10074,EMAMIPAP,EMAMIPAP,NSE,,1,0.01,2026-07-05 08:48:17.051738+00
14450,EMBDL,EMBDL,NSE,,1,0.01,2026-07-05 08:48:17.051738+00
24398,EMCURE,EMCURE,NSE,,1,0.10,2026-07-05 08:48:17.051738+00
11530,EMIL,EMIL,NSE,,1,0.01,2026-07-05 08:48:17.051738+00
13421,EMKAY,EMKAY,NSE,,1,0.05,2026-07-05 08:48:17.051738+00
759728,EMMVEE,EMMVEE,NSE,,1,0.05,2026-07-05 08:48:17.051738+00
18593,EMSLIMITED,EMSLIMITED,NSE,,1,0.05,2026-07-05 08:48:17.051738+00
9756,EMUDHRA,EMUDHRA,NSE,,1,0.05,2026-07-05 08:48:17.051738+00
18822,ENDURANCE,ENDURANCE,NSE,,1,0.10,2026-07-05 08:48:17.051738+00
15049,ENERGYDEV,ENERGYDEV,NSE,,1,0.01,2026-07-05 08:48:17.051738+00
4907,ENGINERSIN,ENGINERSIN,NSE,,1,0.01,2026-07-05 08:48:17.051738+00
13192,ENIL,ENIL,NSE,,1,0.01,2026-07-05 08:48:17.051738+00
756871,ENRIN,ENRIN,NSE,,1,0.10,2026-07-05 08:48:17.051738+00
22717,ENTERO,ENTERO,NSE,,1,0.10,2026-07-05 08:48:17.051738+00
22463,EPACK,EPACK,NSE,,1,0.01,2026-07-05 08:48:17.051738+00
759251,EPACKPEB,EPACKPEB,NSE,,1,0.01,2026-07-05 08:48:17.051738+00
5382,EPIGRAL,EPIGRAL,NSE,,1,0.10,2026-07-05 08:48:17.051738+00
981,EPL,EPL,NSE,,1,0.01,2026-07-05 08:48:17.051738+00
913,EQUITASBNK,EQUITASBNK,NSE,,1,0.01,2026-07-05 08:48:17.051738+00
21154,ERIS,ERIS,NSE,,1,0.10,2026-07-05 08:48:17.051738+00
955,ESABINDIA,ESABINDIA,NSE,,1,0.50,2026-07-05 08:48:17.051738+00
19878,ESAFSFB,ESAFSFB,NSE,,1,0.01,2026-07-05 08:48:17.051738+00
958,ESCORTS,ESCORTS,NSE,,1,0.10,2026-07-05 08:48:17.051738+00
25634,ESSARSHPNG,ESSARSHPNG,NSE,,1,0.01,2026-07-05 08:48:17.051738+00
24265,ESTER,ESTER,NSE,,1,0.01,2026-07-05 08:48:17.051738+00
5097,ETERNAL,ETERNAL,NSE,,1,0.05,2026-07-05 08:48:17.051738+00
9750,ETHOSLTD,ETHOSLTD,NSE,,1,0.10,2026-07-05 08:48:17.051738+00
25162,EUREKAFORB,EUREKAFORB,NSE,,1,0.05,2026-07-05 08:48:17.051738+00
757953,EUROBOND,EUROBOND,NSE,,1,0.01,2026-07-05 08:48:17.051738+00
759797,EUROPRATIK,EUROPRATIK,NSE,,1,0.05,2026-07-05 08:48:17.051738+00
11782,EVEREADY,EVEREADY,NSE,,1,0.05,2026-07-05 08:48:17.051738+00
11471,EXCELINDUS,EXCELINDUS,NSE,,1,0.05,2026-07-05 08:48:17.051738+00
760007,EXCELSOFT,EXCELSOFT,NSE,,1,0.01,2026-07-05 08:48:17.051738+00
22947,EXICOM,EXICOM,NSE,,1,0.01,2026-07-05 08:48:17.051738+00
676,EXIDEIND,EXIDEIND,NSE,,1,0.05,2026-07-05 08:48:17.051738+00
17486,EXPLEOSOL,EXPLEOSOL,NSE,,1,0.05,2026-07-05 08:48:17.051738+00
5352,EXXARO,EXXARO,NSE,,1,0.01,2026-07-05 08:48:17.051738+00
760125,FABTECH,FABTECH,NSE,,1,0.01,2026-07-05 08:48:17.051738+00
1008,FACT,FACT,NSE,,1,0.05,2026-07-05 08:48:17.051738+00
12000,FAZE3Q,FAZE3Q,NSE,,1,0.05,2026-07-05 08:48:17.051738+00
6198,FCL,FCL,NSE,,1,0.01,2026-07-05 08:48:17.051738+00
4898,FDC,FDC,NSE,,1,0.05,2026-07-05 08:48:17.051738+00
762675,FEDDERSHOL,FEDDERSHOL,NSE,,1,0.01,2026-07-05 08:48:17.051738+00
1023,FEDERALBNK,FEDERALBNK,NSE,,1,0.05,2026-07-05 08:48:17.051738+00
20322,FEDFINA,FEDFINA,NSE,,1,0.01,2026-07-05 08:48:17.051738+00
762680,FERMENTA,FERMENTA,NSE,,1,0.05,2026-07-05 08:48:17.051738+00
8159,FIBERWEB,FIBERWEB,NSE,,1,0.01,2026-07-05 08:48:17.051738+00
13710,FIEMIND,FIEMIND,NSE,,1,0.10,2026-07-05 08:48:17.051738+00
24532,FILATEX,FILATEX,NSE,,1,0.01,2026-07-05 08:48:17.051738+00
1038,FINCABLES,FINCABLES,NSE,,1,0.10,2026-07-05 08:48:17.051738+00
3744,FINEORG,FINEORG,NSE,,1,0.50,2026-07-05 08:48:17.051738+00
759239,FINKURVE,FINKURVE,NSE,,1,0.01,2026-07-05 08:48:17.051738+00
6579,FINOPB,FINOPB,NSE,,1,0.01,2026-07-05 08:48:17.051738+00
1041,FINPIPE,FINPIPE,NSE,,1,0.01,2026-07-05 08:48:17.051738+00
24814,FIRSTCRY,FIRSTCRY,NSE,,1,0.01,2026-07-05 08:48:17.051738+00
757658,FISCHER,FISCHER,NSE,,1,0.01,2026-07-05 08:48:17.051738+00
12032,FIVESTAR,FIVESTAR,NSE,,1,0.05,2026-07-05 08:48:17.051738+00
20372,FLAIR,FLAIR,NSE,,1,0.05,2026-07-05 08:48:17.051738+00
13750,FLUOROCHEM,FLUOROCHEM,NSE,,1,0.10,2026-07-05 08:48:17.051738+00
1190,FMGOETZE,FMGOETZE,NSE,,1,0.05,2026-07-05 08:48:17.051738+00
6673,FOODSIN,FOODSIN,NSE,,1,0.01,2026-07-05 08:48:17.051738+00
11573,FORCEMOT,FORCEMOT,NSE,,1,1.00,2026-07-05 08:48:17.051738+00
14592,FORTIS,FORTIS,NSE,,1,0.05,2026-07-05 08:48:17.051738+00
1073,FOSECOIND,FOSECOIND,NSE,,1,0.50,2026-07-05 08:48:17.051738+00
760961,FRACTAL,FRACTAL,NSE,,1,0.05,2026-07-05 08:48:17.051738+00
762685,FRONTSP,FRONTSP,NSE,,1,0.10,2026-07-05 08:48:17.051738+00
14304,FSL,FSL,NSE,,1,0.01,2026-07-05 08:48:17.051738+00
11932,FUSION,FUSION,NSE,,1,0.01,2026-07-05 08:48:17.051738+00
1085,GABRIEL,GABRIEL,NSE,,1,0.10,2026-07-05 08:48:17.051738+00
8828,GAEL,GAEL,NSE,,1,0.01,2026-07-05 08:48:17.051738+00
4717,GAIL,GAIL,NSE,,1,0.01,2026-07-05 08:48:17.051738+00
25134,GALAPREC,GALAPREC,NSE,,1,0.10,2026-07-05 08:48:17.051738+00
1315,GALAXYSURF,GALAXYSURF,NSE,,1,0.10,2026-07-05 08:48:17.051738+00
13337,GALLANTT,GALLANTT,NSE,,1,0.05,2026-07-05 08:48:17.051738+00
20303,GANDHAR,GANDHAR,NSE,,1,0.01,2026-07-05 08:48:17.051738+00
14116,GANDHITUBE,GANDHITUBE,NSE,,1,0.05,2026-07-05 08:48:17.051738+00
6944,GANECOS,GANECOS,NSE,,1,0.05,2026-07-05 08:48:17.051738+00
5614,GANESHBE,GANESHBE,NSE,,1,0.01,2026-07-05 08:48:17.051738+00
759012,GANESHCP,GANESHCP,NSE,,1,0.01,2026-07-05 08:48:17.051738+00
14339,GANESHHOU,GANESHHOU,NSE,,1,0.05,2026-07-05 08:48:17.051738+00
4957,GANGAFORGE,GANGAFORGE,NSE,,1,0.01,2026-07-05 08:48:17.051738+00
21399,GANGESSECU,GANGESSECU,NSE,,1,0.01,2026-07-05 08:48:17.051738+00
1100,GARFIBRES,GARFIBRES,NSE,,1,0.05,2026-07-05 08:48:17.051738+00
25800,GARUDA,GARUDA,NSE,,1,0.01,2026-07-05 08:48:17.051738+00
17888,GATECH,GATECH,NSE,,1,0.01,2026-07-05 08:48:17.051738+00
17,GATECHDVR,GATECHDVR,NSE,,1,0.01,2026-07-05 08:48:17.051738+00
8510,GATEWAY,GATEWAY,NSE,,1,0.01,2026-07-05 08:48:17.051738+00
3693,GAYAHWS,GAYAHWS,NSE,,1,0.01,2026-07-05 08:48:17.051738+00
758986,GCSL,GCSL,NSE,,1,0.05,2026-07-05 08:48:17.051738+00
17922,GEEKAYWIRE,GEEKAYWIRE,NSE,,1,0.01,2026-07-05 08:48:17.051738+00
759461,GEMAROMA,GEMAROMA,NSE,,1,0.01,2026-07-05 08:48:17.051738+00
2188,GENCON,GENCON,NSE,,1,0.01,2026-07-05 08:48:17.051738+00
10905,GENESYS,GENESYS,NSE,,1,0.05,2026-07-05 08:48:17.051738+00
6600,GENUSPAPER,GENUSPAPER,NSE,,1,0.01,2026-07-05 08:48:17.051738+00
11905,GENUSPOWER,GENUSPOWER,NSE,,1,0.05,2026-07-05 08:48:17.051738+00
11896,GEOJITFSL,GEOJITFSL,NSE,,1,0.01,2026-07-05 08:48:17.051738+00
13776,GESHIP,GESHIP,NSE,,1,0.10,2026-07-05 08:48:17.051738+00
1289,GFLLIMITED,GFLLIMITED,NSE,,1,0.01,2026-07-05 08:48:17.051738+00
1127,GHCL,GHCL,NSE,,1,0.05,2026-07-05 08:48:17.051738+00
16696,GHCLTEXTIL,GHCLTEXTIL,NSE,,1,0.01,2026-07-05 08:48:17.051738+00
1139,GICHSGFIN,GICHSGFIN,NSE,,1,0.01,2026-07-05 08:48:17.051738+00
761025,GICL,GICL,NSE,,1,0.01,2026-07-05 08:48:17.051738+00
277,GICRE,GICRE,NSE,,1,0.05,2026-07-05 08:48:17.051738+00
17839,GILLANDERS,GILLANDERS,NSE,,1,0.01,2026-07-05 08:48:17.051738+00
1576,GILLETTE,GILLETTE,NSE,,1,0.50,2026-07-05 08:48:17.051738+00
1142,GINNIFILA,GINNIFILA,NSE,,1,0.01,2026-07-05 08:48:17.051738+00
1145,GIPCL,GIPCL,NSE,,1,0.01,2026-07-05 08:48:17.051738+00
759048,GKENERGY,GKENERGY,NSE,,1,0.01,2026-07-05 08:48:17.051738+00
761197,GKSL,GKSL,NSE,,1,0.01,2026-07-05 08:48:17.051738+00
17357,GKWLIMITED,GKWLIMITED,NSE,,1,0.10,2026-07-05 08:48:17.051738+00
1186,GLAND,GLAND,NSE,,1,0.10,2026-07-05 08:48:17.051738+00
1153,GLAXO,GLAXO,NSE,,1,0.10,2026-07-05 08:48:17.051738+00
7406,GLENMARK,GLENMARK,NSE,,1,0.10,2026-07-05 08:48:17.051738+00
1415,GLOBAL,GLOBAL,NSE,,1,0.01,2026-07-05 08:48:17.051738+00
13735,GLOBALVECT,GLOBALVECT,NSE,,1,0.01,2026-07-05 08:48:17.051738+00
393,GLOBE,GLOBE,NSE,,1,0.01,2026-07-05 08:48:17.051738+00
17424,GLOBUSSPR,GLOBUSSPR,NSE,,1,0.05,2026-07-05 08:48:17.051738+00
23590,GLOSTERLTD,GLOSTERLTD,NSE,,1,0.05,2026-07-05 08:48:17.051738+00
1168,GMBREW,GMBREW,NSE,,1,0.05,2026-07-05 08:48:17.051738+00
5204,GMDCLTD,GMDCLTD,NSE,,1,0.05,2026-07-05 08:48:17.051738+00
1570,GMMPFAUDLR,GMMPFAUDLR,NSE,,1,0.05,2026-07-05 08:48:17.051738+00
13528,GMRAIRPORT,GMRAIRPORT,NSE,,1,0.01,2026-07-05 08:48:17.051738+00
8529,GMRP&UI,GMRP&UI,NSE,,1,0.01,2026-07-05 08:48:17.051738+00
18571,GNA,GNA,NSE,,1,0.05,2026-07-05 08:48:17.051738+00
1174,GNFC,GNFC,NSE,,1,0.05,2026-07-05 08:48:17.051738+00
762690,GNRL,GNRL,NSE,,1,0.01,2026-07-05 08:48:17.051738+00
14687,GOACARBON,GOACARBON,NSE,,1,0.05,2026-07-05 08:48:17.051738+00
3963,GOCLCORP,GOCLCORP,NSE,,1,0.05,2026-07-05 08:48:17.051738+00
6964,GOCOLORS,GOCOLORS,NSE,,1,0.05,2026-07-05 08:48:17.051738+00
25941,GODAVARIB,GODAVARIB,NSE,,1,0.05,2026-07-05 08:48:17.051738+00
1181,GODFRYPHLP,GODFRYPHLP,NSE,,1,0.10,2026-07-05 08:48:17.051738+00
23799,GODIGIT,GODIGIT,NSE,,1,0.05,2026-07-05 08:48:17.051738+00
144,GODREJAGRO,GODREJAGRO,NSE,,1,0.05,2026-07-05 08:48:17.051738+00
10099,GODREJCP,GODREJCP,NSE,,1,0.10,2026-07-05 08:48:17.051738+00
10925,GODREJIND,GODREJIND,NSE,,1,0.10,2026-07-05 08:48:17.051738+00
17875,GODREJPROP,GODREJPROP,NSE,,1,0.10,2026-07-05 08:48:17.051738+00
11778,GOKEX,GOKEX,NSE,,1,0.05,2026-07-05 08:48:17.051738+00
16705,GOKUL,GOKUL,NSE,,1,0.01,2026-07-05 08:48:17.051738+00
14480,GOKULAGRO,GOKULAGRO,NSE,,1,0.01,2026-07-05 08:48:17.051738+00
11971,GOLDIAM,GOLDIAM,NSE,,1,0.05,2026-07-05 08:48:17.051738+00
6125,GOODLUCK,GOODLUCK,NSE,,1,0.10,2026-07-05 08:48:17.051738+00
1205,GOODYEAR,GOODYEAR,NSE,,1,0.05,2026-07-05 08:48:17.051738+00
23066,GOPAL,GOPAL,NSE,,1,0.05,2026-07-05 08:48:17.051738+00
11787,GOYALALUM,GOYALALUM,NSE,,1,0.01,2026-07-05 08:48:17.051738+00
13409,GPIL,GPIL,NSE,,1,0.05,2026-07-05 08:48:17.051738+00
19731,GPPL,GPPL,NSE,,1,0.01,2026-07-05 08:48:17.051738+00
22846,GPTHEALTH,GPTHEALTH,NSE,,1,0.01,2026-07-05 08:48:17.051738+00
17685,GPTINFRA,GPTINFRA,NSE,,1,0.01,2026-07-05 08:48:17.051738+00
763299,GRADIENTE,GRADIENTE,NSE,,1,0.01,2026-07-05 08:48:17.051738+00
762695,GRANDOAK,GRANDOAK,NSE,,1,0.01,2026-07-05 08:48:17.051738+00
11872,GRANULES,GRANULES,NSE,,1,0.05,2026-07-05 08:48:17.051738+00
592,GRAPHITE,GRAPHITE,NSE,,1,0.05,2026-07-05 08:48:17.051738+00
1232,GRASIM,GRASIM,NSE,,1,0.10,2026-07-05 08:48:17.051738+00
5200,GRAUWEIL,GRAUWEIL,NSE,,1,0.01,2026-07-05 08:48:17.051738+00
762700,GRAVISSHO,GRAVISSHO,NSE,,1,0.01,2026-07-05 08:48:17.051738+00
20534,GRAVITA,GRAVITA,NSE,,1,0.10,2026-07-05 08:48:17.051738+00
1235,GREAVESCOT,GREAVESCOT,NSE,,1,0.01,2026-07-05 08:48:17.051738+00
6848,GREENLAM,GREENLAM,NSE,,1,0.05,2026-07-05 08:48:17.051738+00
13810,GREENPANEL,GREENPANEL,NSE,,1,0.01,2026-07-05 08:48:17.051738+00
3987,GREENPLY,GREENPLY,NSE,,1,0.05,2026-07-05 08:48:17.051738+00
20110,GREENPOWER,GREENPOWER,NSE,,1,0.01,2026-07-05 08:48:17.051738+00
13560,GRINDWELL,GRINDWELL,NSE,,1,0.10,2026-07-05 08:48:17.051738+00
5054,GRINFRA,GRINFRA,NSE,,1,0.05,2026-07-05 08:48:17.051738+00
10871,GRMOVER,GRMOVER,NSE,,1,0.01,2026-07-05 08:48:17.051738+00
17770,GROBTEA,GROBTEA,NSE,,1,0.05,2026-07-05 08:48:17.051738+00
759806,GROWW,GROWW,NSE,,1,0.01,2026-07-05 08:48:17.051738+00
6543,GRPLTD,GRPLTD,NSE,,1,0.10,2026-07-05 08:48:17.051738+00
5475,GRSE,GRSE,NSE,,1,0.10,2026-07-05 08:48:17.051738+00
7982,GRWRHITECH,GRWRHITECH,NSE,,1,0.50,2026-07-05 08:48:17.051738+00
1247,GSFC,GSFC,NSE,,1,0.01,2026-07-05 08:48:17.051738+00
14599,GSLSU,GSLSU,NSE,,1,0.01,2026-07-05 08:48:17.051738+00
762239,GSPCROP,GSPCROP,NSE,,1,0.05,2026-07-05 08:48:17.051738+00
1162,GTL,GTL,NSE,,1,0.01,2026-07-05 08:48:17.051738+00
13745,GTLINFRA,GTLINFRA,NSE,,1,0.01,2026-07-05 08:48:17.051738+00
21195,GTPL,GTPL,NSE,,1,0.01,2026-07-05 08:48:17.051738+00
11606,GUFICBIO,GUFICBIO,NSE,,1,0.05,2026-07-05 08:48:17.051738+00
1267,GUJALKALI,GUJALKALI,NSE,,1,0.05,2026-07-05 08:48:17.051738+00
14677,GUJAPOLLO,GUJAPOLLO,NSE,,1,0.05,2026-07-05 08:48:17.051738+00
4548,GUJRAFFIA,GUJRAFFIA,NSE,,1,0.01,2026-07-05 08:48:17.051738+00
29731,GUJTHEM,GUJTHEM,NSE,,1,0.05,2026-07-05 08:48:17.051738+00
4391,GULFOILLUB,GULFOILLUB,NSE,,1,0.10,2026-07-05 08:48:17.051738+00
6286,GULPOLY,GULPOLY,NSE,,1,0.01,2026-07-05 08:48:17.051738+00
7862,GVPIL,GVPIL,NSE,,1,0.05,2026-07-05 08:48:17.051738+00
10865,GVPTECH,GVPTECH,NSE,,1,0.01,2026-07-05 08:48:17.051738+00
16783,GVT&D,GVT&D,NSE,,1,0.10,2026-07-05 08:48:17.051738+00
2303,HAL,HAL,NSE,,1,0.10,2026-07-05 08:48:17.051738+00
760715,HALDER,HALDER,NSE,,1,0.01,2026-07-05 08:48:17.051738+00
21551,HALEOSLABS,HALEOSLABS,NSE,,1,0.10,2026-07-05 08:48:17.051738+00
48,HAPPSTMNDS,HAPPSTMNDS,NSE,,1,0.05,2026-07-05 08:48:17.051738+00
20854,HAPPYFORGE,HAPPYFORGE,NSE,,1,0.10,2026-07-05 08:48:17.051738+00
8962,HARDWYN,HARDWYN,NSE,,1,0.01,2026-07-05 08:48:17.051738+00
8968,HARIOMPIPE,HARIOMPIPE,NSE,,1,0.05,2026-07-05 08:48:17.051738+00
1313,HARRMALAYA,HARRMALAYA,NSE,,1,0.01,2026-07-05 08:48:17.051738+00
11162,HARSHA,HARSHA,NSE,,1,0.05,2026-07-05 08:48:17.051738+00
18154,HATHWAY,HATHWAY,NSE,,1,0.01,2026-07-05 08:48:17.051738+00
3892,HATSUN,HATSUN,NSE,,1,0.05,2026-07-05 08:48:17.051738+00
9819,HAVELLS,HAVELLS,NSE,,1,0.10,2026-07-05 08:48:17.051738+00
7457,HAVISHA,HAVISHA,NSE,,1,0.01,2026-07-05 08:48:17.051738+00
4444,HAWKINCOOK,HAWKINCOOK,NSE,,1,0.50,2026-07-05 08:48:17.051738+00
762712,HBESD,HBESD,NSE,,1,0.01,2026-07-05 08:48:17.051738+00
13966,HBLENGINE,HBLENGINE,NSE,,1,0.05,2026-07-05 08:48:17.051738+00
1375,HCC,HCC,NSE,,1,0.01,2026-07-05 08:48:17.051738+00
15555,HCG,HCG,NSE,,1,0.05,2026-07-05 08:48:17.051738+00
1327,HCL-INSYS,HCL-INSYS,NSE,,1,0.01,2026-07-05 08:48:17.051738+00
7229,HCLTECH,HCLTECH,NSE,,1,0.10,2026-07-05 08:48:17.051738+00
757772,HDBFS,HDBFS,NSE,,1,0.05,2026-07-05 08:48:17.051738+00
4244,HDFCAMC,HDFCAMC,NSE,,1,0.10,2026-07-05 08:48:17.051738+00
1333,HDFCBANK,HDFCBANK,NSE,,1,0.05,2026-07-05 08:48:17.051738+00
467,HDFCLIFE,HDFCLIFE,NSE,,1,0.05,2026-07-05 08:48:17.051738+00
19205,HEADSUP,HEADSUP,NSE,,1,0.01,2026-07-05 08:48:17.051738+00
20063,HEALTHX,HEALTHX,NSE,,1,0.05,2026-07-05 08:48:17.051738+00
7425,HECPROJECT,HECPROJECT,NSE,,1,0.01,2026-07-05 08:48:17.051738+00
1336,HEG,HEG,NSE,,1,0.05,2026-07-05 08:48:17.051738+00
2316,HEIDELBERG,HEIDELBERG,NSE,,1,0.01,2026-07-05 08:48:17.051738+00
701,HEMIPROP,HEMIPROP,NSE,,1,0.01,2026-07-05 08:48:17.051738+00
2614,HERANBA,HERANBA,NSE,,1,0.01,2026-07-05 08:48:17.051738+00
4598,HERITGFOOD,HERITGFOOD,NSE,,1,0.05,2026-07-05 08:48:17.051738+00
1348,HEROMOTOCO,HEROMOTOCO,NSE,,1,0.10,2026-07-05 08:48:17.051738+00
7048,HESTERBIO,HESTERBIO,NSE,,1,0.10,2026-07-05 08:48:17.051738+00
750089,HEXAGON,HEXAGON,NSE,,1,0.01,2026-07-05 08:48:17.051738+00
27008,HEXATRADEX,HEXATRADEX,NSE,,1,0.01,2026-07-05 08:48:17.051738+00
29666,HEXT,HEXT,NSE,,1,0.05,2026-07-05 08:48:17.051738+00
21951,HFCL,HFCL,NSE,,1,0.01,2026-07-05 08:48:17.051738+00
1672,HGINFRA,HGINFRA,NSE,,1,0.05,2026-07-05 08:48:17.051738+00
13592,HGM,HGM,NSE,,1,0.01,2026-07-05 08:48:17.051738+00
14712,HGS,HGS,NSE,,1,0.05,2026-07-05 08:48:17.051738+00
9668,HIKAL,HIKAL,NSE,,1,0.01,2026-07-05 08:48:17.051738+00
1360,HIMATSEIDE,HIMATSEIDE,NSE,,1,0.01,2026-07-05 08:48:17.051738+00
1363,HINDALCO,HINDALCO,NSE,,1,0.05,2026-07-05 08:48:17.051738+00
1372,HINDCOMPOS,HINDCOMPOS,NSE,,1,0.05,2026-07-05 08:48:17.051738+00
17939,HINDCOPPER,HINDCOPPER,NSE,,1,0.05,2026-07-05 08:48:17.051738+00
1403,HINDOILEXP,HINDOILEXP,NSE,,1,0.01,2026-07-05 08:48:17.051738+00
1406,HINDPETRO,HINDPETRO,NSE,,1,0.05,2026-07-05 08:48:17.051738+00
1394,HINDUNILVR,HINDUNILVR,NSE,,1,0.10,2026-07-05 08:48:17.051738+00
15883,HINDWAREAP,HINDWAREAP,NSE,,1,0.05,2026-07-05 08:48:17.051738+00
1424,HINDZINC,HINDZINC,NSE,,1,0.05,2026-07-05 08:48:17.051738+00
13890,HIRECT,HIRECT,NSE,,1,0.10,2026-07-05 08:48:17.051738+00
19322,HISARMETAL,HISARMETAL,NSE,,1,0.01,2026-07-05 08:48:17.051738+00
2868,HITECH,HITECH,NSE,,1,0.01,2026-07-05 08:48:17.051738+00
2289,HLEGLAS,HLEGLAS,NSE,,1,0.05,2026-07-05 08:48:17.051738+00
1448,HLVLTD,HLVLTD,NSE,,1,0.01,2026-07-05 08:48:17.051738+00
17053,HMAAGRO,HMAAGRO,NSE,,1,0.01,2026-07-05 08:48:17.051738+00
19211,HMVL,HMVL,NSE,,1,0.01,2026-07-05 08:48:17.051738+00
12173,HNDFDS,HNDFDS,NSE,,1,0.05,2026-07-05 08:48:17.051738+00
2056,HOMEFIRST,HOMEFIRST,NSE,,1,0.10,2026-07-05 08:48:17.051738+00
19813,HONASA,HONASA,NSE,,1,0.05,2026-07-05 08:48:17.051738+00
3417,HONAUT,HONAUT,NSE,,1,5.00,2026-07-05 08:48:17.051738+00
3138,HONDAPOWER,HONDAPOWER,NSE,,1,0.10,2026-07-05 08:48:17.051738+00
7376,HPAL,HPAL,NSE,,1,0.01,2026-07-05 08:48:17.051738+00
11796,HPIL,HPIL,NSE,,1,0.01,2026-07-05 08:48:17.051738+00
18679,HPL,HPL,NSE,,1,0.05,2026-07-05 08:48:17.051738+00
14334,HSCL,HSCL,NSE,,1,0.05,2026-07-05 08:48:17.051738+00
11979,HTMEDIA,HTMEDIA,NSE,,1,0.01,2026-07-05 08:48:17.051738+00
14203,HUBTOWN,HUBTOWN,NSE,,1,0.01,2026-07-05 08:48:17.051738+00
20825,HUDCO,HUDCO,NSE,,1,0.01,2026-07-05 08:48:17.051738+00
2562,HUHTAMAKI,HUHTAMAKI,NSE,,1,0.01,2026-07-05 08:48:17.051738+00
25844,HYUNDAI,HYUNDAI,NSE,,1,0.10,2026-07-05 08:48:17.051738+00
6977,ICDSLTD,ICDSLTD,NSE,,1,0.01,2026-07-05 08:48:17.051738+00
489,ICEMAKE,ICEMAKE,NSE,,1,0.05,2026-07-05 08:48:17.051738+00
760407,ICICIAMC,ICICIAMC,NSE,,1,0.10,2026-07-05 08:48:17.051738+00
4963,ICICIBANK,ICICIBANK,NSE,,1,0.10,2026-07-05 08:48:17.051738+00
21770,ICICIGI,ICICIGI,NSE,,1,0.10,2026-07-05 08:48:17.051738+00
18652,ICICIPRULI,ICICIPRULI,NSE,,1,0.05,2026-07-05 08:48:17.051738+00
11987,ICIL,ICIL,NSE,,1,0.05,2026-07-05 08:48:17.051738+00
14523,ICRA,ICRA,NSE,,1,0.50,2026-07-05 08:48:17.051738+00
1476,IDBI,IDBI,NSE,,1,0.01,2026-07-05 08:48:17.051738+00
14366,IDEA,IDEA,NSE,,1,0.01,2026-07-05 08:48:17.051738+00
11184,IDFCFIRSTB,IDFCFIRSTB,NSE,,1,0.01,2026-07-05 08:48:17.051738+00
220,IEX,IEX,NSE,,1,0.01,2026-07-05 08:48:17.051738+00
1485,IFBIND,IFBIND,NSE,,1,0.10,2026-07-05 08:48:17.051738+00
1491,IFCI,IFCI,NSE,,1,0.01,2026-07-05 08:48:17.051738+00
436,IFGLEXPOR,IFGLEXPOR,NSE,,1,0.01,2026-07-05 08:48:17.051738+00
634,IGARASHI,IGARASHI,NSE,,1,0.05,2026-07-05 08:48:17.051738+00
757801,IGCL,IGCL,NSE,,1,0.01,2026-07-05 08:48:17.051738+00
28378,IGIL,IGIL,NSE,,1,0.05,2026-07-05 08:48:17.051738+00
11262,IGL,IGL,NSE,,1,0.01,2026-07-05 08:48:17.051738+00
14086,IGPL,IGPL,NSE,,1,0.05,2026-07-05 08:48:17.051738+00
11809,IIFL,IIFL,NSE,,1,0.05,2026-07-05 08:48:17.051738+00
13072,IIFLCAPS,IIFLCAPS,NSE,,1,0.05,2026-07-05 08:48:17.051738+00
19525,IITL,IITL,NSE,,1,0.01,2026-07-05 08:48:17.051738+00
16822,IKIO,IKIO,NSE,,1,0.01,2026-07-05 08:48:17.051738+00
28125,IKS,IKS,NSE,,1,0.10,2026-07-05 08:48:17.051738+00
7672,IMAGICAA,IMAGICAA,NSE,,1,0.01,2026-07-05 08:48:17.051738+00
19235,IMFA,IMFA,NSE,,1,0.10,2026-07-05 08:48:17.051738+00
12009,IMPAL,IMPAL,NSE,,1,0.10,2026-07-05 08:48:17.051738+00
761099,INA,INA,NSE,,1,0.01,2026-07-05 08:48:17.051738+00
17507,INCREDIBLE,INCREDIBLE,NSE,,1,0.01,2026-07-05 08:48:17.051738+00
16933,INDBANK,INDBANK,NSE,,1,0.01,2026-07-05 08:48:17.051738+00
23693,INDGN,INDGN,NSE,,1,0.05,2026-07-05 08:48:17.051738+00
1512,INDHOTEL,INDHOTEL,NSE,,1,0.05,2026-07-05 08:48:17.051738+00
1515,INDIACEM,INDIACEM,NSE,,1,0.05,2026-07-05 08:48:17.051738+00
1521,INDIAGLYCO,INDIAGLYCO,NSE,,1,0.05,2026-07-05 08:48:17.051738+00
10726,INDIAMART,INDIAMART,NSE,,1,0.10,2026-07-05 08:48:17.051738+00
14309,INDIANB,INDIANB,NSE,,1,0.05,2026-07-05 08:48:17.051738+00
4422,INDIANCARD,INDIANCARD,NSE,,1,0.01,2026-07-05 08:48:17.051738+00
1530,INDIANHUME,INDIANHUME,NSE,,1,0.05,2026-07-05 08:48:17.051738+00
20556,INDIASHLTR,INDIASHLTR,NSE,,1,0.05,2026-07-05 08:48:17.051738+00
11195,INDIGO,INDIGO,NSE,,1,0.50,2026-07-05 08:48:17.051738+00
2048,INDIGOPNTS,INDIGOPNTS,NSE,,1,0.10,2026-07-05 08:48:17.051738+00
757845,INDIQUBE,INDIQUBE,NSE,,1,0.01,2026-07-05 08:48:17.051738+00
4747,INDNIPPON,INDNIPPON,NSE,,1,0.10,2026-07-05 08:48:17.051738+00
8614,INDOBORAX,INDOBORAX,NSE,,1,0.05,2026-07-05 08:48:17.051738+00
11677,INDOCO,INDOCO,NSE,,1,0.01,2026-07-05 08:48:17.051738+00
29025,INDOFARM,INDOFARM,NSE,,1,0.01,2026-07-05 08:48:17.051738+00
10993,INDORAMA,INDORAMA,NSE,,1,0.01,2026-07-05 08:48:17.051738+00
3088,INDOSTAR,INDOSTAR,NSE,,1,0.05,2026-07-05 08:48:17.051738+00
25608,INDOTHAI,INDOTHAI,NSE,,1,0.01,2026-07-05 08:48:17.051738+00
25503,INDOUS,INDOUS,NSE,,1,0.01,2026-07-05 08:48:17.051738+00
762717,INDPRUD,INDPRUD,NSE,,1,0.50,2026-07-05 08:48:17.051738+00
4751,INDRAMEDCO,INDRAMEDCO,NSE,,1,0.05,2026-07-05 08:48:17.051738+00
4870,INDSWFTLAB,INDSWFTLAB,NSE,,1,0.01,2026-07-05 08:48:17.051738+00
21957,INDTERRAIN,INDTERRAIN,NSE,,1,0.01,2026-07-05 08:48:17.051738+00
5258,INDUSINDBK,INDUSINDBK,NSE,,1,0.05,2026-07-05 08:48:17.051738+00
29135,INDUSTOWER,INDUSTOWER,NSE,,1,0.05,2026-07-05 08:48:17.051738+00
11027,INFOBEAN,INFOBEAN,NSE,,1,0.01,2026-07-05 08:48:17.051738+00
13693,INFOMEDIA,INFOMEDIA,NSE,,1,0.01,2026-07-05 08:48:17.051738+00
1594,INFY,INFY,NSE,,1,0.10,2026-07-05 08:48:17.051738+00
1597,INGERRAND,INGERRAND,NSE,,1,0.10,2026-07-05 08:48:17.051738+00
21062,INNOVACAP,INNOVACAP,NSE,,1,0.05,2026-07-05 08:48:17.051738+00
27754,INNOVANA,INNOVANA,NSE,,1,0.05,2026-07-05 08:48:17.051738+00
761528,INNOVISION,INNOVISION,NSE,,1,0.05,2026-07-05 08:48:17.051738+00
12188,INOXGREEN,INOXGREEN,NSE,,1,0.01,2026-07-05 08:48:17.051738+00
20607,INOXINDIA,INOXINDIA,NSE,,1,0.10,2026-07-05 08:48:17.051738+00
7852,INOXWIND,INOXWIND,NSE,,1,0.01,2026-07-05 08:48:17.051738+00
14657,INSECTICID,INSECTICID,NSE,,1,0.05,2026-07-05 08:48:17.051738+00
5926,INTELLECT,INTELLECT,NSE,,1,0.05,2026-07-05 08:48:17.051738+00
20071,INTENTECH,INTENTECH,NSE,,1,0.01,2026-07-05 08:48:17.051738+00
24909,INTERARCH,INTERARCH,NSE,,1,0.10,2026-07-05 08:48:17.051738+00
5606,INTLCONV,INTLCONV,NSE,,1,0.01,2026-07-05 08:48:17.051738+00
24870,INVENTURE,INVENTURE,NSE,,1,0.01,2026-07-05 08:48:17.051738+00
762722,INVPRECQ,INVPRECQ,NSE,,1,0.05,2026-07-05 08:48:17.051738+00
9348,IOB,IOB,NSE,,1,0.01,2026-07-05 08:48:17.051738+00
1624,IOC,IOC,NSE,,1,0.01,2026-07-05 08:48:17.051738+00
20413,IOLCP,IOLCP,NSE,,1,0.01,2026-07-05 08:48:17.051738+00
1630,IONEXCHANG,IONEXCHANG,NSE,,1,0.05,2026-07-05 08:48:17.051738+00
1633,IPCALAB,IPCALAB,NSE,,1,0.10,2026-07-05 08:48:17.051738+00
4934,IPL,IPL,NSE,,1,0.01,2026-07-05 08:48:17.051738+00
15313,IRB,IRB,NSE,,1,0.01,2026-07-05 08:48:17.051738+00
4986,IRCON,IRCON,NSE,,1,0.01,2026-07-05 08:48:17.051738+00
13611,IRCTC,IRCTC,NSE,,1,0.05,2026-07-05 08:48:17.051738+00
20261,IREDA,IREDA,NSE,,1,0.01,2026-07-05 08:48:17.051738+00
2029,IRFC,IRFC,NSE,,1,0.01,2026-07-05 08:48:17.051738+00
6489,IRIS,IRIS,NSE,,1,0.05,2026-07-05 08:48:17.051738+00
2275,IRISDOREME,IRISDOREME,NSE,,1,0.01,2026-07-05 08:48:17.051738+00
19597,IRMENERGY,IRMENERGY,NSE,,1,0.05,2026-07-05 08:48:17.051738+00
18479,ISFT,ISFT,NSE,,1,0.01,2026-07-05 08:48:17.051738+00
3329,ISGEC,ISGEC,NSE,,1,0.05,2026-07-05 08:48:17.051738+00
30249,ISHANCH,ISHANCH,NSE,,1,0.01,2026-07-05 08:48:17.051738+00
1660,ITC,ITC,NSE,,1,0.05,2026-07-05 08:48:17.051738+00
29251,ITCHOTELS,ITCHOTELS,NSE,,1,0.01,2026-07-05 08:48:17.051738+00
19299,ITDC,ITDC,NSE,,1,0.05,2026-07-05 08:48:17.051738+00
1675,ITI,ITI,NSE,,1,0.05,2026-07-05 08:48:17.051738+00
759041,IVALUE,IVALUE,NSE,,1,0.05,2026-07-05 08:48:17.051738+00
6711,IVC,IVC,NSE,,1,0.01,2026-07-05 08:48:17.051738+00
1681,IVP,IVP,NSE,,1,0.01,2026-07-05 08:48:17.051738+00
762727,IWP,IWP,NSE,,1,0.01,2026-07-05 08:48:17.051738+00
24067,IXIGO,IXIGO,NSE,,1,0.01,2026-07-05 08:48:17.051738+00
14174,IZMO,IZMO,NSE,,1,0.10,2026-07-05 08:48:17.051738+00
5633,J&KBANK,J&KBANK,NSE,,1,0.01,2026-07-05 08:48:17.051738+00
13211,JAGRAN,JAGRAN,NSE,,1,0.01,2026-07-05 08:48:17.051738+00
4410,JAGSNPHARM,JAGSNPHARM,NSE,,1,0.01,2026-07-05 08:48:17.051738+00
5143,JAICORPLTD,JAICORPLTD,NSE,,1,0.01,2026-07-05 08:48:17.051738+00
759244,JAINREC,JAINREC,NSE,,1,0.05,2026-07-05 08:48:17.051738+00
5516,JAIPURKURT,JAIPURKURT,NSE,,1,0.01,2026-07-05 08:48:17.051738+00
20778,JAMNAAUTO,JAMNAAUTO,NSE,,1,0.01,2026-07-05 08:48:17.051738+00
759951,JARO,JARO,NSE,,1,0.05,2026-07-05 08:48:17.051738+00
13982,JASH,JASH,NSE,,1,0.05,2026-07-05 08:48:17.051738+00
4041,JAYAGROGN,JAYAGROGN,NSE,,1,0.01,2026-07-05 08:48:17.051738+00
1708,JAYBARMARU,JAYBARMARU,NSE,,1,0.01,2026-07-05 08:48:17.051738+00
760073,JAYKAY,JAYKAY,NSE,,1,0.01,2026-07-05 08:48:17.051738+00
2331,JAYNECOIND,JAYNECOIND,NSE,,1,0.01,2026-07-05 08:48:17.051738+00
1720,JAYSREETEA,JAYSREETEA,NSE,,1,0.01,2026-07-05 08:48:17.051738+00
1726,JBCHEPHARM,JBCHEPHARM,NSE,,1,0.10,2026-07-05 08:48:17.051738+00
11655,JBMA,JBMA,NSE,,1,0.05,2026-07-05 08:48:17.051738+00
7211,JETFREIGHT,JETFREIGHT,NSE,,1,0.01,2026-07-05 08:48:17.051738+00
23056,JGCHEM,JGCHEM,NSE,,1,0.05,2026-07-05 08:48:17.051738+00
13720,JHS,JHS,NSE,,1,0.01,2026-07-05 08:48:17.051738+00
11743,JINDALPHOT,JINDALPHOT,NSE,,1,0.10,2026-07-05 08:48:17.051738+00
1756,JINDALPOLY,JINDALPOLY,NSE,,1,0.05,2026-07-05 08:48:17.051738+00
3024,JINDALSAW,JINDALSAW,NSE,,1,0.05,2026-07-05 08:48:17.051738+00
6733,JINDALSTEL,JINDALSTEL,NSE,,1,0.10,2026-07-05 08:48:17.051738+00
13875,JINDRILL,JINDRILL,NSE,,1,0.05,2026-07-05 08:48:17.051738+00
20642,JINDWORLD,JINDWORLD,NSE,,1,0.01,2026-07-05 08:48:17.051738+00
18143,JIOFIN,JIOFIN,NSE,,1,0.01,2026-07-05 08:48:17.051738+00
25684,JISLDVREQS,JISLDVREQS,NSE,,1,0.01,2026-07-05 08:48:17.051738+00
10397,JISLJALEQS,JISLJALEQS,NSE,,1,0.01,2026-07-05 08:48:17.051738+00
19691,JITFINFRA,JITFINFRA,NSE,,1,0.05,2026-07-05 08:48:17.051738+00
13270,JKCEMENT,JKCEMENT,NSE,,1,0.50,2026-07-05 08:48:17.051738+00
15266,JKIL,JKIL,NSE,,1,0.05,2026-07-05 08:48:17.051738+00
13491,JKLAKSHMI,JKLAKSHMI,NSE,,1,0.05,2026-07-05 08:48:17.051738+00
11860,JKPAPER,JKPAPER,NSE,,1,0.05,2026-07-05 08:48:17.051738+00
14435,JKTYRE,JKTYRE,NSE,,1,0.05,2026-07-05 08:48:17.051738+00
18553,JLHL,JLHL,NSE,,1,0.10,2026-07-05 08:48:17.051738+00
7109,JMA,JMA,NSE,,1,0.01,2026-07-05 08:48:17.051738+00
13637,JMFINANCIL,JMFINANCIL,NSE,,1,0.01,2026-07-05 08:48:17.051738+00
23621,JNKINDIA,JNKINDIA,NSE,,1,0.05,2026-07-05 08:48:17.051738+00
31507,JPOLYINVST,JPOLYINVST,NSE,,1,0.10,2026-07-05 08:48:17.051738+00
11763,JPPOWER,JPPOWER,NSE,,1,0.01,2026-07-05 08:48:17.051738+00
22663,JSFB,JSFB,NSE,,1,0.05,2026-07-05 08:48:17.051738+00
11236,JSL,JSL,NSE,,1,0.05,2026-07-05 08:48:17.051738+00
758115,JSLL,JSLL,NSE,,1,0.05,2026-07-05 08:48:17.051738+00
758460,JSWCEMENT,JSWCEMENT,NSE,,1,0.01,2026-07-05 08:48:17.051738+00
1467,JSWDULUX,JSWDULUX,NSE,,1,0.10,2026-07-05 08:48:17.051738+00
17869,JSWENERGY,JSWENERGY,NSE,,1,0.05,2026-07-05 08:48:17.051738+00
11880,JSWHL,JSWHL,NSE,,1,1.00,2026-07-05 08:48:17.051738+00
19020,JSWINFRA,JSWINFRA,NSE,,1,0.05,2026-07-05 08:48:17.051738+00
11723,JSWSTEEL,JSWSTEEL,NSE,,1,0.10,2026-07-05 08:48:17.051738+00
3237,JTEKTINDIA,JTEKTINDIA,NSE,,1,0.01,2026-07-05 08:48:17.051738+00
7287,JTLIND,JTLIND,NSE,,1,0.01,2026-07-05 08:48:17.051738+00
29590,JUBLCPL,JUBLCPL,NSE,,1,0.10,2026-07-05 08:48:17.051738+00
18096,JUBLFOOD,JUBLFOOD,NSE,,1,0.05,2026-07-05 08:48:17.051738+00
2783,JUBLINGREA,JUBLINGREA,NSE,,1,0.05,2026-07-05 08:48:17.051738+00
3637,JUBLPHARMA,JUBLPHARMA,NSE,,1,0.05,2026-07-05 08:48:17.051738+00
22824,JUNIPER,JUNIPER,NSE,,1,0.01,2026-07-05 08:48:17.051738+00
29962,JUSTDIAL,JUSTDIAL,NSE,,1,0.05,2026-07-05 08:48:17.051738+00
20224,JWL,JWL,NSE,,1,0.05,2026-07-05 08:48:17.051738+00
15146,JYOTHYLAB,JYOTHYLAB,NSE,,1,0.01,2026-07-05 08:48:17.051738+00
21334,JYOTICNC,JYOTICNC,NSE,,1,0.05,2026-07-05 08:48:17.051738+00
1802,JYOTISTRUC,JYOTISTRUC,NSE,,1,0.01,2026-07-05 08:48:17.051738+00
1805,KABRAEXTRU,KABRAEXTRU,NSE,,1,0.05,2026-07-05 08:48:17.051738+00
1808,KAJARIACER,KAJARIACER,NSE,,1,0.10,2026-07-05 08:48:17.051738+00
18755,KALAMANDIR,KALAMANDIR,NSE,,1,0.01,2026-07-05 08:48:17.051738+00
758558,KALPATARU,KALPATARU,NSE,,1,0.05,2026-07-05 08:48:17.051738+00
15156,KALYANIFRG,KALYANIFRG,NSE,,1,0.05,2026-07-05 08:48:17.051738+00
2955,KALYANKJIL,KALYANKJIL,NSE,,1,0.05,2026-07-05 08:48:17.051738+00
762732,KAMAHOLD,KAMAHOLD,NSE,,1,0.10,2026-07-05 08:48:17.051738+00
1826,KAMATHOTEL,KAMATHOTEL,NSE,,1,0.01,2026-07-05 08:48:17.051738+00
13814,KAMOPAINTS,KAMOPAINTS,NSE,,1,0.01,2026-07-05 08:48:17.051738+00
25786,KANANIIND,KANANIIND,NSE,,1,0.01,2026-07-05 08:48:17.051738+00
1782,KANPRPLA,KANPRPLA,NSE,,1,0.01,2026-07-05 08:48:17.051738+00
1196,KANSAINER,KANSAINER,NSE,,1,0.01,2026-07-05 08:48:17.051738+00
18967,KAPSTON,KAPSTON,NSE,,1,0.05,2026-07-05 08:48:17.051738+00
24385,KARMAENG,KARMAENG,NSE,,1,0.01,2026-07-05 08:48:17.051738+00
1838,KARURVYSYA,KARURVYSYA,NSE,,1,0.05,2026-07-05 08:48:17.051738+00
15136,KAUSHALYA,KAUSHALYA,NSE,,1,0.05,2026-07-05 08:48:17.051738+00
15244,KAVDEFENCE,KAVDEFENCE,NSE,,1,0.01,2026-07-05 08:48:17.051738+00
10276,KAYA,KAYA,NSE,,1,0.01,2026-07-05 08:48:17.051738+00
12092,KAYNES,KAYNES,NSE,,1,0.10,2026-07-05 08:48:17.051738+00
1841,KCP,KCP,NSE,,1,0.01,2026-07-05 08:48:17.051738+00
4809,KCPSUGIND,KCPSUGIND,NSE,,1,0.01,2026-07-05 08:48:17.051738+00
14908,KDDL,KDDL,NSE,,1,0.10,2026-07-05 08:48:17.051738+00
13260,KEC,KEC,NSE,,1,0.05,2026-07-05 08:48:17.051738+00
778,KEEPLEARN,KEEPLEARN,NSE,,1,0.01,2026-07-05 08:48:17.051738+00
13310,KEI,KEI,NSE,,1,0.50,2026-07-05 08:48:17.051738+00
13430,KELLTONTEC,KELLTONTEC,NSE,,1,0.01,2026-07-05 08:48:17.051738+00
11841,KENNAMET,KENNAMET,NSE,,1,0.10,2026-07-05 08:48:17.051738+00
13121,KERNEX,KERNEX,NSE,,1,0.10,2026-07-05 08:48:17.051738+00
4157,KEYFINSERV,KEYFINSERV,NSE,,1,0.01,2026-07-05 08:48:17.051738+00
13359,KFINTECH,KFINTECH,NSE,,1,0.05,2026-07-05 08:48:17.051738+00
9641,KHANDSE,KHANDSE,NSE,,1,0.01,2026-07-05 08:48:17.051738+00
21119,KICL,KICL,NSE,,1,0.50,2026-07-05 08:48:17.051738+00
4847,KIMS,KIMS,NSE,,1,0.05,2026-07-05 08:48:17.051738+00
18944,KINGFA,KINGFA,NSE,,1,0.50,2026-07-05 08:48:17.051738+00
19126,KIOCL,KIOCL,NSE,,1,0.05,2026-07-05 08:48:17.051738+00
762742,KIRANVYPAR,KIRANVYPAR,NSE,,1,0.01,2026-07-05 08:48:17.051738+00
16639,KIRIINDUS,KIRIINDUS,NSE,,1,0.05,2026-07-05 08:48:17.051738+00
14466,KIRLFER,KIRLFER,NSE,,1,0.05,2026-07-05 08:48:17.051738+00
18581,KIRLOSBROS,KIRLOSBROS,NSE,,1,0.10,2026-07-05 08:48:17.051738+00
20936,KIRLOSENG,KIRLOSENG,NSE,,1,0.10,2026-07-05 08:48:17.051738+00
19025,KIRLOSIND,KIRLOSIND,NSE,,1,0.10,2026-07-05 08:48:17.051738+00
15180,KIRLPNU,KIRLPNU,NSE,,1,0.10,2026-07-05 08:48:17.051738+00
763294,KISSHT,KISSHT,NSE,,1,0.05,2026-07-05 08:48:17.051738+00
28899,KITEX,KITEX,NSE,,1,0.01,2026-07-05 08:48:17.051738+00
13381,KKCL,KKCL,NSE,,1,0.05,2026-07-05 08:48:17.051738+00
762747,KLBRENG-B,KLBRENG-B,NSE,,1,0.05,2026-07-05 08:48:17.051738+00
27084,KMEW,KMEW,NSE,,1,0.10,2026-07-05 08:48:17.051738+00
14667,KMSUGAR,KMSUGAR,NSE,,1,0.01,2026-07-05 08:48:17.051738+00
760923,KNAGRI,KNAGRI,NSE,,1,0.01,2026-07-05 08:48:17.051738+00
15283,KNRCON,KNRCON,NSE,,1,0.01,2026-07-05 08:48:17.051738+00
3009,KOHINOOR,KOHINOOR,NSE,,1,0.01,2026-07-05 08:48:17.051738+00
16827,KOKUYOCMLN,KOKUYOCMLN,NSE,,1,0.01,2026-07-05 08:48:17.051738+00
15124,KOLTEPATIL,KOLTEPATIL,NSE,,1,0.05,2026-07-05 08:48:17.051738+00
1922,KOTAKBANK,KOTAKBANK,NSE,,1,0.05,2026-07-05 08:48:17.051738+00
11647,KOTARISUG,KOTARISUG,NSE,,1,0.01,2026-07-05 08:48:17.051738+00
4594,KOTHARIPET,KOTHARIPET,NSE,,1,0.01,2026-07-05 08:48:17.051738+00
5528,KOTHARIPRO,KOTHARIPRO,NSE,,1,0.01,2026-07-05 08:48:17.051738+00
762752,KOTIC,KOTIC,NSE,,1,0.01,2026-07-05 08:48:17.051738+00
5192,KOVAI,KOVAI,NSE,,1,0.50,2026-07-05 08:48:17.051738+00
27079,KPEL,KPEL,NSE,,1,0.05,2026-07-05 08:48:17.051738+00
5108,KPIGREEN,KPIGREEN,NSE,,1,0.05,2026-07-05 08:48:17.051738+00
1814,KPIL,KPIL,NSE,,1,0.10,2026-07-05 08:48:17.051738+00
9683,KPITTECH,KPITTECH,NSE,,1,0.05,2026-07-05 08:48:17.051738+00
762757,KPL,KPL,NSE,,1,0.10,2026-07-05 08:48:17.051738+00
14912,KPRMILL,KPRMILL,NSE,,1,0.10,2026-07-05 08:48:17.051738+00
10577,KRBL,KRBL,NSE,,1,0.05,2026-07-05 08:48:17.051738+00
1937,KREBSBIO,KREBSBIO,NSE,,1,0.01,2026-07-05 08:48:17.051738+00
12847,KRISHANA,KRISHANA,NSE,,1,0.05,2026-07-05 08:48:17.051738+00
756782,KRISHIVAL,KRISHIVAL,NSE,,1,0.05,2026-07-05 08:48:17.051738+00
761192,KRISHNADEF,KRISHNADEF,NSE,,1,0.10,2026-07-05 08:48:17.051738+00
9288,KRITIKA,KRITIKA,NSE,,1,0.01,2026-07-05 08:48:17.051738+00
24025,KRONOX,KRONOX,NSE,,1,0.01,2026-07-05 08:48:17.051738+00
25252,KROSS,KROSS,NSE,,1,0.01,2026-07-05 08:48:17.051738+00
5359,KRSNAA,KRSNAA,NSE,,1,0.05,2026-07-05 08:48:17.051738+00
23175,KRYSTAL,KRYSTAL,NSE,,1,0.05,2026-07-05 08:48:17.051738+00
1949,KSB,KSB,NSE,,1,0.05,2026-07-05 08:48:17.051738+00
14972,KSCL,KSCL,NSE,,1,0.05,2026-07-05 08:48:17.051738+00
760433,KSHINTL,KSHINTL,NSE,,1,0.05,2026-07-05 08:48:17.051738+00
18889,KSL,KSL,NSE,,1,0.05,2026-07-05 08:48:17.051738+00
11060,KSOLVES,KSOLVES,NSE,,1,0.05,2026-07-05 08:48:17.051738+00
759987,KSR,KSR,NSE,,1,0.01,2026-07-05 08:48:17.051738+00
8054,KTKBANK,KTKBANK,NSE,,1,0.05,2026-07-05 08:48:17.051738+00
13870,KUANTUM,KUANTUM,NSE,,1,0.01,2026-07-05 08:48:17.051738+00
760946,KWIL,KWIL,NSE,,1,0.01,2026-07-05 08:48:17.051738+00
5865,LAGNAM,LAGNAM,NSE,,1,0.01,2026-07-05 08:48:17.051738+00
762762,LAHOTIOV,LAHOTIOV,NSE,,1,0.01,2026-07-05 08:48:17.051738+00
14924,LAL,LAL,NSE,,1,0.01,2026-07-05 08:48:17.051738+00
11654,LALPATHLAB,LALPATHLAB,NSE,,1,0.10,2026-07-05 08:48:17.051738+00
6407,LAMBODHARA,LAMBODHARA,NSE,,1,0.01,2026-07-05 08:48:17.051738+00
23027,LANCORHOL,LANCORHOL,NSE,,1,0.01,2026-07-05 08:48:17.051738+00
13276,LANDMARK,LANDMARK,NSE,,1,0.05,2026-07-05 08:48:17.051738+00
17376,LANDSMILL,LANDSMILL,NSE,,1,0.01,2026-07-05 08:48:17.051738+00
14423,LAOPALA,LAOPALA,NSE,,1,0.01,2026-07-05 08:48:17.051738+00
21713,LASA,LASA,NSE,,1,0.01,2026-07-05 08:48:17.051738+00
6818,LATENTVIEW,LATENTVIEW,NSE,,1,0.05,2026-07-05 08:48:17.051738+00
19234,LAURUSLABS,LAURUSLABS,NSE,,1,0.10,2026-07-05 08:48:17.051738+00
6568,LAXMICOT,LAXMICOT,NSE,,1,0.01,2026-07-05 08:48:17.051738+00
29171,LAXMIDENTL,LAXMIDENTL,NSE,,1,0.01,2026-07-05 08:48:17.051738+00
7529,LCCINFOTEC,LCCINFOTEC,NSE,,1,0.01,2026-07-05 08:48:17.051738+00
760300,LEMERITE,LEMERITE,NSE,,1,0.01,2026-07-05 08:48:17.051738+00
2606,LEMONTREE,LEMONTREE,NSE,,1,0.01,2026-07-05 08:48:17.051738+00
759605,LENSKART,LENSKART,NSE,,1,0.05,2026-07-05 08:48:17.051738+00
14459,LEXUS,LEXUS,NSE,,1,0.01,2026-07-05 08:48:17.051738+00
7902,LFIC,LFIC,NSE,,1,0.01,2026-07-05 08:48:17.051738+00
18321,LGBBROSLTD,LGBBROSLTD,NSE,,1,0.10,2026-07-05 08:48:17.051738+00
760213,LGEINDIA,LGEINDIA,NSE,,1,0.10,2026-07-05 08:48:17.051738+00
19876,LGHL,LGHL,NSE,,1,0.01,2026-07-05 08:48:17.051738+00
11082,LIBAS,LIBAS,NSE,,1,0.01,2026-07-05 08:48:17.051738+00
1994,LIBERTSHOE,LIBERTSHOE,NSE,,1,0.05,2026-07-05 08:48:17.051738+00
1997,LICHSGFIN,LICHSGFIN,NSE,,1,0.05,2026-07-05 08:48:17.051738+00
9480,LICI,LICI,NSE,,1,0.05,2026-07-05 08:48:17.051738+00
6951,LINC,LINC,NSE,,1,0.01,2026-07-05 08:48:17.051738+00
11596,LINCOLN,LINCOLN,NSE,,1,0.05,2026-07-05 08:48:17.051738+00
1627,LINDEINDIA,LINDEINDIA,NSE,,1,0.50,2026-07-05 08:48:17.051738+00
17801,LLOYDSENGG,LLOYDSENGG,NSE,,1,0.01,2026-07-05 08:48:17.051738+00
25807,LLOYDSENT,LLOYDSENT,NSE,,1,0.01,2026-07-05 08:48:17.051738+00
17313,LLOYDSME,LLOYDSME,NSE,,1,0.10,2026-07-05 08:48:17.051738+00
1979,LMW,LMW,NSE,,1,1.00,2026-07-05 08:48:17.051738+00
3220,LODHA,LODHA,NSE,,1,0.05,2026-07-05 08:48:17.051738+00
18232,LORDSCHLO,LORDSCHLO,NSE,,1,0.01,2026-07-05 08:48:17.051738+00
758145,LOTUSDEV,LOTUSDEV,NSE,,1,0.01,2026-07-05 08:48:17.051738+00
16807,LOTUSEYE,LOTUSEYE,NSE,,1,0.01,2026-07-05 08:48:17.051738+00
22415,LOVABLE,LOVABLE,NSE,,1,0.01,2026-07-05 08:48:17.051738+00
10590,LOYALTEX,LOYALTEX,NSE,,1,0.01,2026-07-05 08:48:17.051738+00
16863,LPDC,LPDC,NSE,,1,0.01,2026-07-05 08:48:17.051738+00
11483,LT,LT,NSE,,1,0.10,2026-07-05 08:48:17.051738+00
24948,LTF,LTF,NSE,,1,0.05,2026-07-05 08:48:17.051738+00
13816,LTFOODS,LTFOODS,NSE,,1,0.05,2026-07-05 08:48:17.051738+00
17818,LTM,LTM,NSE,,1,0.10,2026-07-05 08:48:17.051738+00
18564,LTTS,LTTS,NSE,,1,0.10,2026-07-05 08:48:17.051738+00
2018,LUMAXIND,LUMAXIND,NSE,,1,0.50,2026-07-05 08:48:17.051738+00
14014,LUMAXTECH,LUMAXTECH,NSE,,1,0.10,2026-07-05 08:48:17.051738+00
10440,LUPIN,LUPIN,NSE,,1,0.10,2026-07-05 08:48:17.051738+00
11301,LUXIND,LUXIND,NSE,,1,0.10,2026-07-05 08:48:17.051738+00
2841,LXCHEM,LXCHEM,NSE,,1,0.01,2026-07-05 08:48:17.051738+00
31468,LYPSAGEMS,LYPSAGEMS,NSE,,1,0.01,2026-07-05 08:48:17.051738+00
2031,M&M,M&M,NSE,,1,0.10,2026-07-05 08:48:17.051738+00
13285,M&MFIN,M&MFIN,NSE,,1,0.05,2026-07-05 08:48:17.051738+00
15017,MAANALU,MAANALU,NSE,,1,0.01,2026-07-05 08:48:17.051738+00
22347,MACPOWER,MACPOWER,NSE,,1,0.10,2026-07-05 08:48:17.051738+00
15151,MADHAV,MADHAV,NSE,,1,0.01,2026-07-05 08:48:17.051738+00
762767,MADHAVIPL,MADHAVIPL,NSE,,1,0.01,2026-07-05 08:48:17.051738+00
4911,MADRASFERT,MADRASFERT,NSE,,1,0.01,2026-07-05 08:48:17.051738+00
762772,MAFATIND,MAFATIND,NSE,,1,0.01,2026-07-05 08:48:17.051738+00
21392,MAGADSUGAR,MAGADSUGAR,NSE,,1,0.05,2026-07-05 08:48:17.051738+00
14957,MAGNUM,MAGNUM,NSE,,1,0.01,2026-07-05 08:48:17.051738+00
11377,MAHABANK,MAHABANK,NSE,,1,0.01,2026-07-05 08:48:17.051738+00
5239,MAHAPEXLTD,MAHAPEXLTD,NSE,,1,0.01,2026-07-05 08:48:17.051738+00
17527,MAHASTEEL,MAHASTEEL,NSE,,1,0.05,2026-07-05 08:48:17.051738+00
17603,MAHEPC,MAHEPC,NSE,,1,0.01,2026-07-05 08:48:17.051738+00
8050,MAHLIFE,MAHLIFE,NSE,,1,0.05,2026-07-05 08:48:17.051738+00
385,MAHLOG,MAHLOG,NSE,,1,0.05,2026-07-05 08:48:17.051738+00
2085,MAHSCOOTER,MAHSCOOTER,NSE,,1,1.00,2026-07-05 08:48:17.051738+00
2088,MAHSEAMLES,MAHSEAMLES,NSE,,1,0.05,2026-07-05 08:48:17.051738+00
24538,MAITHANALL,MAITHANALL,NSE,,1,0.10,2026-07-05 08:48:17.051738+00
762777,MAJESAUT,MAJESAUT,NSE,,1,0.05,2026-07-05 08:48:17.051738+00
7965,MALLCOM,MALLCOM,NSE,,1,0.10,2026-07-05 08:48:17.051738+00
13352,MALUPAPER,MALUPAPER,NSE,,1,0.01,2026-07-05 08:48:17.051738+00
28687,MAMATA,MAMATA,NSE,,1,0.05,2026-07-05 08:48:17.051738+00
7420,MANAKALUCO,MANAKALUCO,NSE,,1,0.01,2026-07-05 08:48:17.051738+00
7413,MANAKCOAT,MANAKCOAT,NSE,,1,0.01,2026-07-05 08:48:17.051738+00
15199,MANAKSIA,MANAKSIA,NSE,,1,0.01,2026-07-05 08:48:17.051738+00
13796,MANALIPETC,MANALIPETC,NSE,,1,0.01,2026-07-05 08:48:17.051738+00
19061,MANAPPURAM,MANAPPURAM,NSE,,1,0.05,2026-07-05 08:48:17.051738+00
25597,MANBA,MANBA,NSE,,1,0.01,2026-07-05 08:48:17.051738+00
24823,MANCREDIT,MANCREDIT,NSE,,1,0.01,2026-07-05 08:48:17.051738+00
11817,MANGALAM,MANGALAM,NSE,,1,0.01,2026-07-05 08:48:17.051738+00
2106,MANGLMCEM,MANGLMCEM,NSE,,1,0.05,2026-07-05 08:48:17.051738+00
11884,MANINDS,MANINDS,NSE,,1,0.05,2026-07-05 08:48:17.051738+00
18226,MANINFRA,MANINFRA,NSE,,1,0.01,2026-07-05 08:48:17.051738+00
15380,MANKIND,MANKIND,NSE,,1,0.10,2026-07-05 08:48:17.051738+00
13753,MANOMAY,MANOMAY,NSE,,1,0.01,2026-07-05 08:48:17.051738+00
10227,MANORAMA,MANORAMA,NSE,,1,0.10,2026-07-05 08:48:17.051738+00
8167,MANYAVAR,MANYAVAR,NSE,,1,0.05,2026-07-05 08:48:17.051738+00
7227,MAPMYINDIA,MAPMYINDIA,NSE,,1,0.05,2026-07-05 08:48:17.051738+00
18659,MARATHON,MARATHON,NSE,,1,0.05,2026-07-05 08:48:17.051738+00
4067,MARICO,MARICO,NSE,,1,0.05,2026-07-05 08:48:17.051738+00
1328,MARINE,MARINE,NSE,,1,0.05,2026-07-05 08:48:17.051738+00
760204,MARKOLINES,MARKOLINES,NSE,,1,0.01,2026-07-05 08:48:17.051738+00
10579,MARKSANS,MARKSANS,NSE,,1,0.05,2026-07-05 08:48:17.051738+00
761386,MARSONS,MARSONS,NSE,,1,0.01,2026-07-05 08:48:17.051738+00
10999,MARUTI,MARUTI,NSE,,1,1.00,2026-07-05 08:48:17.051738+00
199,MASFIN,MASFIN,NSE,,1,0.05,2026-07-05 08:48:17.051738+00
2124,MASTEK,MASTEK,NSE,,1,0.10,2026-07-05 08:48:17.051738+00
27047,MASTERTR,MASTERTR,NSE,,1,0.01,2026-07-05 08:48:17.051738+00
21726,MATRIMONY,MATRIMONY,NSE,,1,0.05,2026-07-05 08:48:17.051738+00
19646,MAXESTATES,MAXESTATES,NSE,,1,0.05,2026-07-05 08:48:17.051738+00
22377,MAXHEALTH,MAXHEALTH,NSE,,1,0.10,2026-07-05 08:48:17.051738+00
22428,MAXIND,MAXIND,NSE,,1,0.01,2026-07-05 08:48:17.051738+00
28906,MAYURUNIQ,MAYURUNIQ,NSE,,1,0.05,2026-07-05 08:48:17.051738+00
18866,MAZDA,MAZDA,NSE,,1,0.01,2026-07-05 08:48:17.051738+00
509,MAZDOCK,MAZDOCK,NSE,,1,0.10,2026-07-05 08:48:17.051738+00
12686,MBAPL,MBAPL,NSE,,1,0.05,2026-07-05 08:48:17.051738+00
758150,MBEL,MBEL,NSE,,1,0.05,2026-07-05 08:48:17.051738+00
762782,MCCHRLS-B,MCCHRLS-B,NSE,,1,0.05,2026-07-05 08:48:17.051738+00
22360,MCL,MCL,NSE,,1,0.01,2026-07-05 08:48:17.051738+00
29482,MCLOUD,MCLOUD,NSE,,1,0.01,2026-07-05 08:48:17.051738+00
31181,MCX,MCX,NSE,,1,0.10,2026-07-05 08:48:17.051738+00
11956,MEDANTA,MEDANTA,NSE,,1,0.10,2026-07-05 08:48:17.051738+00
21705,MEDIASSIST,MEDIASSIST,NSE,,1,0.05,2026-07-05 08:48:17.051738+00
6278,MEDICAMEQ,MEDICAMEQ,NSE,,1,0.05,2026-07-05 08:48:17.051738+00
9667,MEDICO,MEDICO,NSE,,1,0.01,2026-07-05 08:48:17.051738+00
7254,MEDPLUS,MEDPLUS,NSE,,1,0.05,2026-07-05 08:48:17.051738+00
760229,MEESHO,MEESHO,NSE,,1,0.01,2026-07-05 08:48:17.051738+00
8153,MEGASTAR,MEGASTAR,NSE,,1,0.05,2026-07-05 08:48:17.051738+00
762787,MENNPIS,MENNPIS,NSE,,1,0.01,2026-07-05 08:48:17.051738+00
762792,MERCANTILE,MERCANTILE,NSE,,1,0.01,2026-07-05 08:48:17.051738+00
7242,METROBRAND,METROBRAND,NSE,,1,0.10,2026-07-05 08:48:17.051738+00
762797,METROGLOBL,METROGLOBL,NSE,,1,0.01,2026-07-05 08:48:17.051738+00
9581,METROPOLIS,METROPOLIS,NSE,,1,0.05,2026-07-05 08:48:17.051738+00
24937,MFML,MFML,NSE,,1,0.01,2026-07-05 08:48:17.051738+00
2142,MFSL,MFSL,NSE,,1,0.10,2026-07-05 08:48:17.051738+00
17534,MGL,MGL,NSE,,1,0.10,2026-07-05 08:48:17.051738+00
7886,MHLXMIRU,MHLXMIRU,NSE,,1,0.01,2026-07-05 08:48:17.051738+00
17333,MHRIL,MHRIL,NSE,,1,0.01,2026-07-05 08:48:17.051738+00
2463,MIDHANI,MIDHANI,NSE,,1,0.05,2026-07-05 08:48:17.051738+00
759517,MIDWESTLTD,MIDWESTLTD,NSE,,1,0.10,2026-07-05 08:48:17.051738+00
25897,MINDACORP,MINDACORP,NSE,,1,0.05,2026-07-05 08:48:17.051738+00
18049,MINDTECK,MINDTECK,NSE,,1,0.01,2026-07-05 08:48:17.051738+00
4394,MIRZAINT,MIRZAINT,NSE,,1,0.01,2026-07-05 08:48:17.051738+00
18562,MITTAL,MITTAL,NSE,,1,0.01,2026-07-05 08:48:17.051738+00
16736,MKPL,MKPL,NSE,,1,0.01,2026-07-05 08:48:17.051738+00
13844,MMFL,MMFL,NSE,,1,0.05,2026-07-05 08:48:17.051738+00
16395,MMP,MMP,NSE,,1,0.05,2026-07-05 08:48:17.051738+00
17957,MMTC,MMTC,NSE,,1,0.01,2026-07-05 08:48:17.051738+00
28046,MOBIKWIK,MOBIKWIK,NSE,,1,0.01,2026-07-05 08:48:17.051738+00
2229,MODIRUBBER,MODIRUBBER,NSE,,1,0.01,2026-07-05 08:48:17.051738+00
759752,MODIS,MODIS,NSE,,1,0.05,2026-07-05 08:48:17.051738+00
2241,MODTHREAD,MODTHREAD,NSE,,1,0.01,2026-07-05 08:48:17.051738+00
29423,MOHITIND,MOHITIND,NSE,,1,0.01,2026-07-05 08:48:17.051738+00
20830,MOIL,MOIL,NSE,,1,0.05,2026-07-05 08:48:17.051738+00
3586,MOKSH,MOKSH,NSE,,1,0.01,2026-07-05 08:48:17.051738+00
5394,MOL,MOL,NSE,,1,0.01,2026-07-05 08:48:17.051738+00
17625,MOLDTECH,MOLDTECH,NSE,,1,0.01,2026-07-05 08:48:17.051738+00
6713,MOLDTKPAC,MOLDTKPAC,NSE,,1,0.05,2026-07-05 08:48:17.051738+00
7679,MONARCH,MONARCH,NSE,,1,0.05,2026-07-05 08:48:17.051738+00
759381,MONEYBOXX,MONEYBOXX,NSE,,1,0.01,2026-07-05 08:48:17.051738+00
5938,MONTECARLO,MONTECARLO,NSE,,1,0.05,2026-07-05 08:48:17.051738+00
2259,MOREPENLAB,MOREPENLAB,NSE,,1,0.01,2026-07-05 08:48:17.051738+00
29459,MOSCHIP,MOSCHIP,NSE,,1,0.01,2026-07-05 08:48:17.051738+00
4204,MOTHERSON,MOTHERSON,NSE,,1,0.01,2026-07-05 08:48:17.051738+00
14947,MOTILALOFS,MOTILALOFS,NSE,,1,0.05,2026-07-05 08:48:17.051738+00
20788,MOTISONS,MOTISONS,NSE,,1,0.01,2026-07-05 08:48:17.051738+00
4503,MPHASIS,MPHASIS,NSE,,1,0.10,2026-07-05 08:48:17.051738+00
10578,MPSLTD,MPSLTD,NSE,,1,0.10,2026-07-05 08:48:17.051738+00
2277,MRF,MRF,NSE,,1,5.00,2026-07-05 08:48:17.051738+00
2283,MRPL,MRPL,NSE,,1,0.01,2026-07-05 08:48:17.051738+00
11919,MSPL,MSPL,NSE,,1,0.01,2026-07-05 08:48:17.051738+00
9356,MSTCLTD,MSTCLTD,NSE,,1,0.05,2026-07-05 08:48:17.051738+00
8596,MSUMI,MSUMI,NSE,,1,0.01,2026-07-05 08:48:17.051738+00
2294,MTNL,MTNL,NSE,,1,0.01,2026-07-05 08:48:17.051738+00
19783,MUFIN,MUFIN,NSE,,1,0.01,2026-07-05 08:48:17.051738+00
20878,MUFTI,MUFTI,NSE,,1,0.01,2026-07-05 08:48:17.051738+00
11325,MUKANDLTD,MUKANDLTD,NSE,,1,0.01,2026-07-05 08:48:17.051738+00
22980,MUKKA,MUKKA,NSE,,1,0.01,2026-07-05 08:48:17.051738+00
13511,MUNJALAU,MUNJALAU,NSE,,1,0.01,2026-07-05 08:48:17.051738+00
2307,MUNJALSHOW,MUNJALSHOW,NSE,,1,0.01,2026-07-05 08:48:17.051738+00
2313,MURUDCERA,MURUDCERA,NSE,,1,0.01,2026-07-05 08:48:17.051738+00
10415,MUTHOOTCAP,MUTHOOTCAP,NSE,,1,0.01,2026-07-05 08:48:17.051738+00
23650,MUTHOOTFIN,MUTHOOTFIN,NSE,,1,0.10,2026-07-05 08:48:17.051738+00
20831,MUTHOOTMF,MUTHOOTMF,NSE,,1,0.01,2026-07-05 08:48:17.051738+00
19015,MVGJL,MVGJL,NSE,,1,0.01,2026-07-05 08:48:17.051738+00
759169,MWL,MWL,NSE,,1,0.05,2026-07-05 08:48:17.051738+00
20425,NACLIND,NACLIND,NSE,,1,0.01,2026-07-05 08:48:17.051738+00
14702,NAGREEKEXP,NAGREEKEXP,NSE,,1,0.01,2026-07-05 08:48:17.051738+00
15360,NAHARCAP,NAHARCAP,NSE,,1,0.01,2026-07-05 08:48:17.051738+00
13106,NAHARINDUS,NAHARINDUS,NSE,,1,0.01,2026-07-05 08:48:17.051738+00
14445,NAHARPOLY,NAHARPOLY,NSE,,1,0.05,2026-07-05 08:48:17.051738+00
357,NAM-INDIA,NAM-INDIA,NSE,,1,0.10,2026-07-05 08:48:17.051738+00
11627,NARMADA,NARMADA,NSE,,1,0.01,2026-07-05 08:48:17.051738+00
29583,NATCAPSUQ,NATCAPSUQ,NSE,,1,0.01,2026-07-05 08:48:17.051738+00
3918,NATCOPHARM,NATCOPHARM,NSE,,1,0.05,2026-07-05 08:48:17.051738+00
11065,NATHBIOGEN,NATHBIOGEN,NSE,,1,0.01,2026-07-05 08:48:17.051738+00
6364,NATIONALUM,NATIONALUM,NSE,,1,0.05,2026-07-05 08:48:17.051738+00
762807,NATIONSTD,NATIONSTD,NSE,,1,0.10,2026-07-05 08:48:17.051738+00
13751,NAUKRI,NAUKRI,NSE,,1,0.05,2026-07-05 08:48:17.051738+00
4014,NAVA,NAVA,NSE,,1,0.05,2026-07-05 08:48:17.051738+00
14672,NAVINFLUOR,NAVINFLUOR,NSE,,1,0.50,2026-07-05 08:48:17.051738+00
10557,NAVKARCORP,NAVKARCORP,NSE,,1,0.01,2026-07-05 08:48:17.051738+00
2385,NAVNETEDUL,NAVNETEDUL,NSE,,1,0.01,2026-07-05 08:48:17.051738+00
2987,NAZARA,NAZARA,NSE,,1,0.05,2026-07-05 08:48:17.051738+00
31415,NBCC,NBCC,NSE,,1,0.01,2026-07-05 08:48:17.051738+00
19111,NBIFIN,NBIFIN,NSE,,1,0.10,2026-07-05 08:48:17.051738+00
2319,NCC,NCC,NSE,,1,0.01,2026-07-05 08:48:17.051738+00
14490,NCLIND,NCLIND,NSE,,1,0.01,2026-07-05 08:48:17.051738+00
18371,NDGL,NDGL,NSE,,1,0.10,2026-07-05 08:48:17.051738+00
31258,NDL,NDL,NSE,,1,0.01,2026-07-05 08:48:17.051738+00
14547,NDLVENTURE,NDLVENTURE,NSE,,1,0.01,2026-07-05 08:48:17.051738+00
22255,NDRAUTO,NDRAUTO,NSE,,1,0.05,2026-07-05 08:48:17.051738+00
11427,NDTV,NDTV,NSE,,1,0.01,2026-07-05 08:48:17.051738+00
762812,NEAGI,NEAGI,NSE,,1,0.10,2026-07-05 08:48:17.051738+00
14761,NELCAST,NELCAST,NSE,,1,0.01,2026-07-05 08:48:17.051738+00
2388,NELCO,NELCO,NSE,,1,0.05,2026-07-05 08:48:17.051738+00
9917,NEOGEN,NEOGEN,NSE,,1,0.10,2026-07-05 08:48:17.051738+00
760346,NEPHROPLUS,NEPHROPLUS,NSE,,1,0.05,2026-07-05 08:48:17.051738+00
15409,NESCO,NESCO,NSE,,1,0.10,2026-07-05 08:48:17.051738+00
17963,NESTLEIND,NESTLEIND,NSE,,1,0.10,2026-07-05 08:48:17.051738+00
17433,NETWEB,NETWEB,NSE,,1,0.10,2026-07-05 08:48:17.051738+00
14111,NETWORK18,NETWORK18,NSE,,1,0.01,2026-07-05 08:48:17.051738+00
2406,NEULANDLAB,NEULANDLAB,NSE,,1,1.00,2026-07-05 08:48:17.051738+00
1164,NEWGEN,NEWGEN,NSE,,1,0.05,2026-07-05 08:48:17.051738+00
9867,NEXTMEDIA,NEXTMEDIA,NSE,,1,0.01,2026-07-05 08:48:17.051738+00
13925,NFL,NFL,NSE,,1,0.01,2026-07-05 08:48:17.051738+00
10277,NGLFINE,NGLFINE,NSE,,1,0.10,2026-07-05 08:48:17.051738+00
11840,NH,NH,NSE,,1,0.10,2026-07-05 08:48:17.051738+00
17400,NHPC,NHPC,NSE,,1,0.01,2026-07-05 08:48:17.051738+00
399,NIACL,NIACL,NSE,,1,0.01,2026-07-05 08:48:17.051738+00
29487,NIBE,NIBE,NSE,,1,0.10,2026-07-05 08:48:17.051738+00
29733,NIBL,NIBL,NSE,,1,0.01,2026-07-05 08:48:17.051738+00
11522,NIITLTD,NIITLTD,NSE,,1,0.01,2026-07-05 08:48:17.051738+00
17747,NIITMTS,NIITMTS,NSE,,1,0.01,2026-07-05 08:48:17.051738+00
9253,NILAINFRA,NILAINFRA,NSE,,1,0.01,2026-07-05 08:48:17.051738+00
7411,NILASPACES,NILASPACES,NSE,,1,0.01,2026-07-05 08:48:17.051738+00
762817,NILE,NILE,NSE,,1,0.10,2026-07-05 08:48:17.051738+00
2421,NILKAMAL,NILKAMAL,NSE,,1,0.10,2026-07-05 08:48:17.051738+00
6782,NIPPOBATRY,NIPPOBATRY,NSE,,1,0.05,2026-07-05 08:48:17.051738+00
18840,NIRAJISPAT,NIRAJISPAT,NSE,,1,0.01,2026-07-05 08:48:17.051738+00
2433,NIRLON,NIRLON,NSE,,1,0.05,2026-07-05 08:48:17.051738+00
13300,NITCO,NITCO,NSE,,1,0.01,2026-07-05 08:48:17.051738+00
13175,NITINSPIN,NITINSPIN,NSE,,1,0.05,2026-07-05 08:48:17.051738+00
3247,NITIRAJ,NITIRAJ,NSE,,1,0.01,2026-07-05 08:48:17.051738+00
762824,NITTAGELA,NITTAGELA,NSE,,1,0.10,2026-07-05 08:48:17.051738+00
27097,NIVABUPA,NIVABUPA,NSE,,1,0.01,2026-07-05 08:48:17.051738+00
2439,NKIND,NKIND,NSE,,1,0.01,2026-07-05 08:48:17.051738+00
8585,NLCINDIA,NLCINDIA,NSE,,1,0.05,2026-07-05 08:48:17.051738+00
15332,NMDC,NMDC,NSE,,1,0.01,2026-07-05 08:48:17.051738+00
2442,NOCIL,NOCIL,NSE,,1,0.01,2026-07-05 08:48:17.051738+00
4160,NORBTEAEXP,NORBTEAEXP,NSE,,1,0.01,2026-07-05 08:48:17.051738+00
25426,NORTHARC,NORTHARC,NSE,,1,0.05,2026-07-05 08:48:17.051738+00
9007,NOVARTIND,NOVARTIND,NSE,,1,0.10,2026-07-05 08:48:17.051738+00
756324,NPST,NPST,NSE,,1,0.10,2026-07-05 08:48:17.051738+00
20314,NRAIL,NRAIL,NSE,,1,0.05,2026-07-05 08:48:17.051738+00
7553,NRBBEARING,NRBBEARING,NSE,,1,0.05,2026-07-05 08:48:17.051738+00
11239,NSIL,NSIL,NSE,,1,0.50,2026-07-05 08:48:17.051738+00
14180,NSLNISP,NSLNISP,NSE,,1,0.01,2026-07-05 08:48:17.051738+00
11630,NTPC,NTPC,NSE,,1,0.05,2026-07-05 08:48:17.051738+00
27176,NTPCGREEN,NTPCGREEN,NSE,,1,0.01,2026-07-05 08:48:17.051738+00
10791,NUCLEUS,NUCLEUS,NSE,,1,0.05,2026-07-05 08:48:17.051738+00
2350,NURECA,NURECA,NSE,,1,0.01,2026-07-05 08:48:17.051738+00
18721,NUVAMA,NUVAMA,NSE,,1,0.10,2026-07-05 08:48:17.051738+00
5426,NUVOCO,NUVOCO,NSE,,1,0.05,2026-07-05 08:48:17.051738+00
6545,NYKAA,NYKAA,NSE,,1,0.05,2026-07-05 08:48:17.051738+00
10768,OAL,OAL,NSE,,1,0.05,2026-07-05 08:48:17.051738+00
8797,OBCL,OBCL,NSE,,1,0.01,2026-07-05 08:48:17.051738+00
20242,OBEROIRLTY,OBEROIRLTY,NSE,,1,0.10,2026-07-05 08:48:17.051738+00
10738,OFSS,OFSS,NSE,,1,1.00,2026-07-05 08:48:17.051738+00
17438,OIL,OIL,NSE,,1,0.05,2026-07-05 08:48:17.051738+00
24777,OLAELEC,OLAELEC,NSE,,1,0.01,2026-07-05 08:48:17.051738+00
10637,OLECTRA,OLECTRA,NSE,,1,0.10,2026-07-05 08:48:17.051738+00
14853,OMAXE,OMAXE,NSE,,1,0.01,2026-07-05 08:48:17.051738+00
24231,OMINFRAL,OMINFRAL,NSE,,1,0.01,2026-07-05 08:48:17.051738+00
760865,OMNI,OMNI,NSE,,1,0.05,2026-07-05 08:48:17.051738+00
762432,OMPOWER,OMPOWER,NSE,,1,0.01,2026-07-05 08:48:17.051738+00
9939,ONEPOINT,ONEPOINT,NSE,,1,0.01,2026-07-05 08:48:17.051738+00
29224,ONESOURCE,ONESOURCE,NSE,,1,0.10,2026-07-05 08:48:17.051738+00
2475,ONGC,ONGC,NSE,,1,0.01,2026-07-05 08:48:17.051738+00
15278,ONMOBILE,ONMOBILE,NSE,,1,0.01,2026-07-05 08:48:17.051738+00
2481,ONWARDTEC,ONWARDTEC,NSE,,1,0.05,2026-07-05 08:48:17.051738+00
21469,OPTIEMUS,OPTIEMUS,NSE,,1,0.05,2026-07-05 08:48:17.051738+00
29492,ORCHASP,ORCHASP,NSE,,1,0.01,2026-07-05 08:48:17.051738+00
926,ORCHPHARMA,ORCHPHARMA,NSE,,1,0.05,2026-07-05 08:48:17.051738+00
10159,ORICONENT,ORICONENT,NSE,,1,0.01,2026-07-05 08:48:17.051738+00
14346,ORIENTALTL,ORIENTALTL,NSE,,1,0.01,2026-07-05 08:48:17.051738+00
14278,ORIENTBELL,ORIENTBELL,NSE,,1,0.05,2026-07-05 08:48:17.051738+00
30089,ORIENTCEM,ORIENTCEM,NSE,,1,0.01,2026-07-05 08:48:17.051738+00
13111,ORIENTCER,ORIENTCER,NSE,,1,0.01,2026-07-05 08:48:17.051738+00
2972,ORIENTELEC,ORIENTELEC,NSE,,1,0.01,2026-07-05 08:48:17.051738+00
2493,ORIENTHOT,ORIENTHOT,NSE,,1,0.01,2026-07-05 08:48:17.051738+00
18208,ORIENTLTD,ORIENTLTD,NSE,,1,0.01,2026-07-05 08:48:17.051738+00
2496,ORIENTPPR,ORIENTPPR,NSE,,1,0.01,2026-07-05 08:48:17.051738+00
24961,ORIENTTECH,ORIENTTECH,NSE,,1,0.01,2026-07-05 08:48:17.051738+00
19931,ORISSAMINE,ORISSAMINE,NSE,,1,0.10,2026-07-05 08:48:17.051738+00
759569,ORKLAINDIA,ORKLAINDIA,NSE,,1,0.05,2026-07-05 08:48:17.051738+00
471,OSWALGREEN,OSWALGREEN,NSE,,1,0.01,2026-07-05 08:48:17.051738+00
756802,OSWALPUMPS,OSWALPUMPS,NSE,,1,0.05,2026-07-05 08:48:17.051738+00
14305,OSWALSEEDS,OSWALSEEDS,NSE,,1,0.01,2026-07-05 08:48:17.051738+00
759342,PACEDIGITK,PACEDIGITK,NSE,,1,0.01,2026-07-05 08:48:17.051738+00
14413,PAGEIND,PAGEIND,NSE,,1,5.00,2026-07-05 08:48:17.051738+00
25468,PAISALO,PAISALO,NSE,,1,0.01,2026-07-05 08:48:17.051738+00
17197,PAKKA,PAKKA,NSE,,1,0.01,2026-07-05 08:48:17.051738+00
21383,PALASHSECU,PALASHSECU,NSE,,1,0.01,2026-07-05 08:48:17.051738+00
4055,PANACEABIO,PANACEABIO,NSE,,1,0.05,2026-07-05 08:48:17.051738+00
16292,PANACHE,PANACHE,NSE,,1,0.05,2026-07-05 08:48:17.051738+00
25392,PANAMAPET,PANAMAPET,NSE,,1,0.05,2026-07-05 08:48:17.051738+00
6141,PANSARI,PANSARI,NSE,,1,0.05,2026-07-05 08:48:17.051738+00
5631,PAR,PAR,NSE,,1,0.01,2026-07-05 08:48:17.051738+00
13951,PARACABLES,PARACABLES,NSE,,1,0.01,2026-07-05 08:48:17.051738+00
9741,PARADEEP,PARADEEP,NSE,,1,0.01,2026-07-05 08:48:17.051738+00
17130,PARAGMILK,PARAGMILK,NSE,,1,0.01,2026-07-05 08:48:17.051738+00
5911,PARAS,PARAS,NSE,,1,0.10,2026-07-05 08:48:17.051738+00
3972,PARASPETRO,PARASPETRO,NSE,,1,0.01,2026-07-05 08:48:17.051738+00
760351,PARKHOSPS,PARKHOSPS,NSE,,1,0.05,2026-07-05 08:48:17.051738+00
22649,PARKHOTELS,PARKHOTELS,NSE,,1,0.01,2026-07-05 08:48:17.051738+00
757955,PASHUPATI,PASHUPATI,NSE,,1,0.01,2026-07-05 08:48:17.051738+00
17029,PATANJALI,PATANJALI,NSE,,1,0.05,2026-07-05 08:48:17.051738+00
11699,PATELENG,PATELENG,NSE,,1,0.01,2026-07-05 08:48:17.051738+00
759439,PATELRMART,PATELRMART,NSE,,1,0.01,2026-07-05 08:48:17.051738+00
759969,PAUSHAKLTD,PAUSHAKLTD,NSE,,1,0.05,2026-07-05 08:48:17.051738+00
6705,PAYTM,PAYTM,NSE,,1,0.10,2026-07-05 08:48:17.051738+00
2649,PCBL,PCBL,NSE,,1,0.05,2026-07-05 08:48:17.051738+00
29124,PCJEWELLER,PCJEWELLER,NSE,,1,0.01,2026-07-05 08:48:17.051738+00
15377,PDMJEPAPER,PDMJEPAPER,NSE,,1,0.01,2026-07-05 08:48:17.051738+00
5264,PDSL,PDSL,NSE,,1,0.05,2026-07-05 08:48:17.051738+00
20621,PENIND,PENIND,NSE,,1,0.01,2026-07-05 08:48:17.051738+00
18365,PERSISTENT,PERSISTENT,NSE,,1,0.10,2026-07-05 08:48:17.051738+00
11351,PETRONET,PETRONET,NSE,,1,0.05,2026-07-05 08:48:17.051738+00
14299,PFC,PFC,NSE,,1,0.05,2026-07-05 08:48:17.051738+00
2643,PFIZER,PFIZER,NSE,,1,0.10,2026-07-05 08:48:17.051738+00
22602,PFS,PFS,NSE,,1,0.01,2026-07-05 08:48:17.051738+00
25358,PGEL,PGEL,NSE,,1,0.05,2026-07-05 08:48:17.051738+00
2535,PGHH,PGHH,NSE,,1,0.50,2026-07-05 08:48:17.051738+00
940,PGHL,PGHL,NSE,,1,0.50,2026-07-05 08:48:17.051738+00
14260,PGIL,PGIL,NSE,,1,0.10,2026-07-05 08:48:17.051738+00
14552,PHOENIXLTD,PHOENIXLTD,NSE,,1,0.10,2026-07-05 08:48:17.051738+00
757754,PICCADIL,PICCADIL,NSE,,1,0.05,2026-07-05 08:48:17.051738+00
2664,PIDILITIND,PIDILITIND,NSE,,1,0.10,2026-07-05 08:48:17.051738+00
15716,PIGL,PIGL,NSE,,1,0.01,2026-07-05 08:48:17.051738+00
24184,PIIND,PIIND,NSE,,1,0.10,2026-07-05 08:48:17.051738+00
11445,PILANIINVS,PILANIINVS,NSE,,1,0.10,2026-07-05 08:48:17.051738+00
759820,PINELABS,PINELABS,NSE,,1,0.01,2026-07-05 08:48:17.051738+00
13463,PIONEEREMB,PIONEEREMB,NSE,,1,0.01,2026-07-05 08:48:17.051738+00
762829,PIONRINV,PIONRINV,NSE,,1,0.01,2026-07-05 08:48:17.051738+00
759551,PIRAMALFIN,PIRAMALFIN,NSE,,1,0.10,2026-07-05 08:48:17.051738+00
14134,PITTIENG,PITTIENG,NSE,,1,0.05,2026-07-05 08:48:17.051738+00
9087,PIXTRANS,PIXTRANS,NSE,,1,0.10,2026-07-05 08:48:17.051738+00
10321,PKTEA,PKTEA,NSE,,1,0.05,2026-07-05 08:48:17.051738+00
13920,PLASTIBLEN,PLASTIBLEN,NSE,,1,0.01,2026-07-05 08:48:17.051738+00
22930,PLATIND,PLATIND,NSE,,1,0.01,2026-07-05 08:48:17.051738+00
762834,PML,PML,NSE,,1,0.05,2026-07-05 08:48:17.051738+00
10666,PNB,PNB,NSE,,1,0.01,2026-07-05 08:48:17.051738+00
8736,PNBGILTS,PNBGILTS,NSE,,1,0.01,2026-07-05 08:48:17.051738+00
18908,PNBHOUSING,PNBHOUSING,NSE,,1,0.10,2026-07-05 08:48:17.051738+00
9342,PNC,PNC,NSE,,1,0.01,2026-07-05 08:48:17.051738+00
9385,PNCINFRA,PNCINFRA,NSE,,1,0.01,2026-07-05 08:48:17.051738+00
25312,PNGJL,PNGJL,NSE,,1,0.05,2026-07-05 08:48:17.051738+00
760242,PNGSREVA,PNGSREVA,NSE,,1,0.05,2026-07-05 08:48:17.051738+00
14385,POCL,POCL,NSE,,1,0.10,2026-07-05 08:48:17.051738+00
19036,PODDARMENT,PODDARMENT,NSE,,1,0.01,2026-07-05 08:48:17.051738+00
17651,POKARNA,POKARNA,NSE,,1,0.10,2026-07-05 08:48:17.051738+00
6656,POLICYBZR,POLICYBZR,NSE,,1,0.10,2026-07-05 08:48:17.051738+00
9590,POLYCAB,POLYCAB,NSE,,1,0.50,2026-07-05 08:48:17.051738+00
25718,POLYMED,POLYMED,NSE,,1,0.10,2026-07-05 08:48:17.051738+00
2687,POLYPLEX,POLYPLEX,NSE,,1,0.05,2026-07-05 08:48:17.051738+00
10661,PONNIERODE,PONNIERODE,NSE,,1,0.05,2026-07-05 08:48:17.051738+00
11403,POONAWALLA,POONAWALLA,NSE,,1,0.05,2026-07-05 08:48:17.051738+00
14977,POWERGRID,POWERGRID,NSE,,1,0.05,2026-07-05 08:48:17.051738+00
761680,POWERICA,POWERICA,NSE,,1,0.05,2026-07-05 08:48:17.051738+00
18457,POWERINDIA,POWERINDIA,NSE,,1,5.00,2026-07-05 08:48:17.051738+00
10473,POWERMECH,POWERMECH,NSE,,1,0.10,2026-07-05 08:48:17.051738+00
15209,PPAP,PPAP,NSE,,1,0.01,2026-07-05 08:48:17.051738+00
11571,PPLPHARMA,PPLPHARMA,NSE,,1,0.01,2026-07-05 08:48:17.051738+00
30134,PRABHA,PRABHA,NSE,,1,0.01,2026-07-05 08:48:17.051738+00
13941,PRAENG,PRAENG,NSE,,1,0.01,2026-07-05 08:48:17.051738+00
2705,PRAJIND,PRAJIND,NSE,,1,0.05,2026-07-05 08:48:17.051738+00
2708,PRAKASH,PRAKASH,NSE,,1,0.01,2026-07-05 08:48:17.051738+00
19599,PRAKASHSTL,PRAKASHSTL,NSE,,1,0.01,2026-07-05 08:48:17.051738+00
762844,PRAVEG,PRAVEG,NSE,,1,0.01,2026-07-05 08:48:17.051738+00
12603,PRECAM,PRECAM,NSE,,1,0.01,2026-07-05 08:48:17.051738+00
2711,PRECOT,PRECOT,NSE,,1,0.05,2026-07-05 08:48:17.051738+00
2717,PRECWIRE,PRECWIRE,NSE,,1,0.05,2026-07-05 08:48:17.051738+00
762849,PREMCO,PREMCO,NSE,,1,0.05,2026-07-05 08:48:17.051738+00
17397,PREMEXPLN,PREMEXPLN,NSE,,1,0.05,2026-07-05 08:48:17.051738+00
25049,PREMIERENE,PREMIERENE,NSE,,1,0.10,2026-07-05 08:48:17.051738+00
3908,PREMIERPOL,PREMIERPOL,NSE,,1,0.01,2026-07-05 08:48:17.051738+00
20302,PRESTIGE,PRESTIGE,NSE,,1,0.10,2026-07-05 08:48:17.051738+00
19631,PRICOLLTD,PRICOLLTD,NSE,,1,0.05,2026-07-05 08:48:17.051738+00
11864,PRIMESECU,PRIMESECU,NSE,,1,0.05,2026-07-05 08:48:17.051738+00
756925,PRIMO,PRIMO,NSE,,1,0.01,2026-07-05 08:48:17.051738+00
16045,PRINCEPIPE,PRINCEPIPE,NSE,,1,0.05,2026-07-05 08:48:17.051738+00
8825,PRIVISCL,PRIVISCL,NSE,,1,0.10,2026-07-05 08:48:17.051738+00
758173,PROSTARM,PROSTARM,NSE,,1,0.01,2026-07-05 08:48:17.051738+00
29472,PROTEAN,PROTEAN,NSE,,1,0.05,2026-07-05 08:48:17.051738+00
28859,PROZONER,PROZONER,NSE,,1,0.01,2026-07-05 08:48:17.051738+00
2739,PRSMJOHNSN,PRSMJOHNSN,NSE,,1,0.01,2026-07-05 08:48:17.051738+00
9553,PRUDENT,PRUDENT,NSE,,1,0.10,2026-07-05 08:48:17.051738+00
21001,PSB,PSB,NSE,,1,0.01,2026-07-05 08:48:17.051738+00
20877,PSPPROJECT,PSPPROJECT,NSE,,1,0.10,2026-07-05 08:48:17.051738+00
11355,PTC,PTC,NSE,,1,0.01,2026-07-05 08:48:17.051738+00
16682,PTCIL,PTCIL,NSE,,1,1.00,2026-07-05 08:48:17.051738+00
14101,PTL,PTL,NSE,,1,0.01,2026-07-05 08:48:17.051738+00
4344,PUNJABCHEM,PUNJABCHEM,NSE,,1,0.10,2026-07-05 08:48:17.051738+00
14922,PURVA,PURVA,NSE,,1,0.01,2026-07-05 08:48:17.051738+00
4010,PVP,PVP,NSE,,1,0.01,2026-07-05 08:48:17.051738+00
13147,PVRINOX,PVRINOX,NSE,,1,0.05,2026-07-05 08:48:17.051738+00
23142,PVSL,PVSL,NSE,,1,0.01,2026-07-05 08:48:17.051738+00
759723,PWL,PWL,NSE,,1,0.01,2026-07-05 08:48:17.051738+00
18250,PYRAMID,PYRAMID,NSE,,1,0.01,2026-07-05 08:48:17.051738+00
751607,QMSMEDI,QMSMEDI,NSE,,1,0.01,2026-07-05 08:48:17.051738+00
29087,QUADFUTURE,QUADFUTURE,NSE,,1,0.05,2026-07-05 08:48:17.051738+00
17704,QUESS,QUESS,NSE,,1,0.05,2026-07-05 08:48:17.051738+00
762854,QUINT,QUINT,NSE,,1,0.01,2026-07-05 08:48:17.051738+00
27171,RACLGEAR,RACLGEAR,NSE,,1,0.10,2026-07-05 08:48:17.051738+00
10932,RADAAN,RADAAN,NSE,,1,0.01,2026-07-05 08:48:17.051738+00
10343,RADHIKAJWE,RADHIKAJWE,NSE,,1,0.01,2026-07-05 08:48:17.051738+00
13580,RADIANTCMS,RADIANTCMS,NSE,,1,0.01,2026-07-05 08:48:17.051738+00
10990,RADICO,RADICO,NSE,,1,0.10,2026-07-05 08:48:17.051738+00
19877,RADIOCITY,RADIOCITY,NSE,,1,0.01,2026-07-05 08:48:17.051738+00
2431,RAILTEL,RAILTEL,NSE,,1,0.05,2026-07-05 08:48:17.051738+00
15337,RAIN,RAIN,NSE,,1,0.01,2026-07-05 08:48:17.051738+00
9408,RAINBOW,RAINBOW,NSE,,1,0.10,2026-07-05 08:48:17.051738+00
2168,RAJMET,RAJMET,NSE,,1,0.01,2026-07-05 08:48:17.051738+00
762859,RAJPALAYAM,RAJPALAYAM,NSE,,1,0.05,2026-07-05 08:48:17.051738+00
18962,RAJRATAN,RAJRATAN,NSE,,1,0.05,2026-07-05 08:48:17.051738+00
2809,RAJSREESUG,RAJSREESUG,NSE,,1,0.01,2026-07-05 08:48:17.051738+00
14403,RAJTV,RAJTV,NSE,,1,0.01,2026-07-05 08:48:17.051738+00
2816,RALLIS,RALLIS,NSE,,1,0.01,2026-07-05 08:48:17.051738+00
13565,RAMANEWS,RAMANEWS,NSE,,1,0.01,2026-07-05 08:48:17.051738+00
10568,RAMAPHO,RAMAPHO,NSE,,1,0.01,2026-07-05 08:48:17.051738+00
2043,RAMCOCEM,RAMCOCEM,NSE,,1,0.05,2026-07-05 08:48:17.051738+00
4587,RAMCOIND,RAMCOIND,NSE,,1,0.05,2026-07-05 08:48:17.051738+00
7851,RAMCOSYS,RAMCOSYS,NSE,,1,0.05,2026-07-05 08:48:17.051738+00
20134,RAMKY,RAMKY,NSE,,1,0.05,2026-07-05 08:48:17.051738+00
10485,RAMRAT,RAMRAT,NSE,,1,0.05,2026-07-05 08:48:17.051738+00
2837,RANASUG,RANASUG,NSE,,1,0.01,2026-07-05 08:48:17.051738+00
2844,RANEHOLDIN,RANEHOLDIN,NSE,,1,0.10,2026-07-05 08:48:17.051738+00
7177,RATEGAIN,RATEGAIN,NSE,,1,0.05,2026-07-05 08:48:17.051738+00
13451,RATNAMANI,RATNAMANI,NSE,,1,0.10,2026-07-05 08:48:17.051738+00
18423,RATNAVEER,RATNAVEER,NSE,,1,0.01,2026-07-05 08:48:17.051738+00
2859,RAYMOND,RAYMOND,NSE,,1,0.05,2026-07-05 08:48:17.051738+00
25073,RAYMONDLSL,RAYMONDLSL,NSE,,1,0.05,2026-07-05 08:48:17.051738+00
758551,RAYMONDREL,RAYMONDREL,NSE,,1,0.05,2026-07-05 08:48:17.051738+00
1494,RBA,RBA,NSE,,1,0.01,2026-07-05 08:48:17.051738+00
18391,RBLBANK,RBLBANK,NSE,,1,0.05,2026-07-05 08:48:17.051738+00
20874,RBZJEWEL,RBZJEWEL,NSE,,1,0.01,2026-07-05 08:48:17.051738+00
2866,RCF,RCF,NSE,,1,0.01,2026-07-05 08:48:17.051738+00
15355,RECLTD,RECLTD,NSE,,1,0.05,2026-07-05 08:48:17.051738+00
14255,REDINGTON,REDINGTON,NSE,,1,0.05,2026-07-05 08:48:17.051738+00
17859,REDTAPE,REDTAPE,NSE,,1,0.01,2026-07-05 08:48:17.051738+00
17764,REFEX,REFEX,NSE,,1,0.05,2026-07-05 08:48:17.051738+00
4130,REGENCERAM,REGENCERAM,NSE,,1,0.01,2026-07-05 08:48:17.051738+00
24225,RELAXO,RELAXO,NSE,,1,0.05,2026-07-05 08:48:17.051738+00
9652,RELCHEMQ,RELCHEMQ,NSE,,1,0.01,2026-07-05 08:48:17.051738+00
24378,RELIABLE,RELIABLE,NSE,,1,0.01,2026-07-05 08:48:17.051738+00
2885,RELIANCE,RELIANCE,NSE,,1,0.10,2026-07-05 08:48:17.051738+00
15068,RELIGARE,RELIGARE,NSE,,1,0.05,2026-07-05 08:48:17.051738+00
24596,RELTD,RELTD,NSE,,1,0.01,2026-07-05 08:48:17.051738+00
3965,REMSONSIND,REMSONSIND,NSE,,1,0.01,2026-07-05 08:48:17.051738+00
12026,RENUKA,RENUKA,NSE,,1,0.01,2026-07-05 08:48:17.051738+00
29598,REPCOHOME,REPCOHOME,NSE,,1,0.05,2026-07-05 08:48:17.051738+00
13126,REPRO,REPRO,NSE,,1,0.05,2026-07-05 08:48:17.051738+00
20323,RESPONIND,RESPONIND,NSE,,1,0.01,2026-07-05 08:48:17.051738+00
24145,RETAIL,RETAIL,NSE,,1,0.01,2026-07-05 08:48:17.051738+00
15129,RGL,RGL,NSE,,1,0.01,2026-07-05 08:48:17.051738+00
759062,RHETAN,RHETAN,NSE,,1,0.01,2026-07-05 08:48:17.051738+00
31163,RHIM,RHIM,NSE,,1,0.05,2026-07-05 08:48:17.051738+00
15157,RHL,RHL,NSE,,1,0.01,2026-07-05 08:48:17.051738+00
2909,RICOAUTO,RICOAUTO,NSE,,1,0.01,2026-07-05 08:48:17.051738+00
2912,RIIL,RIIL,NSE,,1,0.05,2026-07-05 08:48:17.051738+00
18417,RISHABH,RISHABH,NSE,,1,0.05,2026-07-05 08:48:17.051738+00
8944,RITCO,RITCO,NSE,,1,0.05,2026-07-05 08:48:17.051738+00
3761,RITES,RITES,NSE,,1,0.01,2026-07-05 08:48:17.051738+00
20950,RKDL,RKDL,NSE,,1,0.01,2026-07-05 08:48:17.051738+00
1547,RKEC,RKEC,NSE,,1,0.01,2026-07-05 08:48:17.051738+00
11411,RKFORGE,RKFORGE,NSE,,1,0.05,2026-07-05 08:48:17.051738+00
23043,RKSWAMY,RKSWAMY,NSE,,1,0.01,2026-07-05 08:48:17.051738+00
762346,RMC,RMC,NSE,,1,0.05,2026-07-05 08:48:17.051738+00
757834,RMDRIP,RMDRIP,NSE,,1,0.01,2026-07-05 08:48:17.051738+00
11975,RML,RML,NSE,,1,0.10,2026-07-05 08:48:17.051738+00
758981,RNBDENIMS,RNBDENIMS,NSE,,1,0.01,2026-07-05 08:48:17.051738+00
13182,ROHLTD,ROHLTD,NSE,,1,0.05,2026-07-05 08:48:17.051738+00
5279,ROLEXRINGS,ROLEXRINGS,NSE,,1,0.01,2026-07-05 08:48:17.051738+00
359,ROML,ROML,NSE,,1,0.01,2026-07-05 08:48:17.051738+00
19410,ROSSARI,ROSSARI,NSE,,1,0.05,2026-07-05 08:48:17.051738+00
28913,ROSSELLIND,ROSSELLIND,NSE,,1,0.01,2026-07-05 08:48:17.051738+00
27353,ROSSTECH,ROSSTECH,NSE,,1,0.05,2026-07-05 08:48:17.051738+00
9049,ROTO,ROTO,NSE,,1,0.01,2026-07-05 08:48:17.051738+00
128,ROUTE,ROUTE,NSE,,1,0.05,2026-07-05 08:48:17.051738+00
24735,RPEL,RPEL,NSE,,1,0.10,2026-07-05 08:48:17.051738+00
16725,RPGLIFE,RPGLIFE,NSE,,1,0.10,2026-07-05 08:48:17.051738+00
15259,RPOWER,RPOWER,NSE,,1,0.01,2026-07-05 08:48:17.051738+00
20760,RPPINFRA,RPPINFRA,NSE,,1,0.01,2026-07-05 08:48:17.051738+00
6913,RPPL,RPPL,NSE,,1,0.01,2026-07-05 08:48:17.051738+00
8119,RPSGVENT,RPSGVENT,NSE,,1,0.05,2026-07-05 08:48:17.051738+00
22670,RPTECH,RPTECH,NSE,,1,0.05,2026-07-05 08:48:17.051738+00
762864,RRIL,RRIL,NSE,,1,0.01,2026-07-05 08:48:17.051738+00
18566,RRKABEL,RRKABEL,NSE,,1,0.10,2026-07-05 08:48:17.051738+00
762869,RSDFIN,RSDFIN,NSE,,1,0.01,2026-07-05 08:48:17.051738+00
761439,RSL,RSL,NSE,,1,0.01,2026-07-05 08:48:17.051738+00
13414,RSYSTEMS,RSYSTEMS,NSE,,1,0.01,2026-07-05 08:48:17.051738+00
27297,RTNINDIA,RTNINDIA,NSE,,1,0.01,2026-07-05 08:48:17.051738+00
17520,RTNPOWER,RTNPOWER,NSE,,1,0.01,2026-07-05 08:48:17.051738+00
24730,RUBFILA,RUBFILA,NSE,,1,0.01,2026-07-05 08:48:17.051738+00
759316,RUBICON,RUBICON,NSE,,1,0.10,2026-07-05 08:48:17.051738+00
4566,RUCHINFRA,RUCHINFRA,NSE,,1,0.01,2026-07-05 08:48:17.051738+00
13821,RUCHIRA,RUCHIRA,NSE,,1,0.01,2026-07-05 08:48:17.051738+00
25724,RUPA,RUPA,NSE,,1,0.01,2026-07-05 08:48:17.051738+00
24595,RUSHIL,RUSHIL,NSE,,1,0.01,2026-07-05 08:48:17.051738+00
12219,RUSTOMJEE,RUSTOMJEE,NSE,,1,0.05,2026-07-05 08:48:17.051738+00
1565,RVHL,RVHL,NSE,,1,0.01,2026-07-05 08:48:17.051738+00
9552,RVNL,RVNL,NSE,,1,0.01,2026-07-05 08:48:17.051738+00
25157,RVTH,RVTH,NSE,,1,0.05,2026-07-05 08:48:17.051738+00
2951,S&SPOWER,S&SPOWER,NSE,,1,0.05,2026-07-05 08:48:17.051738+00
759057,SAATVIKGL,SAATVIKGL,NSE,,1,0.05,2026-07-05 08:48:17.051738+00
13236,SADBHAV,SADBHAV,NSE,,1,0.01,2026-07-05 08:48:17.051738+00
13035,SAFARI,SAFARI,NSE,,1,0.10,2026-07-05 08:48:17.051738+00
8175,SAGARDEEP,SAGARDEEP,NSE,,1,0.01,2026-07-05 08:48:17.051738+00
14068,SAGCEM,SAGCEM,NSE,,1,0.01,2026-07-05 08:48:17.051738+00
27052,SAGILITY,SAGILITY,NSE,,1,0.01,2026-07-05 08:48:17.051738+00
761688,SAHLIBHFI,SAHLIBHFI,NSE,,1,0.01,2026-07-05 08:48:17.051738+00
14900,SAHYADRI,SAHYADRI,NSE,,1,0.05,2026-07-05 08:48:17.051738+00
2963,SAIL,SAIL,NSE,,1,0.01,2026-07-05 08:48:17.051738+00
27839,SAILIFE,SAILIFE,NSE,,1,0.10,2026-07-05 08:48:17.051738+00
761675,SAIPARENT,SAIPARENT,NSE,,1,0.05,2026-07-05 08:48:17.051738+00
9539,SAKAR,SAKAR,NSE,,1,0.05,2026-07-05 08:48:17.051738+00
2969,SAKHTISUG,SAKHTISUG,NSE,,1,0.01,2026-07-05 08:48:17.051738+00
11794,SAKSOFT,SAKSOFT,NSE,,1,0.01,2026-07-05 08:48:17.051738+00
21362,SALASAR,SALASAR,NSE,,1,0.01,2026-07-05 08:48:17.051738+00
17351,SALONA,SALONA,NSE,,1,0.05,2026-07-05 08:48:17.051738+00
11399,SALZERELEC,SALZERELEC,NSE,,1,0.05,2026-07-05 08:48:17.051738+00
4127,SAMBHAAV,SAMBHAAV,NSE,,1,0.01,2026-07-05 08:48:17.051738+00
757767,SAMBHV,SAMBHV,NSE,,1,0.01,2026-07-05 08:48:17.051738+00
18614,SAMHI,SAMHI,NSE,,1,0.01,2026-07-05 08:48:17.051738+00
30125,SAMMAANCAP,SAMMAANCAP,NSE,,1,0.01,2026-07-05 08:48:17.051738+00
27303,SAMPANN,SAMPANN,NSE,,1,0.01,2026-07-05 08:48:17.051738+00
28805,SANATHAN,SANATHAN,NSE,,1,0.05,2026-07-05 08:48:17.051738+00
2988,SANDESH,SANDESH,NSE,,1,0.05,2026-07-05 08:48:17.051738+00
2397,SANDHAR,SANDHAR,NSE,,1,0.05,2026-07-05 08:48:17.051738+00
18359,SANDUMA,SANDUMA,NSE,,1,0.01,2026-07-05 08:48:17.051738+00
4184,SANGAMIND,SANGAMIND,NSE,,1,0.05,2026-07-05 08:48:17.051738+00
14058,SANGHVIMOV,SANGHVIMOV,NSE,,1,0.05,2026-07-05 08:48:17.051738+00
1442,SANOFI,SANOFI,NSE,,1,0.10,2026-07-05 08:48:17.051738+00
25222,SANOFICONR,SANOFICONR,NSE,,1,0.10,2026-07-05 08:48:17.051738+00
5751,SANSERA,SANSERA,NSE,,1,0.10,2026-07-05 08:48:17.051738+00
24582,SANSTAR,SANSTAR,NSE,,1,0.01,2026-07-05 08:48:17.051738+00
6718,SAPPHIRE,SAPPHIRE,NSE,,1,0.01,2026-07-05 08:48:17.051738+00
762874,SAPPL,SAPPL,NSE,,1,0.05,2026-07-05 08:48:17.051738+00
17758,SARDAEN,SARDAEN,NSE,,1,0.05,2026-07-05 08:48:17.051738+00
4892,SAREGAMA,SAREGAMA,NSE,,1,0.05,2026-07-05 08:48:17.051738+00
14043,SARLAPOLY,SARLAPOLY,NSE,,1,0.01,2026-07-05 08:48:17.051738+00
11983,SASKEN,SASKEN,NSE,,1,0.10,2026-07-05 08:48:17.051738+00
11045,SATIA,SATIA,NSE,,1,0.01,2026-07-05 08:48:17.051738+00
10453,SATIN,SATIN,NSE,,1,0.01,2026-07-05 08:48:17.051738+00
3018,SAURASHCEM,SAURASHCEM,NSE,,1,0.01,2026-07-05 08:48:17.051738+00
762879,SAYAJIHOTL,SAYAJIHOTL,NSE,,1,0.05,2026-07-05 08:48:17.051738+00
6792,SBC,SBC,NSE,,1,0.01,2026-07-05 08:48:17.051738+00
4656,SBCL,SBCL,NSE,,1,0.05,2026-07-05 08:48:17.051738+00
18026,SBFC,SBFC,NSE,,1,0.01,2026-07-05 08:48:17.051738+00
14139,SBGLP,SBGLP,NSE,,1,0.01,2026-07-05 08:48:17.051738+00
17971,SBICARD,SBICARD,NSE,,1,0.05,2026-07-05 08:48:17.051738+00
21808,SBILIFE,SBILIFE,NSE,,1,0.10,2026-07-05 08:48:17.051738+00
3045,SBIN,SBIN,NSE,,1,0.10,2026-07-05 08:48:17.051738+00
762884,SCANSTL,SCANSTL,NSE,,1,0.01,2026-07-05 08:48:17.051738+00
1011,SCHAEFFLER,SCHAEFFLER,NSE,,1,0.10,2026-07-05 08:48:17.051738+00
20698,SCHAND,SCHAND,NSE,,1,0.01,2026-07-05 08:48:17.051738+00
31234,SCHNEIDER,SCHNEIDER,NSE,,1,0.10,2026-07-05 08:48:17.051738+00
3048,SCI,SCI,NSE,,1,0.05,2026-07-05 08:48:17.051738+00
23127,SCILAL,SCILAL,NSE,,1,0.01,2026-07-05 08:48:17.051738+00
757478,SCODATUBES,SCODATUBES,NSE,,1,0.01,2026-07-05 08:48:17.051738+00
12072,SCPL,SCPL,NSE,,1,0.05,2026-07-05 08:48:17.051738+00
1338,SDBL,SDBL,NSE,,1,0.01,2026-07-05 08:48:17.051738+00
2616,SEAMECLTD,SEAMECLTD,NSE,,1,0.10,2026-07-05 08:48:17.051738+00
19496,SECMARK,SECMARK,NSE,,1,0.01,2026-07-05 08:48:17.051738+00
11058,SECURKLOUD,SECURKLOUD,NSE,,1,0.01,2026-07-05 08:48:17.051738+00
761153,SEDEMAC,SEDEMAC,NSE,,1,0.10,2026-07-05 08:48:17.051738+00
762889,SEIL,SEIL,NSE,,1,0.01,2026-07-05 08:48:17.051738+00
6262,SELMC,SELMC,NSE,,1,0.01,2026-07-05 08:48:17.051738+00
17271,SENCO,SENCO,NSE,,1,0.05,2026-07-05 08:48:17.051738+00
28888,SENORES,SENORES,NSE,,1,0.10,2026-07-05 08:48:17.051738+00
15308,SEPC,SEPC,NSE,,1,0.01,2026-07-05 08:48:17.051738+00
5507,SERVOTECH,SERVOTECH,NSE,,1,0.01,2026-07-05 08:48:17.051738+00
3066,SESHAPAPER,SESHAPAPER,NSE,,1,0.01,2026-07-05 08:48:17.051738+00
29075,SETL,SETL,NSE,,1,0.05,2026-07-05 08:48:17.051738+00
19184,SFL,SFL,NSE,,1,0.05,2026-07-05 08:48:17.051738+00
758853,SGFIN,SGFIN,NSE,,1,0.05,2026-07-05 08:48:17.051738+00
5114,SGIL,SGIL,NSE,,1,0.05,2026-07-05 08:48:17.051738+00
13367,SGL,SGL,NSE,,1,0.01,2026-07-05 08:48:17.051738+00
758889,SGMART,SGMART,NSE,,1,0.05,2026-07-05 08:48:17.051738+00
761469,SHADOWFAX,SHADOWFAX,NSE,,1,0.01,2026-07-05 08:48:17.051738+00
20296,SHAH,SHAH,NSE,,1,0.01,2026-07-05 08:48:17.051738+00
11856,SHAHALLOYS,SHAHALLOYS,NSE,,1,0.01,2026-07-05 08:48:17.051738+00
8727,SHAILY,SHAILY,NSE,,1,0.10,2026-07-05 08:48:17.051738+00
25574,SHAKTIPUMP,SHAKTIPUMP,NSE,,1,0.05,2026-07-05 08:48:17.051738+00
714,SHALBY,SHALBY,NSE,,1,0.01,2026-07-05 08:48:17.051738+00
15342,SHALPAINTS,SHALPAINTS,NSE,,1,0.01,2026-07-05 08:48:17.051738+00
5650,SHANTI,SHANTI,NSE,,1,0.01,2026-07-05 08:48:17.051738+00
3078,SHANTIGEAR,SHANTIGEAR,NSE,,1,0.05,2026-07-05 08:48:17.051738+00
758002,SHANTIGOLD,SHANTIGOLD,NSE,,1,0.01,2026-07-05 08:48:17.051738+00
4992,SHARDACROP,SHARDACROP,NSE,,1,0.05,2026-07-05 08:48:17.051738+00
10530,SHARDAMOTR,SHARDAMOTR,NSE,,1,0.05,2026-07-05 08:48:17.051738+00
762894,SHARDUL,SHARDUL,NSE,,1,0.01,2026-07-05 08:48:17.051738+00
104,SHAREINDIA,SHAREINDIA,NSE,,1,0.01,2026-07-05 08:48:17.051738+00
762899,SHBAJRG,SHBAJRG,NSE,,1,0.01,2026-07-05 08:48:17.051738+00
759847,SHILCTECH,SHILCTECH,NSE,,1,0.10,2026-07-05 08:48:17.051738+00
17752,SHILPAMED,SHILPAMED,NSE,,1,0.05,2026-07-05 08:48:17.051738+00
762904,SHINDL,SHINDL,NSE,,1,0.01,2026-07-05 08:48:17.051738+00
804,SHIVATEX,SHIVATEX,NSE,,1,0.01,2026-07-05 08:48:17.051738+00
759747,SHIVAUM,SHIVAUM,NSE,,1,0.05,2026-07-05 08:48:17.051738+00
11212,SHK,SHK,NSE,,1,0.01,2026-07-05 08:48:17.051738+00
11813,SHOPERSTOP,SHOPERSTOP,NSE,,1,0.05,2026-07-05 08:48:17.051738+00
708,SHRADHA,SHRADHA,NSE,,1,0.01,2026-07-05 08:48:17.051738+00
3099,SHREDIGCEM,SHREDIGCEM,NSE,,1,0.01,2026-07-05 08:48:17.051738+00
3103,SHREECEM,SHREECEM,NSE,,1,5.00,2026-07-05 08:48:17.051738+00
759448,SHREEJISPG,SHREEJISPG,NSE,,1,0.05,2026-07-05 08:48:17.051738+00
10588,SHREEPUSHK,SHREEPUSHK,NSE,,1,0.05,2026-07-05 08:48:17.051738+00
7627,SHREERAMA,SHREERAMA,NSE,,1,0.01,2026-07-05 08:48:17.051738+00
3126,SHREYANIND,SHREYANIND,NSE,,1,0.01,2026-07-05 08:48:17.051738+00
762909,SHRIKRISH,SHRIKRISH,NSE,,1,0.01,2026-07-05 08:48:17.051738+00
759093,SHRINGARMS,SHRINGARMS,NSE,,1,0.01,2026-07-05 08:48:17.051738+00
17186,SHRIPISTON,SHRIPISTON,NSE,,1,0.10,2026-07-05 08:48:17.051738+00
4306,SHRIRAMFIN,SHRIRAMFIN,NSE,,1,0.10,2026-07-05 08:48:17.051738+00
7200,SHRIRAMPPS,SHRIRAMPPS,NSE,,1,0.01,2026-07-05 08:48:17.051738+00
4693,SHYAMMETL,SHYAMMETL,NSE,,1,0.05,2026-07-05 08:48:17.051738+00
16875,SICAGEN,SICAGEN,NSE,,1,0.01,2026-07-05 08:48:17.051738+00
19434,SICALLOG,SICALLOG,NSE,,1,0.01,2026-07-05 08:48:17.051738+00
3150,SIEMENS,SIEMENS,NSE,,1,0.10,2026-07-05 08:48:17.051738+00
4522,SIGIND,SIGIND,NSE,,1,0.01,2026-07-05 08:48:17.051738+00
16658,SIGMA,SIGMA,NSE,,1,0.01,2026-07-05 08:48:17.051738+00
14793,SIGMAADV,SIGMAADV,NSE,,1,0.05,2026-07-05 08:48:17.051738+00
18743,SIGNATURE,SIGNATURE,NSE,,1,0.05,2026-07-05 08:48:17.051738+00
22656,SIGNPOST,SIGNPOST,NSE,,1,0.05,2026-07-05 08:48:17.051738+00
762914,SIKA,SIKA,NSE,,1,0.10,2026-07-05 08:48:17.051738+00
6218,SIKKO,SIKKO,NSE,,1,0.01,2026-07-05 08:48:17.051738+00
11297,SIL,SIL,NSE,,1,0.01,2026-07-05 08:48:17.051738+00
2492,SILGO,SILGO,NSE,,1,0.01,2026-07-05 08:48:17.051738+00
4105,SILINV,SILINV,NSE,,1,0.05,2026-07-05 08:48:17.051738+00
19097,SILLYMONKS,SILLYMONKS,NSE,,1,0.01,2026-07-05 08:48:17.051738+00
9422,SILVERTUC,SILVERTUC,NSE,,1,0.01,2026-07-05 08:48:17.051738+00
3162,SIMPLEXINF,SIMPLEXINF,NSE,,1,0.05,2026-07-05 08:48:17.051738+00
23480,SINCLAIR,SINCLAIR,NSE,,1,0.01,2026-07-05 08:48:17.051738+00
16859,SINDHUTRAD,SINDHUTRAD,NSE,,1,0.01,2026-07-05 08:48:17.051738+00
761420,SINGERIND,SINGERIND,NSE,,1,0.01,2026-07-05 08:48:17.051738+00
381,SINTERCOM,SINTERCOM,NSE,,1,0.01,2026-07-05 08:48:17.051738+00
11050,SIRCA,SIRCA,NSE,,1,0.05,2026-07-05 08:48:17.051738+00
21501,SIS,SIS,NSE,,1,0.05,2026-07-05 08:48:17.051738+00
14096,SIYSIL,SIYSIL,NSE,,1,0.05,2026-07-05 08:48:17.051738+00
6643,SJS,SJS,NSE,,1,0.10,2026-07-05 08:48:17.051738+00
18883,SJVN,SJVN,NSE,,1,0.01,2026-07-05 08:48:17.051738+00
3186,SKFINDIA,SKFINDIA,NSE,,1,0.10,2026-07-05 08:48:17.051738+00
760101,SKFINDUS,SKFINDUS,NSE,,1,0.10,2026-07-05 08:48:17.051738+00
9428,SKIPPER,SKIPPER,NSE,,1,0.05,2026-07-05 08:48:17.051738+00
4732,SKMEGGPROD,SKMEGGPROD,NSE,,1,0.05,2026-07-05 08:48:17.051738+00
13631,SKYGOLD,SKYGOLD,NSE,,1,0.05,2026-07-05 08:48:17.051738+00
757965,SMARTWORKS,SMARTWORKS,NSE,,1,0.05,2026-07-05 08:48:17.051738+00
2320,SMCGLOBAL,SMCGLOBAL,NSE,,1,0.01,2026-07-05 08:48:17.051738+00
3387,SMLMAH,SMLMAH,NSE,,1,0.10,2026-07-05 08:48:17.051738+00
6843,SMLT,SMLT,NSE,,1,0.01,2026-07-05 08:48:17.051738+00
14329,SMSPHARMA,SMSPHARMA,NSE,,1,0.05,2026-07-05 08:48:17.051738+00
4843,SNOWMAN,SNOWMAN,NSE,,1,0.01,2026-07-05 08:48:17.051738+00
13826,SOBHA,SOBHA,NSE,,1,0.10,2026-07-05 08:48:17.051738+00
3672,SOLARA,SOLARA,NSE,,1,0.05,2026-07-05 08:48:17.051738+00
13332,SOLARINDS,SOLARINDS,NSE,,1,1.00,2026-07-05 08:48:17.051738+00
759929,SOLARWORLD,SOLARWORLD,NSE,,1,0.01,2026-07-05 08:48:17.051738+00
759397,SOLEX,SOLEX,NSE,,1,0.10,2026-07-05 08:48:17.051738+00
3880,SOMANYCERA,SOMANYCERA,NSE,,1,0.05,2026-07-05 08:48:17.051738+00
4201,SOMATEX,SOMATEX,NSE,,1,0.01,2026-07-05 08:48:17.051738+00
17794,SOMICONVEY,SOMICONVEY,NSE,,1,0.01,2026-07-05 08:48:17.051738+00
4684,SONACOMS,SONACOMS,NSE,,1,0.05,2026-07-05 08:48:17.051738+00
762919,SONAL,SONAL,NSE,,1,0.01,2026-07-05 08:48:17.051738+00
8806,SONAMLTD,SONAMLTD,NSE,,1,0.01,2026-07-05 08:48:17.051738+00
6596,SONATSOFTW,SONATSOFTW,NSE,,1,0.05,2026-07-05 08:48:17.051738+00
3021,SOTL,SOTL,NSE,,1,0.05,2026-07-05 08:48:17.051738+00
5948,SOUTHBANK,SOUTHBANK,NSE,,1,0.01,2026-07-05 08:48:17.051738+00
9678,SOUTHWEST,SOUTHWEST,NSE,,1,0.01,2026-07-05 08:48:17.051738+00
18252,SPAL,SPAL,NSE,,1,0.10,2026-07-05 08:48:17.051738+00
11435,SPANDANA,SPANDANA,NSE,,1,0.05,2026-07-05 08:48:17.051738+00
14788,SPARC,SPARC,NSE,,1,0.01,2026-07-05 08:48:17.051738+00
19372,SPCENET,SPCENET,NSE,,1,0.01,2026-07-05 08:48:17.051738+00
27107,SPECIALITY,SPECIALITY,NSE,,1,0.01,2026-07-05 08:48:17.051738+00
30455,SPECTRUM,SPECTRUM,NSE,,1,0.10,2026-07-05 08:48:17.051738+00
8163,SPENCERS,SPENCERS,NSE,,1,0.01,2026-07-05 08:48:17.051738+00
3252,SPIC,SPIC,NSE,,1,0.01,2026-07-05 08:48:17.051738+00
11935,SPLIL,SPLIL,NSE,,1,0.01,2026-07-05 08:48:17.051738+00
9617,SPLPETRO,SPLPETRO,NSE,,1,0.05,2026-07-05 08:48:17.051738+00
3321,SPMLINFRA,SPMLINFRA,NSE,,1,0.01,2026-07-05 08:48:17.051738+00
10733,SPORTKING,SPORTKING,NSE,,1,0.01,2026-07-05 08:48:17.051738+00
25737,SRD,SRD,NSE,,1,0.01,2026-07-05 08:48:17.051738+00
31837,SREEL,SREEL,NSE,,1,0.01,2026-07-05 08:48:17.051738+00
3273,SRF,SRF,NSE,,1,0.10,2026-07-05 08:48:17.051738+00
18119,SRGHFL,SRGHFL,NSE,,1,0.05,2026-07-05 08:48:17.051738+00
14582,SRHHYPOLTD,SRHHYPOLTD,NSE,,1,0.05,2026-07-05 08:48:17.051738+00
23402,SRM,SRM,NSE,,1,0.05,2026-07-05 08:48:17.051738+00
760188,SRTL,SRTL,NSE,,1,0.01,2026-07-05 08:48:17.051738+00
24856,SSDL,SSDL,NSE,,1,0.01,2026-07-05 08:48:17.051738+00
11829,SSWL,SSWL,NSE,,1,0.01,2026-07-05 08:48:17.051738+00
29204,STALLION,STALLION,NSE,,1,0.01,2026-07-05 08:48:17.051738+00
24226,STANLEY,STANLEY,NSE,,1,0.01,2026-07-05 08:48:17.051738+00
7374,STAR,STAR,NSE,,1,0.10,2026-07-05 08:48:17.051738+00
21091,STARCEMENT,STARCEMENT,NSE,,1,0.01,2026-07-05 08:48:17.051738+00
7083,STARHEALTH,STARHEALTH,NSE,,1,0.05,2026-07-05 08:48:17.051738+00
3291,STARPAPER,STARPAPER,NSE,,1,0.01,2026-07-05 08:48:17.051738+00
9305,STARTECK,STARTECK,NSE,,1,0.05,2026-07-05 08:48:17.051738+00
10948,STCINDIA,STCINDIA,NSE,,1,0.01,2026-07-05 08:48:17.051738+00
6803,STEELCAS,STEELCAS,NSE,,1,0.05,2026-07-05 08:48:17.051738+00
10406,STEELCITY,STEELCITY,NSE,,1,0.01,2026-07-05 08:48:17.051738+00
21339,STEELXIND,STEELXIND,NSE,,1,0.01,2026-07-05 08:48:17.051738+00
21484,STEL,STEL,NSE,,1,0.05,2026-07-05 08:48:17.051738+00
2107,STOVEKRAFT,STOVEKRAFT,NSE,,1,0.05,2026-07-05 08:48:17.051738+00
759587,STUDDS,STUDDS,NSE,,1,0.05,2026-07-05 08:48:17.051738+00
759934,STYL,STYL,NSE,,1,0.05,2026-07-05 08:48:17.051738+00
5186,STYLAMIND,STYLAMIND,NSE,,1,0.10,2026-07-05 08:48:17.051738+00
19,STYRENIX,STYRENIX,NSE,,1,0.10,2026-07-05 08:48:17.051738+00
3324,SUBROS,SUBROS,NSE,,1,0.05,2026-07-05 08:48:17.051738+00
715,SUDARCOLOR,SUDARCOLOR,NSE,,1,0.05,2026-07-05 08:48:17.051738+00
3327,SUDARSCHEM,SUDARSCHEM,NSE,,1,0.05,2026-07-05 08:48:17.051738+00
760039,SUDEEPPHRM,SUDEEPPHRM,NSE,,1,0.05,2026-07-05 08:48:17.051738+00
11804,SUKHJITS,SUKHJITS,NSE,,1,0.01,2026-07-05 08:48:17.051738+00
13218,SULA,SULA,NSE,,1,0.01,2026-07-05 08:48:17.051738+00
20790,SUMEETINDS,SUMEETINDS,NSE,,1,0.01,2026-07-05 08:48:17.051738+00
17105,SUMICHEM,SUMICHEM,NSE,,1,0.05,2026-07-05 08:48:17.051738+00
21275,SUMMITSEC,SUMMITSEC,NSE,,1,0.10,2026-07-05 08:48:17.051738+00
20956,SUNCLAY,SUNCLAY,NSE,,1,0.10,2026-07-05 08:48:17.051738+00
18931,SUNDARAM,SUNDARAM,NSE,,1,0.01,2026-07-05 08:48:17.051738+00
3339,SUNDARMFIN,SUNDARMFIN,NSE,,1,0.10,2026-07-05 08:48:17.051738+00
3345,SUNDRMFAST,SUNDRMFAST,NSE,,1,0.05,2026-07-05 08:48:17.051738+00
1663,SUNDROP,SUNDROP,NSE,,1,0.05,2026-07-05 08:48:17.051738+00
3348,SUNFLAG,SUNFLAG,NSE,,1,0.05,2026-07-05 08:48:17.051738+00
3351,SUNPHARMA,SUNPHARMA,NSE,,1,0.10,2026-07-05 08:48:17.051738+00
17641,SUNTECK,SUNTECK,NSE,,1,0.05,2026-07-05 08:48:17.051738+00
13404,SUNTV,SUNTV,NSE,,1,0.05,2026-07-05 08:48:17.051738+00
20616,SUPERHOUSE,SUPERHOUSE,NSE,,1,0.01,2026-07-05 08:48:17.051738+00
11689,SUPRAJIT,SUPRAJIT,NSE,,1,0.05,2026-07-05 08:48:17.051738+00
29439,SUPREME,SUPREME,NSE,,1,0.01,2026-07-05 08:48:17.051738+00
3363,SUPREMEIND,SUPREMEIND,NSE,,1,0.10,2026-07-05 08:48:17.051738+00
15002,SUPREMEINF,SUPREMEINF,NSE,,1,0.01,2026-07-05 08:48:17.051738+00
7390,SUPRIYA,SUPRIYA,NSE,,1,0.10,2026-07-05 08:48:17.051738+00
20822,SURAJEST,SURAJEST,NSE,,1,0.01,2026-07-05 08:48:17.051738+00
24966,SURAJLTD,SURAJLTD,NSE,,1,0.01,2026-07-05 08:48:17.051738+00
27334,SURAKSHA,SURAKSHA,NSE,,1,0.05,2026-07-05 08:48:17.051738+00
21077,SURANASOL,SURANASOL,NSE,,1,0.01,2026-07-05 08:48:17.051738+00
10700,SURANAT&P,SURANAT&P,NSE,,1,0.01,2026-07-05 08:48:17.051738+00
762924,SURYALA,SURYALA,NSE,,1,0.05,2026-07-05 08:48:17.051738+00
11852,SURYALAXMI,SURYALAXMI,NSE,,1,0.01,2026-07-05 08:48:17.051738+00
3375,SURYAROSNI,SURYAROSNI,NSE,,1,0.05,2026-07-05 08:48:17.051738+00
2970,SURYODAY,SURYODAY,NSE,,1,0.01,2026-07-05 08:48:17.051738+00
11233,SUVEN,SUVEN,NSE,,1,0.05,2026-07-05 08:48:17.051738+00
2998,SUVIDHAA,SUVIDHAA,NSE,,1,0.01,2026-07-05 08:48:17.051738+00
24851,SUYOG,SUYOG,NSE,,1,0.05,2026-07-05 08:48:17.051738+00
12018,SUZLON,SUZLON,NSE,,1,0.01,2026-07-05 08:48:17.051738+00
27095,SWANCORP,SWANCORP,NSE,,1,0.05,2026-07-05 08:48:17.051738+00
3384,SWARAJENG,SWARAJENG,NSE,,1,0.10,2026-07-05 08:48:17.051738+00
11909,SWELECTES,SWELECTES,NSE,,1,0.05,2026-07-05 08:48:17.051738+00
27066,SWIGGY,SWIGGY,NSE,,1,0.01,2026-07-05 08:48:17.051738+00
12489,SWSOLAR,SWSOLAR,NSE,,1,0.01,2026-07-05 08:48:17.051738+00
24190,SYMPHONY,SYMPHONY,NSE,,1,0.05,2026-07-05 08:48:17.051738+00
11992,SYNCOMF,SYNCOMF,NSE,,1,0.01,2026-07-05 08:48:17.051738+00
10243,SYNGENE,SYNGENE,NSE,,1,0.05,2026-07-05 08:48:17.051738+00
10793,SYRMA,SYRMA,NSE,,1,0.10,2026-07-05 08:48:17.051738+00
762929,TAALTECH,TAALTECH,NSE,,1,0.10,2026-07-05 08:48:17.051738+00
3396,TAINWALCHM,TAINWALCHM,NSE,,1,0.01,2026-07-05 08:48:17.051738+00
9354,TAJGVK,TAJGVK,NSE,,1,0.05,2026-07-05 08:48:17.051738+00
13648,TALBROAUTO,TALBROAUTO,NSE,,1,0.05,2026-07-05 08:48:17.051738+00
13976,TANLA,TANLA,NSE,,1,0.05,2026-07-05 08:48:17.051738+00
23512,TARACHAND,TARACHAND,NSE,,1,0.01,2026-07-05 08:48:17.051738+00
18827,TARAPUR,TARAPUR,NSE,,1,0.01,2026-07-05 08:48:17.051738+00
1581,TARC,TARC,NSE,,1,0.01,2026-07-05 08:48:17.051738+00
15174,TARIL,TARIL,NSE,,1,0.05,2026-07-05 08:48:17.051738+00
14771,TARMAT,TARMAT,NSE,,1,0.01,2026-07-05 08:48:17.051738+00
6943,TARSONS,TARSONS,NSE,,1,0.05,2026-07-05 08:48:17.051738+00
20092,TASTYBITE,TASTYBITE,NSE,,1,0.50,2026-07-05 08:48:17.051738+00
759265,TATACAP,TATACAP,NSE,,1,0.05,2026-07-05 08:48:17.051738+00
3405,TATACHEM,TATACHEM,NSE,,1,0.05,2026-07-05 08:48:17.051738+00
3721,TATACOMM,TATACOMM,NSE,,1,0.10,2026-07-05 08:48:17.051738+00
3432,TATACONSUM,TATACONSUM,NSE,,1,0.10,2026-07-05 08:48:17.051738+00
3411,TATAELXSI,TATAELXSI,NSE,,1,0.10,2026-07-05 08:48:17.051738+00
1621,TATAINVEST,TATAINVEST,NSE,,1,0.05,2026-07-05 08:48:17.051738+00
3426,TATAPOWER,TATAPOWER,NSE,,1,0.05,2026-07-05 08:48:17.051738+00
3499,TATASTEEL,TATASTEEL,NSE,,1,0.01,2026-07-05 08:48:17.051738+00
20293,TATATECH,TATATECH,NSE,,1,0.05,2026-07-05 08:48:17.051738+00
5162,TATVA,TATVA,NSE,,1,0.10,2026-07-05 08:48:17.051738+00
23740,TBOTEK,TBOTEK,NSE,,1,0.10,2026-07-05 08:48:17.051738+00
27037,TBZ,TBZ,NSE,,1,0.01,2026-07-05 08:48:17.051738+00
761814,TCC,TCC,NSE,,1,0.05,2026-07-05 08:48:17.051738+00
10580,TCI,TCI,NSE,,1,0.05,2026-07-05 08:48:17.051738+00
19223,TCIEXP,TCIEXP,NSE,,1,0.05,2026-07-05 08:48:17.051738+00
184,TCPLPACK,TCPLPACK,NSE,,1,0.10,2026-07-05 08:48:17.051738+00
11536,TCS,TCS,NSE,,1,0.10,2026-07-05 08:48:17.051738+00
25178,TDPOWERSYS,TDPOWERSYS,NSE,,1,0.10,2026-07-05 08:48:17.051738+00
10717,TEAMGTY,TEAMGTY,NSE,,1,0.01,2026-07-05 08:48:17.051738+00
12716,TEAMLEASE,TEAMLEASE,NSE,,1,0.10,2026-07-05 08:48:17.051738+00
13538,TECHM,TECHM,NSE,,1,0.10,2026-07-05 08:48:17.051738+00
6445,TECHNOE,TECHNOE,NSE,,1,0.10,2026-07-05 08:48:17.051738+00
762939,TECHNVISN,TECHNVISN,NSE,,1,0.10,2026-07-05 08:48:17.051738+00
3453,TECILCHEM,TECILCHEM,NSE,,1,0.01,2026-07-05 08:48:17.051738+00
7105,TEGA,TEGA,NSE,,1,0.10,2026-07-05 08:48:17.051738+00
21131,TEJASNET,TEJASNET,NSE,,1,0.05,2026-07-05 08:48:17.051738+00
3275,TEMBO,TEMBO,NSE,,1,0.05,2026-07-05 08:48:17.051738+00
759880,TENNIND,TENNIND,NSE,,1,0.05,2026-07-05 08:48:17.051738+00
19292,TERASOFT,TERASOFT,NSE,,1,0.05,2026-07-05 08:48:17.051738+00
11549,TEXINFRA,TEXINFRA,NSE,,1,0.01,2026-07-05 08:48:17.051738+00
18214,TEXMOPIPES,TEXMOPIPES,NSE,,1,0.01,2026-07-05 08:48:17.051738+00
21828,TEXRAIL,TEXRAIL,NSE,,1,0.01,2026-07-05 08:48:17.051738+00
3466,TFCILTD,TFCILTD,NSE,,1,0.01,2026-07-05 08:48:17.051738+00
14319,TFL,TFL,NSE,,1,0.01,2026-07-05 08:48:17.051738+00
14607,TGBHOTELS,TGBHOTELS,NSE,,1,0.01,2026-07-05 08:48:17.051738+00
762949,THAKDEV,THAKDEV,NSE,,1,0.01,2026-07-05 08:48:17.051738+00
18118,THANGAMAYL,THANGAMAYL,NSE,,1,0.50,2026-07-05 08:48:17.051738+00
21427,THEINVEST,THEINVEST,NSE,,1,0.01,2026-07-05 08:48:17.051738+00
19279,THEJO,THEJO,NSE,,1,0.10,2026-07-05 08:48:17.051738+00
757014,THELEELA,THELEELA,NSE,,1,0.05,2026-07-05 08:48:17.051738+00
14485,THEMISMED,THEMISMED,NSE,,1,0.01,2026-07-05 08:48:17.051738+00
3475,THERMAX,THERMAX,NSE,,1,0.50,2026-07-05 08:48:17.051738+00
3481,THOMASCOOK,THOMASCOOK,NSE,,1,0.01,2026-07-05 08:48:17.051738+00
31017,THOMASCOTT,THOMASCOTT,NSE,,1,0.05,2026-07-05 08:48:17.051738+00
17032,THYROCARE,THYROCARE,NSE,,1,0.05,2026-07-05 08:48:17.051738+00
19196,TI,TI,NSE,,1,0.05,2026-07-05 08:48:17.051738+00
19501,TICL,TICL,NSE,,1,0.01,2026-07-05 08:48:17.051738+00
14223,TIIL,TIIL,NSE,,1,0.10,2026-07-05 08:48:17.051738+00
312,TIINDIA,TIINDIA,NSE,,1,0.10,2026-07-05 08:48:17.051738+00
25482,TIJARIA,TIJARIA,NSE,,1,0.01,2026-07-05 08:48:17.051738+00
3484,TIL,TIL,NSE,,1,0.01,2026-07-05 08:48:17.051738+00
14707,TIMETECHNO,TIMETECHNO,NSE,,1,0.01,2026-07-05 08:48:17.051738+00
762954,TIMEX,TIMEX,NSE,,1,0.05,2026-07-05 08:48:17.051738+00
14198,TIMKEN,TIMKEN,NSE,,1,0.10,2026-07-05 08:48:17.051738+00
756020,TINNARUBR,TINNARUBR,NSE,,1,0.05,2026-07-05 08:48:17.051738+00
11374,TIPSFILMS,TIPSFILMS,NSE,,1,0.05,2026-07-05 08:48:17.051738+00
9117,TIPSMUSIC,TIPSMUSIC,NSE,,1,0.05,2026-07-05 08:48:17.051738+00
3496,TIRUMALCHM,TIRUMALCHM,NSE,,1,0.01,2026-07-05 08:48:17.051738+00
22282,TIRUPATIFL,TIRUPATIFL,NSE,,1,0.01,2026-07-05 08:48:17.051738+00
15414,TITAGARH,TITAGARH,NSE,,1,0.05,2026-07-05 08:48:17.051738+00
3506,TITAN,TITAN,NSE,,1,0.10,2026-07-05 08:48:17.051738+00
10945,TMB,TMB,NSE,,1,0.05,2026-07-05 08:48:17.051738+00
759782,TMCV,TMCV,NSE,,1,0.05,2026-07-05 08:48:17.051738+00
3456,TMPV,TMPV,NSE,,1,0.05,2026-07-05 08:48:17.051738+00
3509,TNPETRO,TNPETRO,NSE,,1,0.01,2026-07-05 08:48:17.051738+00
3980,TNPL,TNPL,NSE,,1,0.01,2026-07-05 08:48:17.051738+00
3512,TNTELE,TNTELE,NSE,,1,0.01,2026-07-05 08:48:17.051738+00
25262,TOLINS,TOLINS,NSE,,1,0.01,2026-07-05 08:48:17.051738+00
3518,TORNTPHARM,TORNTPHARM,NSE,,1,0.10,2026-07-05 08:48:17.051738+00
13786,TORNTPOWER,TORNTPOWER,NSE,,1,0.10,2026-07-05 08:48:17.051738+00
22423,TOTAL,TOTAL,NSE,,1,0.01,2026-07-05 08:48:17.051738+00
16908,TOUCHWOOD,TOUCHWOOD,NSE,,1,0.01,2026-07-05 08:48:17.051738+00
16996,TPHQ,TPHQ,NSE,,1,0.01,2026-07-05 08:48:17.051738+00
9219,TPLPLASTEH,TPLPLASTEH,NSE,,1,0.01,2026-07-05 08:48:17.051738+00
11582,TRACXN,TRACXN,NSE,,1,0.01,2026-07-05 08:48:17.051738+00
3531,TRANSPEK,TRANSPEK,NSE,,1,0.05,2026-07-05 08:48:17.051738+00
28714,TRANSRAILL,TRANSRAILL,NSE,,1,0.05,2026-07-05 08:48:17.051738+00
757545,TRAVELFOOD,TRAVELFOOD,NSE,,1,0.10,2026-07-05 08:48:17.051738+00
25082,TREEHOUSE,TREEHOUSE,NSE,,1,0.01,2026-07-05 08:48:17.051738+00
7518,TREJHARA,TREJHARA,NSE,,1,0.01,2026-07-05 08:48:17.051738+00
17795,TREL,TREL,NSE,,1,0.01,2026-07-05 08:48:17.051738+00
1964,TRENT,TRENT,NSE,,1,0.10,2026-07-05 08:48:17.051738+00
17987,TRF,TRF,NSE,,1,0.01,2026-07-05 08:48:17.051738+00
9685,TRIDENT,TRIDENT,NSE,,1,0.01,2026-07-05 08:48:17.051738+00
5428,TRIGYN,TRIGYN,NSE,,1,0.01,2026-07-05 08:48:17.051738+00
25584,TRITURBINE,TRITURBINE,NSE,,1,0.05,2026-07-05 08:48:17.051738+00
13081,TRIVENI,TRIVENI,NSE,,1,0.05,2026-07-05 08:48:17.051738+00
9378,TRU,TRU,NSE,,1,0.01,2026-07-05 08:48:17.051738+00
759210,TRUALT,TRUALT,NSE,,1,0.05,2026-07-05 08:48:17.051738+00
2183,TSFINV,TSFINV,NSE,,1,0.05,2026-07-05 08:48:17.051738+00
11369,TTKHLTCARE,TTKHLTCARE,NSE,,1,0.05,2026-07-05 08:48:17.051738+00
3546,TTKPRESTIG,TTKPRESTIG,NSE,,1,0.05,2026-07-05 08:48:17.051738+00
14314,TTL,TTL,NSE,,1,0.01,2026-07-05 08:48:17.051738+00
8954,TTML,TTML,NSE,,1,0.01,2026-07-05 08:48:17.051738+00
756090,TURTLEMINT,TURTLEMINT,NSE,,1,0.01,2026-07-05 08:48:17.051738+00
11265,TVSELECT,TVSELECT,NSE,,1,0.05,2026-07-05 08:48:17.051738+00
29008,TVSHLTD,TVSHLTD,NSE,,1,1.00,2026-07-05 08:48:17.051738+00
8479,TVSMOTOR,TVSMOTOR,NSE,,1,0.10,2026-07-05 08:48:17.051738+00
18151,TVSSCS,TVSSCS,NSE,,1,0.01,2026-07-05 08:48:17.051738+00
14245,TVSSRICHAK,TVSSRICHAK,NSE,,1,0.10,2026-07-05 08:48:17.051738+00
11275,TVTODAY,TVTODAY,NSE,,1,0.01,2026-07-05 08:48:17.051738+00
18504,TVVISION,TVVISION,NSE,,1,0.01,2026-07-05 08:48:17.051738+00
16713,UBL,UBL,NSE,,1,0.10,2026-07-05 08:48:17.051738+00
3570,UCAL,UCAL,NSE,,1,0.01,2026-07-05 08:48:17.051738+00
11223,UCOBANK,UCOBANK,NSE,,1,0.01,2026-07-05 08:48:17.051738+00
19113,UDS,UDS,NSE,,1,0.01,2026-07-05 08:48:17.051738+00
23507,UEL,UEL,NSE,,1,0.01,2026-07-05 08:48:17.051738+00
3127,UFBL,UFBL,NSE,,1,0.05,2026-07-05 08:48:17.051738+00
1053,UFLEX,UFLEX,NSE,,1,0.05,2026-07-05 08:48:17.051738+00
9039,UFO,UFO,NSE,,1,0.01,2026-07-05 08:48:17.051738+00
19578,UGARSUGAR,UGARSUGAR,NSE,,1,0.01,2026-07-05 08:48:17.051738+00
5313,UGROCAP,UGROCAP,NSE,,1,0.01,2026-07-05 08:48:17.051738+00
15228,UJJIVANSFB,UJJIVANSFB,NSE,,1,0.01,2026-07-05 08:48:17.051738+00
11532,ULTRACEMCO,ULTRACEMCO,NSE,,1,1.00,2026-07-05 08:48:17.051738+00
762961,ULTRAMAR,ULTRAMAR,NSE,,1,0.05,2026-07-05 08:48:17.051738+00
19142,UMESLTD,UMESLTD,NSE,,1,0.01,2026-07-05 08:48:17.051738+00
8998,UMIYA-MRO,UMIYA-MRO,NSE,,1,0.01,2026-07-05 08:48:17.051738+00
3579,UNICHEMLAB,UNICHEMLAB,NSE,,1,0.05,2026-07-05 08:48:17.051738+00
24809,UNIECOM,UNIECOM,NSE,,1,0.01,2026-07-05 08:48:17.051738+00
11293,UNIENTER,UNIENTER,NSE,,1,0.01,2026-07-05 08:48:17.051738+00
28960,UNIMECH,UNIMECH,NSE,,1,0.10,2026-07-05 08:48:17.051738+00
10753,UNIONBANK,UNIONBANK,NSE,,1,0.01,2026-07-05 08:48:17.051738+00
13057,UNIPARTS,UNIPARTS,NSE,,1,0.05,2026-07-05 08:48:17.051738+00
10447,UNITDSPR,UNITDSPR,NSE,,1,0.10,2026-07-05 08:48:17.051738+00
3594,UNITECH,UNITECH,NSE,,1,0.01,2026-07-05 08:48:17.051738+00
17999,UNITEDTEA,UNITEDTEA,NSE,,1,0.05,2026-07-05 08:48:17.051738+00
3607,UNIVCABLES,UNIVCABLES,NSE,,1,0.10,2026-07-05 08:48:17.051738+00
14154,UNOMINDA,UNOMINDA,NSE,,1,0.10,2026-07-05 08:48:17.051738+00
11287,UPL,UPL,NSE,,1,0.05,2026-07-05 08:48:17.051738+00
759084,URBANCO,URBANCO,NSE,,1,0.01,2026-07-05 08:48:17.051738+00
20203,URJA,URJA,NSE,,1,0.01,2026-07-05 08:48:17.051738+00
8840,USHAMART,USHAMART,NSE,,1,0.05,2026-07-05 08:48:17.051738+00
14871,USK,USK,NSE,,1,0.01,2026-07-05 08:48:17.051738+00
527,UTIAMC,UTIAMC,NSE,,1,0.05,2026-07-05 08:48:17.051738+00
17358,UTKARSHBNK,UTKARSHBNK,NSE,,1,0.01,2026-07-05 08:48:17.051738+00
759876,UTLSOLAR,UTLSOLAR,NSE,,1,0.05,2026-07-05 08:48:17.051738+00
13376,UTTAMSUGAR,UTTAMSUGAR,NSE,,1,0.01,2026-07-05 08:48:17.051738+00
25626,UYFINCORP,UYFINCORP,NSE,,1,0.01,2026-07-05 08:48:17.051738+00
14766,V2RETAIL,V2RETAIL,NSE,,1,0.01,2026-07-05 08:48:17.051738+00
24196,VADILALIND,VADILALIND,NSE,,1,0.50,2026-07-05 08:48:17.051738+00
11364,VAIBHAVGBL,VAIBHAVGBL,NSE,,1,0.01,2026-07-05 08:48:17.051738+00
13342,VAKRANGEE,VAKRANGEE,NSE,,1,0.01,2026-07-05 08:48:17.051738+00
750174,VAML,VAML,NSE,,1,0.05,2026-07-05 08:48:17.051738+00
3646,VARDMNPOLY,VARDMNPOLY,NSE,,1,0.01,2026-07-05 08:48:17.051738+00
3857,VARROC,VARROC,NSE,,1,0.05,2026-07-05 08:48:17.051738+00
25340,VASWANI,VASWANI,NSE,,1,0.01,2026-07-05 08:48:17.051738+00
18921,VBL,VBL,NSE,,1,0.05,2026-07-05 08:48:17.051738+00
9020,VCL,VCL,NSE,,1,0.01,2026-07-05 08:48:17.051738+00
3063,VEDL,VEDL,NSE,,1,0.05,2026-07-05 08:48:17.051738+00
750518,VEDPOWER,VEDPOWER,NSE,,1,0.01,2026-07-05 08:48:17.051738+00
14019,VEEDOL,VEEDOL,NSE,,1,0.10,2026-07-05 08:48:17.051738+00
3757,VENKEYS,VENKEYS,NSE,,1,0.10,2026-07-05 08:48:17.051738+00
28847,VENTIVE,VENTIVE,NSE,,1,0.05,2026-07-05 08:48:17.051738+00
9592,VENUSPIPES,VENUSPIPES,NSE,,1,0.10,2026-07-05 08:48:17.051738+00
8890,VERANDA,VERANDA,NSE,,1,0.01,2026-07-05 08:48:17.051738+00
3676,VESUVIUS,VESUVIUS,NSE,,1,0.05,2026-07-05 08:48:17.051738+00
13771,VGL,VGL,NSE,,1,0.01,2026-07-05 08:48:17.051738+00
15362,VGUARD,VGUARD,NSE,,1,0.05,2026-07-05 08:48:17.051738+00
11892,VHL,VHL,NSE,,1,0.10,2026-07-05 08:48:17.051738+00
13536,VIDHIING,VIDHIING,NSE,,1,0.05,2026-07-05 08:48:17.051738+00
760224,VIDYAWIRES,VIDYAWIRES,NSE,,1,0.01,2026-07-05 08:48:17.051738+00
5585,VIJAYA,VIJAYA,NSE,,1,0.10,2026-07-05 08:48:17.051738+00
25756,VIKASECO,VIKASECO,NSE,,1,0.01,2026-07-05 08:48:17.051738+00
9931,VIKASLIFE,VIKASLIFE,NSE,,1,0.01,2026-07-05 08:48:17.051738+00
759453,VIKRAMSOLR,VIKRAMSOLR,NSE,,1,0.01,2026-07-05 08:48:17.051738+00
758973,VIKRAN,VIKRAN,NSE,,1,0.01,2026-07-05 08:48:17.051738+00
13101,VIMTALABS,VIMTALABS,NSE,,1,0.05,2026-07-05 08:48:17.051738+00
17364,VINATIORGA,VINATIORGA,NSE,,1,0.10,2026-07-05 08:48:17.051738+00
25835,VINCOFE,VINCOFE,NSE,,1,0.01,2026-07-05 08:48:17.051738+00
3694,VINDHYATEL,VINDHYATEL,NSE,,1,0.10,2026-07-05 08:48:17.051738+00
12490,VINNY,VINNY,NSE,,1,0.01,2026-07-05 08:48:17.051738+00
16821,VINYLINDIA,VINYLINDIA,NSE,,1,0.05,2026-07-05 08:48:17.051738+00
3703,VIPIND,VIPIND,NSE,,1,0.05,2026-07-05 08:48:17.051738+00
8424,VIPULLTD,VIPULLTD,NSE,,1,0.01,2026-07-05 08:48:17.051738+00
15295,VIRINCHI,VIRINCHI,NSE,,1,0.01,2026-07-05 08:48:17.051738+00
4221,VISAKAIND,VISAKAIND,NSE,,1,0.01,2026-07-05 08:48:17.051738+00
6908,VISHNU,VISHNU,NSE,,1,0.05,2026-07-05 08:48:17.051738+00
13702,VISHWARAJ,VISHWARAJ,NSE,,1,0.01,2026-07-05 08:48:17.051738+00
750290,VISL,VISL,NSE,,1,0.01,2026-07-05 08:48:17.051738+00
29877,VIVIDHA,VIVIDHA,NSE,,1,0.01,2026-07-05 08:48:17.051738+00
14296,VIYASH,VIYASH,NSE,,1,0.05,2026-07-05 08:48:17.051738+00
3715,VLSFINANCE,VLSFINANCE,NSE,,1,0.05,2026-07-05 08:48:17.051738+00
29284,VMART,VMART,NSE,,1,0.05,2026-07-05 08:48:17.051738+00
27969,VMM,VMM,NSE,,1,0.01,2026-07-05 08:48:17.051738+00
761916,VOEPL,VOEPL,NSE,,1,0.05,2026-07-05 08:48:17.051738+00
750368,VOGL,VOGL,NSE,,1,0.01,2026-07-05 08:48:17.051738+00
13577,VOLTAMP,VOLTAMP,NSE,,1,1.00,2026-07-05 08:48:17.051738+00
3718,VOLTAS,VOLTAS,NSE,,1,0.10,2026-07-05 08:48:17.051738+00
24321,VRAJ,VRAJ,NSE,,1,0.01,2026-07-05 08:48:17.051738+00
8696,VRLLOG,VRLLOG,NSE,,1,0.01,2026-07-05 08:48:17.051738+00
27067,VSSL,VSSL,NSE,,1,0.05,2026-07-05 08:48:17.051738+00
3724,VSTIND,VSTIND,NSE,,1,0.05,2026-07-05 08:48:17.051738+00
22730,VSTL,VSTL,NSE,,1,0.01,2026-07-05 08:48:17.051738+00
24292,VSTTILLERS,VSTTILLERS,NSE,,1,0.10,2026-07-05 08:48:17.051738+00
2073,VTL,VTL,NSE,,1,0.05,2026-07-05 08:48:17.051738+00
25907,WAAREEENER,WAAREEENER,NSE,,1,0.10,2026-07-05 08:48:17.051738+00
19955,WAAREEINDO,WAAREEINDO,NSE,,1,0.05,2026-07-05 08:48:17.051738+00
756038,WAAREERTL,WAAREERTL,NSE,,1,0.10,2026-07-05 08:48:17.051738+00
20188,WABAG,WABAG,NSE,,1,0.10,2026-07-05 08:48:17.051738+00
760259,WAKEFIT,WAKEFIT,NSE,,1,0.01,2026-07-05 08:48:17.051738+00
3736,WALCHANNAG,WALCHANNAG,NSE,,1,0.05,2026-07-05 08:48:17.051738+00
14063,WANBURY,WANBURY,NSE,,1,0.05,2026-07-05 08:48:17.051738+00
25403,WCIL,WCIL,NSE,,1,0.01,2026-07-05 08:48:17.051738+00
1923,WEALTH,WEALTH,NSE,,1,0.05,2026-07-05 08:48:17.051738+00
14602,WEBELSOLAR,WEBELSOLAR,NSE,,1,0.01,2026-07-05 08:48:17.051738+00
3748,WEIZMANIND,WEIZMANIND,NSE,,1,0.01,2026-07-05 08:48:17.051738+00
7835,WEL,WEL,NSE,,1,0.01,2026-07-05 08:48:17.051738+00
11821,WELCORP,WELCORP,NSE,,1,0.10,2026-07-05 08:48:17.051738+00
11626,WELENT,WELENT,NSE,,1,0.05,2026-07-05 08:48:17.051738+00
762971,WELSPLSOL,WELSPLSOL,NSE,,1,0.01,2026-07-05 08:48:17.051738+00
11253,WELSPUNLIV,WELSPUNLIV,NSE,,1,0.01,2026-07-05 08:48:17.051738+00
4235,WENDT,WENDT,NSE,,1,0.50,2026-07-05 08:48:17.051738+00
11580,WESTLIFE,WESTLIFE,NSE,,1,0.05,2026-07-05 08:48:17.051738+00
759434,WEWORK,WEWORK,NSE,,1,0.05,2026-07-05 08:48:17.051738+00
3766,WHEELS,WHEELS,NSE,,1,0.10,2026-07-05 08:48:17.051738+00
18011,WHIRLPOOL,WHIRLPOOL,NSE,,1,0.05,2026-07-05 08:48:17.051738+00
3772,WILLAMAGOR,WILLAMAGOR,NSE,,1,0.01,2026-07-05 08:48:17.051738+00
5366,WINDLAS,WINDLAS,NSE,,1,0.05,2026-07-05 08:48:17.051738+00
24969,WINDMACHIN,WINDMACHIN,NSE,,1,0.05,2026-07-05 08:48:17.051738+00
20481,WIPL,WIPL,NSE,,1,0.01,2026-07-05 08:48:17.051738+00
3787,WIPRO,WIPRO,NSE,,1,0.01,2026-07-05 08:48:17.051738+00
7506,WOCKPHARMA,WOCKPHARMA,NSE,,1,0.10,2026-07-05 08:48:17.051738+00
3002,WONDERLA,WONDERLA,NSE,,1,0.05,2026-07-05 08:48:17.051738+00
22277,WORTHPERI,WORTHPERI,NSE,,1,0.01,2026-07-05 08:48:17.051738+00
762978,WPIL,WPIL,NSE,,1,0.05,2026-07-05 08:48:17.051738+00
14828,WSI,WSI,NSE,,1,0.01,2026-07-05 08:48:17.051738+00
3799,WSTCSTPAPR,WSTCSTPAPR,NSE,,1,0.05,2026-07-05 08:48:17.051738+00
11705,XCHANGING,XCHANGING,NSE,,1,0.01,2026-07-05 08:48:17.051738+00
8477,XELPMOC,XELPMOC,NSE,,1,0.01,2026-07-05 08:48:17.051738+00
11407,XPROINDIA,XPROINDIA,NSE,,1,0.10,2026-07-05 08:48:17.051738+00
25235,XTGLOBAL,XTGLOBAL,NSE,,1,0.01,2026-07-05 08:48:17.051738+00
18131,YASHO,YASHO,NSE,,1,0.10,2026-07-05 08:48:17.051738+00
17738,YATHARTH,YATHARTH,NSE,,1,0.05,2026-07-05 08:48:17.051738+00
18760,YATRA,YATRA,NSE,,1,0.01,2026-07-05 08:48:17.051738+00
11915,YESBANK,YESBANK,NSE,,1,0.01,2026-07-05 08:48:17.051738+00
5501,YUKEN,YUKEN,NSE,,1,0.05,2026-07-05 08:48:17.051738+00
18608,ZAGGLE,ZAGGLE,NSE,,1,0.01,2026-07-05 08:48:17.051738+00
3812,ZEEL,ZEEL,NSE,,1,0.01,2026-07-05 08:48:17.051738+00
14003,ZEEMEDIA,ZEEMEDIA,NSE,,1,0.01,2026-07-05 08:48:17.051738+00
4176,ZENITHEXPO,ZENITHEXPO,NSE,,1,0.01,2026-07-05 08:48:17.051738+00
14562,ZENITHSTL,ZENITHSTL,NSE,,1,0.01,2026-07-05 08:48:17.051738+00
1076,ZENSARTECH,ZENSARTECH,NSE,,1,0.05,2026-07-05 08:48:17.051738+00
7508,ZENTEC,ZENTEC,NSE,,1,0.10,2026-07-05 08:48:17.051738+00
16915,ZFCVINDIA,ZFCVINDIA,NSE,,1,0.10,2026-07-05 08:48:17.051738+00
4229,ZFSTEERING,ZFSTEERING,NSE,,1,0.05,2026-07-05 08:48:17.051738+00
3821,ZODIACLOTH,ZODIACLOTH,NSE,,1,0.01,2026-07-05 08:48:17.051738+00
11394,ZOTA,ZOTA,NSE,,1,0.10,2026-07-05 08:48:17.051738+00
762985,ZSARACOM,ZSARACOM,NSE,,1,0.50,2026-07-05 08:48:17.051738+00
29050,ZUARI,ZUARI,NSE,,1,0.01,2026-07-05 08:48:17.051738+00
3827,ZUARIIND,ZUARIIND,NSE,,1,0.05,2026-07-05 08:48:17.051738+00
7929,ZYDUSLIFE,ZYDUSLIFE,NSE,,1,0.10,2026-07-05 08:48:17.051738+00
17635,ZYDUSWELL,ZYDUSWELL,NSE,,1,0.05,2026-07-05 08:48:17.051738+00
